file,cell_type,phi,hours,n_expert,meanq_expert,meanarea_expert,n_ours,meanq_ours,meanarea_ours,n_conncomp,meanq_conncomp,meanarea_conncomp,n_oursalt,meanq_oursalt,meanarea_oursalt,n_cellpose,meanq_cellpose,meanarea_cellpose
BT474_Phase_D3_1_04d04h00m_3.tif,BT474,0.40317652207168064,100.0,268,4.277625946960149,442.1940298507463,215,4.27832750576773,473.846511627907,15,5.498756671433269,2261.0666666666666,83,4.591347542215644,1003.289156626506,175,4.111925162367707,496.90285714285716
BT474_Phase_D3_2_03d04h00m_2.tif,BT474,0.22012091359812172,76.0,125,4.321876235257663,601.808,171,4.219970526623359,488.2456140350877,22,4.278287761737922,2969.7272727272725,79,4.300937641235164,949.5189873417721,124,4.201441600700289,597.2016129032259
BT474_Phase_D3_1_01d12h00m_4.tif,BT474,0.21209833711210496,36.0,155,4.246408204112415,438.47741935483873,137,4.1330436440605185,484.40875912408757,42,4.648289859414505,1369.7142857142858,81,4.155995938237957,709.9012345679013,115,4.112598531787228,536.1130434782609
BT474_Phase_D3_2_04d16h00m_1.tif,BT474,0.3384119685587869,112.0,250,4.283749727112392,431.464,290,4.227129140138696,446.2413793103448,10,5.036189032323412,3550.9,121,4.511098045584656,940.5454545454545,230,4.113093179099611,471.75652173913045
BT474_Phase_D3_2_00d12h00m_3.tif,BT474,0.14464582359046887,12.0,104,4.115364714915358,472.28846153846155,120,4.073370797652969,419.85,46,4.399266753296862,1014.1304347826087,94,4.109882996788006,535.0531914893617,104,4.140050943941694,447.88461538461536
BT474_Phase_D3_1_04d04h00m_4.tif,BT474,0.3331250180288514,100.0,237,4.296361268347466,452.64978902953584,237,4.265215916017961,459.42616033755274,15,4.997210840814123,2853.866666666667,103,4.473295313349395,912.4077669902913,174,4.171308952123892,516.6954022988506
BT474_Phase_D3_1_03d16h00m_3.tif,BT474,0.36647837672092787,88.0,189,4.316771507746902,561.7037037037037,207,4.270406812778105,511.8502415458937,9,4.9574109268547675,3779.8888888888887,85,4.5073092129525545,1033.6,155,4.116636292211052,547.1870967741935
BT474_Phase_D3_1_02d12h00m_4.tif,BT474,0.27407441187718073,60.0,134,4.278948313814552,649.8283582089553,185,4.234272164750436,502.74594594594595,23,4.978642187498848,2652.3478260869565,93,4.354960973017859,865.1612903225806,126,4.185407447174621,558.4206349206349
BT474_Phase_D3_1_01d12h00m_2.tif,BT474,0.24591011431927132,36.0,175,4.254579034202717,434.37142857142857,165,4.138509476356459,489.3818181818182,38,4.241506274941743,1737.0526315789473,98,4.1903634094390165,759.3673469387755,138,4.100331889990289,507.04347826086956
BT474_Phase_D3_2_02d00h00m_2.tif,BT474,0.23880052147071634,48.0,130,4.2979640566833535,577.9153846153846,164,4.1953667706223134,478.5975609756098,25,4.2781640976515405,2229.8,70,4.33890651579985,991.3428571428572,106,4.126859253248309,639.9622641509434
BT474_Phase_D3_2_00d16h00m_2.tif,BT474,0.16428180971372297,16.0,97,4.191682984952197,557.6494845360825,111,4.087087069773512,472.5855855855856,42,4.157503457307901,1231.7142857142858,76,4.106692595229573,680.6842105263158,91,4.0942740797317585,510.38461538461536
BT474_Phase_D3_2_04d04h00m_2.tif,BT474,0.25317132785183416,100.0,155,4.298511618241242,557.3032258064516,197,4.205358695601576,471.48730964467006,16,4.722413564570074,3569.8125,83,4.43826746480766,967.277108433735,122,4.112834590563261,569.327868852459
BT474_Phase_D3_2_03d16h00m_4.tif,BT474,0.2692017931872794,88.0,175,4.246090261965299,515.8971428571429,198,4.232811674248133,486.72222222222223,20,5.007366811161589,3683.7,94,4.400710435471898,959.8297872340426,149,4.115048838301091,531.3892617449665
BT474_Phase_D3_1_01d16h00m_2.tif,BT474,0.24760161221590496,40.0,169,4.323354623175758,465.20710059171597,193,4.128024485287225,465.3419689119171,35,4.234988867715735,2073.4285714285716,102,4.197957276179506,824.4509803921569,155,4.11295590361301,502.0967741935484
BT474_Phase_D3_2_04d16h00m_4.tif,BT474,0.21926153900785944,112.0,145,4.190745588980104,501.8344827586207,191,4.334783619053674,494.0418848167539,24,5.40486352859677,2404.9166666666665,91,4.561355100557161,874.6813186813187,153,4.126118983518743,498.32026143790847
BT474_Phase_D3_2_04d04h00m_3.tif,BT474,0.34033162956184143,100.0,227,4.293906522626908,485.40088105726875,221,4.2363499565196845,466.3122171945701,21,4.34502556979389,1373.2380952380952,101,4.421098182050011,836.0792079207921,170,4.061985489694252,526.2529411764706
BT474_Phase_D3_1_01d12h00m_3.tif,BT474,0.2341975229458027,36.0,156,4.236206851930747,428.4871794871795,143,4.157248436513025,446.3706293706294,31,4.540498982107555,1485.4193548387098,85,4.248405501581817,657.3764705882353,123,4.0882313948616185,467.1951219512195
BT474_Phase_D3_1_02d12h00m_2.tif,BT474,0.3216514752239969,60.0,201,4.2664452831639155,508.1393034825871,195,4.207052698419635,510.1333333333333,24,4.919823357108478,3184.125,100,4.312902388744751,921.27,158,4.176878998470376,541.3987341772151
BT474_Phase_D3_1_04d12h00m_2.tif,BT474,0.44557911617679125,108.0,352,4.247280009475265,400.30965909090907,256,4.310624332740856,519.27734375,15,4.84373164759735,3160.733333333333,98,4.567430183107293,1182.9591836734694,241,4.059475789620914,449.90871369294604
BT474_Phase_D3_2_01d12h00m_3.tif,BT474,0.20702487953452953,36.0,119,4.286860578399503,532.3193277310925,145,4.119533440745747,479.3103448275862,32,4.408153842239216,1764.40625,87,4.122033377970624,724.528735632184,110,4.076801244115611,543.0181818181818
BT474_Phase_D3_2_03d16h00m_2.tif,BT474,0.2563362800480805,88.0,156,4.294766245630731,540.0320512820513,168,4.217187478731592,513.8928571428571,16,4.902340940379564,3818.0,74,4.448439201888802,1063.2027027027027,116,4.158689811871925,593.3189655172414
BT474_Phase_D3_2_01d00h00m_2.tif,BT474,0.18796682378168386,24.0,108,4.263578139634152,558.4814814814815,119,4.158110999728286,518.4621848739496,36,4.269308750240241,1406.7222222222222,65,4.217044135704856,842.0769230769231,98,4.125938567312491,544.5714285714286
BT474_Phase_D3_1_02d12h00m_3.tif,BT474,0.30294466346153365,60.0,174,4.257081185855484,494.9942528735632,172,4.3440552558586685,501.9651162790698,20,4.966925615666434,2256.4,71,4.478262840258644,958.7042253521126,136,4.167532578045801,535.9705882352941
BT474_Phase_D3_1_01d04h00m_2.tif,BT474,0.2041622507375329,28.0,145,4.17073494328156,461.0344827586207,162,4.141542187240235,458.08024691358025,41,4.287534790389021,1552.878048780488,89,4.195016748539308,749.2696629213483,134,4.17320214776069,466.8358208955224
BT474_Phase_D3_2_04d12h00m_4.tif,BT474,0.26659115493882024,108.0,182,4.315107833425727,469.2692307692308,207,4.302242020535514,478.1352657004831,20,5.553152054795995,2824.65,96,4.609658093521565,892.2916666666666,155,4.121356798719091,507.9032258064516
BT474_Phase_D3_2_04d00h00m_1.tif,BT474,0.3145288203398186,96.0,206,4.244691065215262,497.72330097087377,238,4.27085432799456,505.0,15,5.262193015512812,4539.533333333334,104,4.514617284971593,1023.9038461538462,183,4.120404885861466,525.7103825136612
BT474_Phase_D3_1_04d00h00m_3.tif,BT474,0.3283701934003352,96.0,163,4.287189780124356,582.6564417177914,235,4.2545448652274445,472.53617021276597,9,5.642301483542252,3878.1111111111113,89,4.543883864305571,987.8988764044943,157,4.122881262813517,554.7515923566879
BT474_Phase_D3_2_00d12h00m_4.tif,BT474,0.15374611423731985,12.0,101,4.209921277082006,486.66336633663366,114,4.047803532085515,425.4736842105263,42,4.299312033262517,1072.8095238095239,90,4.055319158274499,516.6666666666666,102,4.117515753593995,448.19607843137254
BT474_Phase_D3_2_03d16h00m_3.tif,BT474,0.33589687718531885,88.0,210,4.2215922600768785,514.447619047619,213,4.19465073712158,489.76525821596243,22,4.264321793276328,1121.8636363636363,110,4.295778775975937,774.0090909090909,158,4.094772549944219,557.9620253164557
BT474_Phase_D3_2_01d12h00m_4.tif,BT474,0.19803827742570204,36.0,123,4.315288305867802,529.6260162601626,154,4.236302751110514,494.02597402597405,27,4.599972002976549,2080.3333333333335,82,4.344478741663685,793.1951219512196,118,4.150171428004708,544.3220338983051
BT474_Phase_D3_1_01d00h00m_4.tif,BT474,0.2022098557692316,24.0,115,4.1799257140295225,594.8869565217391,130,4.085045065727979,510.60769230769233,43,4.292885278853437,1499.0697674418604,86,4.133300419702138,749.5348837209302,112,4.125802266472943,540.4017857142857
BT474_Phase_D3_2_02d04h00m_4.tif,BT474,0.21660015829873921,52.0,141,4.116912898059491,516.7234042553191,192,4.158835003021561,466.9010416666667,31,4.5417654871203075,2234.1290322580644,99,4.258814527918187,785.6363636363636,133,4.111902513546446,578.2481203007519
BT474_Phase_D3_1_04d04h00m_1.tif,BT474,0.31429552365603314,100.0,149,4.268968168316866,619.5302013422819,207,4.230790153386706,528.5265700483092,16,4.936530946754381,4474.1875,82,4.536224764755797,1174.060975609756,155,4.125173512318339,550.3225806451613
BT474_Phase_D3_2_01d16h00m_1.tif,BT474,0.2760247847465017,40.0,182,4.368441813868179,498.52197802197804,162,4.222327682604712,559.2222222222222,31,4.562962166945734,2265.032258064516,98,4.277549083413808,858.295918367347,144,4.178193560858036,566.5069444444445
BT474_Phase_D3_2_02d00h00m_3.tif,BT474,0.23888054441651768,48.0,148,4.3211739985700275,499.89864864864865,170,4.106746420294029,439.9117647058824,24,4.344371898870741,2195.1666666666665,88,4.2146240913403865,755.4318181818181,131,4.106821154203555,505.53435114503816
BT474_Phase_D3_1_04d16h00m_1.tif,BT474,0.3466238760653429,112.0,168,4.171910994063386,603.7142857142857,230,4.231560768568879,519.7695652173913,13,4.925564630965051,3872.5384615384614,97,4.465814155452682,990.5670103092783,181,4.116388122338183,551.3370165745856
BT474_Phase_D3_1_01d00h00m_2.tif,BT474,0.2156675400185718,24.0,158,4.241817932248491,427.50632911392404,146,4.117415500138666,472.36301369863014,44,4.2968334740718594,1362.6818181818182,89,4.1441408692007675,710.6741573033707,119,4.099475488596088,494.84033613445376
BT474_Phase_D3_1_02d00h00m_2.tif,BT474,0.32600105059003437,48.0,170,4.463165953836295,612.6235294117647,208,4.153613635365015,466.7980769230769,29,4.477786094541427,2590.5172413793102,104,4.259201238862638,834.5192307692307,157,4.168512073566862,536.8980891719746
BT474_Phase_D3_1_00d16h00m_2.tif,BT474,0.16363332126857172,16.0,130,4.257855135746031,404.26153846153846,122,4.098029241358975,457.4344262295082,45,4.26198121912625,1115.0444444444445,84,4.0842476131848615,635.452380952381,110,4.094088883182796,461.72727272727275
BT474_Phase_D3_2_01d16h00m_4.tif,BT474,0.24451717179304336,40.0,147,4.291572511693721,514.7823129251701,147,4.155756298846945,481.0748299319728,25,4.2746671870631525,2303.72,92,4.219756209351386,694.2934782608696,120,4.15657447366122,549.0
BT474_Phase_D3_1_02d04h00m_1.tif,BT474,0.2309991201376701,52.0,138,4.373182143343735,514.231884057971,161,4.199079887536967,487.54037267080747,24,4.280905353321528,2135.2083333333335,63,4.2602982183324,931.0952380952381,121,4.200519385081078,552.595041322314
BT474_Phase_D3_2_02d12h00m_4.tif,BT474,0.2565721388767562,60.0,148,4.328434419871548,532.6824324324324,179,4.1710293705013095,507.70949720670393,25,4.450942179759802,2628.56,104,4.296051728092751,796.6538461538462,134,4.147092471785698,593.9850746268656
BT474_Phase_D3_2_03d04h00m_4.tif,BT474,0.2675810895159557,76.0,152,4.247171832295489,551.921052631579,185,4.217086460164158,510.4864864864865,24,4.923019558980023,2845.7083333333335,90,4.463913068569005,982.2222222222222,130,4.110314799606513,608.723076923077
BT474_Phase_D3_2_00d12h00m_2.tif,BT474,0.12337337631118939,12.0,73,4.1111734919133385,563.8356164383562,87,4.018895869574656,505.1264367816092,44,4.1828995791254036,985.1136363636364,74,4.007900475902838,543.2702702702703,86,4.006040037923512,479.4651162790698
BT474_Phase_D3_1_01d04h00m_4.tif,BT474,0.19028002117024137,28.0,116,4.1964561754686605,536.0,125,4.1716137415183585,530.528,43,4.352497996587321,1316.6046511627908,80,4.225636346565672,757.3,105,4.121867782617394,562.7523809523809
BT474_Phase_D3_1_03d16h00m_1.tif,BT474,0.34618983405266135,88.0,163,4.380564196223096,617.4969325153374,188,4.23963750411565,540.6010638297872,17,4.597092350014999,3125.0,76,4.377764948422856,1029.8552631578948,134,4.155031396686349,608.9179104477612
BT474_Phase_D3_1_03d00h00m_1.tif,BT474,0.2763771961046688,72.0,203,4.188832171439451,432.8226600985222,175,4.225105164791411,549.4685714285714,22,4.518118351520839,3034.4545454545455,85,4.3247680902872165,957.3529411764706,130,4.129047176183186,630.0846153846154
BT474_Phase_D3_2_02d00h00m_1.tif,BT474,0.2533549841564697,48.0,160,4.322364038330937,507.80625,182,4.1922505652471465,505.4120879120879,29,4.585790057382327,2462.4137931034484,91,4.3084836297299525,909.065934065934,135,4.188711869448843,537.2740740740741
BT474_Phase_D3_2_04d04h00m_1.tif,BT474,0.3452912509560758,100.0,240,4.232790021882911,468.4625,237,4.2988732455415715,496.0632911392405,10,5.112890834660604,4048.2,102,4.525136885915693,1027.862745098039,196,4.148313419674599,514.0051020408164
BT474_Phase_D3_1_01d04h00m_3.tif,BT474,0.19637172038897363,28.0,131,4.187025272113527,441.8396946564886,147,4.120189157542515,419.38775510204084,29,4.296208223262692,1473.8620689655172,86,4.178301684864076,672.6162790697674,112,4.103150882042954,486.2142857142857
BT474_Phase_D3_2_03d12h00m_1.tif,BT474,0.3145911541193231,84.0,184,4.302367215759404,572.2934782608696,224,4.2076066689567515,511.5669642857143,16,5.384602179414205,4979.0,108,4.415964300277089,975.7592592592592,171,4.159988246697202,544.3099415204679
BT474_Phase_D3_1_02d04h00m_3.tif,BT474,0.24030519831730948,52.0,174,4.25649353903506,409.7068965517241,174,4.216275029539288,462.48850574712645,23,4.698327455300324,2015.4347826086957,77,4.415257997305978,875.0,131,4.124976833104787,511.7709923664122
BT474_Phase_D3_1_00d16h00m_3.tif,BT474,0.16008786918159063,16.0,123,4.19228560060317,400.0569105691057,128,4.018934089485281,424.78125,40,4.26366762875642,1162.05,98,4.043348434444009,522.4489795918367,112,4.031149027329727,427.74107142857144
BT474_Phase_D3_1_03d00h00m_2.tif,BT474,0.3425062427611221,72.0,233,4.2467523654651895,479.0429184549356,245,4.1980713711073765,471.68163265306123,21,4.994038286040736,3909.5238095238096,115,4.394267132802336,920.6173913043478,207,4.143799632182301,508.82125603864733
BT474_Phase_D3_1_04d16h00m_2.tif,BT474,0.3425562411221478,112.0,210,4.148837470858188,518.7333333333333,286,4.249788026122351,473.33216783216784,11,5.296797494410033,3466.181818181818,126,4.471800787397417,942.047619047619,237,4.081038052760037,477.24050632911394
BT474_Phase_D3_1_05d00h00m_3.tif,BT474,0.43743962972573786,120.0,314,4.176248927104151,417.21019108280257,260,4.297315533594995,478.71923076923076,8,5.602564060399867,4362.125,109,4.498564825406319,872.3119266055046,206,4.108218178709306,512.9320388349514
BT474_Phase_D3_2_01d12h00m_2.tif,BT474,0.18412510298296045,36.0,107,4.288276872570752,559.803738317757,135,4.208783578720705,508.9555555555556,31,4.187415166414548,1656.9354838709678,75,4.277131926117168,801.5066666666667,94,4.179524260502387,609.436170212766
BT474_Phase_D3_1_02d00h00m_3.tif,BT474,0.23537117720170503,48.0,156,4.353775433818185,429.5769230769231,165,4.219418585897697,451.07878787878786,21,4.6339110830390755,1837.4761904761904,74,4.427811944773344,788.9054054054054,129,4.145463292684258,479.25581395348837
BT474_Phase_D3_2_00d16h00m_3.tif,BT474,0.16546101316651612,16.0,92,4.208675590361303,537.7934782608696,111,4.165364985660082,459.7837837837838,48,4.323992213955671,982.0625,77,4.122779782715729,602.8051948051948,98,4.186425460340327,484.4591836734694
BT474_Phase_D3_2_05d00h00m_2.tif,BT474,0.2373314670290622,120.0,151,4.365025044439669,516.384105960265,221,4.216414705425559,454.5972850678733,17,4.444273526501995,2573.823529411765,93,4.394240638670918,961.4408602150538,139,4.16517467975067,526.1726618705036
BT474_Phase_D3_2_04d16h00m_2.tif,BT474,0.19244544034091335,112.0,115,4.178581005207834,534.7565217391304,185,4.271992139313984,501.68108108108106,18,4.775820941125574,2467.3888888888887,77,4.52547542430724,1094.025974025974,124,4.1566858556177895,499.69354838709677
BT474_Phase_D3_2_01d04h00m_3.tif,BT474,0.1678306392045415,28.0,121,4.20888019373262,437.297520661157,124,4.170302218524907,492.1532258064516,40,4.396386409617366,1338.525,85,4.188223730170155,699.5294117647059,106,4.188030843670774,525.8962264150944
BT474_Phase_D3_2_01d12h00m_1.tif,BT474,0.24614728460992308,36.0,144,4.396818238043603,568.8055555555555,169,4.177754179976619,510.905325443787,32,4.355916800590135,2094.65625,91,4.240638399454786,846.3296703296703,124,4.186664696632323,598.0483870967741
BT474_Phase_D3_2_01d00h00m_4.tif,BT474,0.1967080236560334,24.0,124,4.255481295715445,510.758064516129,150,4.150574418558953,445.55333333333334,38,4.279210166158174,1440.3157894736842,84,4.193994210363106,714.6785714285714,108,4.147792109867783,501.2037037037037
BT474_Phase_D3_2_04d12h00m_3.tif,BT474,0.3141055244755243,108.0,215,4.233250364381593,448.4372093023256,253,4.166746755380482,460.7312252964427,14,4.3521654830687195,2112.0714285714284,130,4.335867311614333,794.5076923076923,194,4.035112164090796,508.0979381443299
BT474_Phase_D3_2_05d00h00m_4.tif,BT474,0.2233800073754415,120.0,153,4.165092006764156,476.7712418300654,232,4.247460327819552,457.5431034482759,14,5.612543117237676,3913.3571428571427,105,4.487465206903204,861.2285714285714,193,4.125936197274001,461.44559585492226
BT474_Phase_D3_1_04d12h00m_4.tif,BT474,0.36399094200720383,108.0,312,4.298724539810581,355.42628205128204,257,4.214199381880448,431.92996108949416,12,4.932175306815508,3209.1666666666665,111,4.479043936067057,874.3063063063063,214,4.097060516721362,427.99532710280374
BT474_Phase_D3_1_02d16h00m_1.tif,BT474,0.2783382252513104,64.0,145,4.256556806850892,583.0896551724138,175,4.205023406455131,500.62857142857143,21,4.469304927061178,2663.1428571428573,80,4.260151287637326,827.6375,131,4.170284662552481,570.4961832061068
BT474_Phase_D3_1_01d16h00m_4.tif,BT474,0.24193526824737688,40.0,114,4.31329730240018,666.8421052631579,141,4.205845342100352,507.9503546099291,36,4.530157904959704,1646.3333333333333,82,4.210299077028781,779.1463414634146,121,4.093744441864979,510.4793388429752
BT474_Phase_D3_2_01d00h00m_1.tif,BT474,0.2022122019777134,24.0,130,4.255307882183769,519.8461538461538,152,4.1821328801396795,468.19736842105266,38,4.523208358480055,1501.657894736842,85,4.3103884604499925,774.0470588235294,117,4.207939828099912,541.2649572649573
BT474_Phase_D3_2_02d12h00m_2.tif,BT474,0.2049508933839557,60.0,105,4.237421124197403,650.1428571428571,151,4.192396010849281,516.2582781456954,23,4.264705787045258,2677.6521739130435,75,4.290137482988418,960.0666666666667,120,4.152320319978389,613.4166666666666
BT474_Phase_D3_1_02d12h00m_1.tif,BT474,0.27553560027864643,60.0,142,4.326375168420468,576.443661971831,175,4.1944243494990925,501.7657142857143,22,4.274094688453311,2572.7272727272725,71,4.267659473098268,958.6478873239437,122,4.197289251813526,595.672131147541
BT474_Phase_D3_2_04d16h00m_3.tif,BT474,0.26230038611778655,112.0,161,4.163155581027686,520.2857142857143,213,4.313464463364739,478.8732394366197,17,5.041800336522469,1476.3529411764705,103,4.565384789408335,898.8446601941747,163,4.071129565862555,509.3312883435583
BT474_Phase_D3_1_02d04h00m_4.tif,BT474,0.23680847765514546,52.0,157,4.430856971779049,465.3949044585987,183,4.183265118640674,477.6338797814208,28,4.666410275849435,2089.3928571428573,89,4.247859223972524,776.1573033707865,142,4.1832239345660325,519.6619718309859
BT474_Phase_D3_2_00d12h00m_1.tif,BT474,0.17805882949082452,12.0,103,4.161549557201978,544.5631067961165,145,4.03734602891465,409.7586206896552,50,4.287522210968231,1017.54,93,4.038320487416703,529.0860215053764,114,4.047991579720241,450.8859649122807
BT474_Phase_D3_1_02d16h00m_3.tif,BT474,0.30589782438265234,64.0,161,4.369653209582385,541.3478260869565,177,4.292111005891509,475.59887005649716,16,5.577918009163727,2746.125,66,4.5097514666142615,1032.3181818181818,138,4.183125122691293,523.6014492753624
BT474_Phase_D3_2_02d16h00m_4.tif,BT474,0.2708087319711678,64.0,134,4.257477694021529,630.5223880597015,190,4.14137303604156,497.3,28,4.326756102859528,2612.1428571428573,102,4.267449892850672,852.3137254901961,142,4.121286036573629,598.4929577464789
BT474_Phase_D3_2_03d12h00m_3.tif,BT474,0.30259011104130035,84.0,165,4.186689713139979,578.6727272727272,201,4.122945428906648,515.3233830845771,19,4.087824945351119,1132.7368421052631,103,4.238206263983974,828.9223300970874,163,4.086535286752946,555.0674846625767
BT474_Phase_D3_1_03d12h00m_4.tif,BT474,0.2851150110631517,84.0,170,4.510924092037742,537.935294117647,209,4.278387830449025,501.13397129186603,16,5.160897371916846,3249.1875,101,4.572214742628579,948.3960396039604,157,4.207010508452987,589.8089171974523
BT474_Phase_D3_2_02d16h00m_2.tif,BT474,0.21563285565995835,64.0,127,4.334253833652561,554.7637795275591,162,4.210269345182082,517.0308641975308,20,4.300953050113169,3104.2,79,4.275586180241244,1006.9113924050633,117,4.220031914126168,644.1196581196581
BT474_Phase_D3_2_01d04h00m_4.tif,BT474,0.17255292927775853,28.0,126,4.1306302594490045,432.4761904761905,149,4.156290026227263,455.255033557047,32,4.544837073554247,1766.09375,88,4.167627662130664,701.8636363636364,122,4.1623664389861625,492.41803278688525
BT474_Phase_D3_1_05d00h00m_2.tif,BT474,0.333097873552223,120.0,243,4.2170649390519195,425.9423868312757,307,4.286013348775738,479.8501628664495,5,3.9164825014179767,390.8,130,4.498622745435489,1006.9,283,4.095557003401992,432.3957597173145
BT474_Phase_D3_1_04d16h00m_4.tif,BT474,0.27857080064466555,112.0,219,4.160629895629562,397.00456621004565,257,4.196716604261818,422.3852140077821,14,4.752722646628421,2206.0,121,4.390438327283302,806.1157024793389,205,4.110906817253709,448.8341463414634
BT474_Phase_D3_2_05d00h00m_1.tif,BT474,0.4026885469023084,120.0,283,4.328632303108599,446.0989399293286,286,4.258860516982758,479.27272727272725,4,4.370645525581304,2009.25,127,4.568264970698856,963.5748031496063,258,4.090979827733606,468.3953488372093
BT474_Phase_D3_1_03d12h00m_2.tif,BT474,0.31412511909965823,84.0,184,4.370097047995866,549.3913043478261,268,4.167433507156226,456.9776119402985,22,4.817141343019657,3903.681818181818,126,4.35905870659023,924.5873015873016,211,4.1450290014587825,512.9289099526067
BT474_Phase_D3_1_01d16h00m_3.tif,BT474,0.21206006624235643,40.0,134,4.3668864674547345,470.86567164179104,155,4.176357030682448,428.52258064516127,28,4.372390191229085,1557.4642857142858,79,4.3169887966469425,767.9367088607595,122,4.170944634726311,508.38524590163934
BT474_Phase_D3_1_03d12h00m_1.tif,BT474,0.2892669184331445,84.0,129,4.50275434083669,705.6666666666666,187,4.277114637510427,547.1604278074866,21,4.9820714414976655,3532.3333333333335,77,4.335129213655899,1060.012987012987,134,4.206906026842499,608.455223880597
BT474_Phase_D3_1_04d00h00m_1.tif,BT474,0.3177701723666974,96.0,149,4.229193723877456,636.8053691275168,190,4.243084841827548,579.021052631579,13,4.819983519927036,4519.384615384615,69,4.47570244732333,1361.2028985507247,145,4.1442519638151625,587.2206896551725
BT474_Phase_D3_1_00d12h00m_4.tif,BT474,0.14947004247705306,12.0,115,4.151545463753236,404.83478260869566,119,4.043635107254024,435.3613445378151,47,4.414033359539938,1081.7021276595744,90,4.04241815766616,537.4,104,4.113283615413053,466.6442307692308
BT474_Phase_D3_1_04d00h00m_4.tif,BT474,0.25505780143683515,96.0,131,4.392787623265413,591.5648854961833,220,4.294879735375821,476.8727272727273,12,4.8733743726862615,2569.0,88,4.555783721777598,951.2159090909091,157,4.209724857744219,547.9108280254777
BT474_Phase_D3_2_04d00h00m_4.tif,BT474,0.3010984829818557,96.0,210,4.215852684110518,451.6,200,4.314421566761985,483.835,22,5.431746638213098,2808.9545454545455,97,4.54950575193169,925.7319587628866,154,4.13474565006488,516.7597402597403
BT474_Phase_D3_2_01d04h00m_2.tif,BT474,0.1848857763330406,28.0,102,4.227886948096328,609.9705882352941,137,4.1224627054179805,477.5255474452555,36,4.141481047466424,1473.3333333333333,75,4.1431415919020225,828.2533333333333,96,4.107856316723596,549.0625
BT474_Phase_D3_2_01d16h00m_3.tif,BT474,0.22166642878605722,40.0,131,4.332440714651034,532.9694656488549,128,4.219911650001352,530.1015625,29,4.53093251679203,1753.0344827586207,78,4.26171831949027,769.3205128205128,104,4.167148703593103,579.6153846153846
BT474_Phase_D3_1_03d00h00m_3.tif,BT474,0.29864193086210605,72.0,178,4.276607553190884,505.6629213483146,201,4.207570277874148,482.21890547263683,18,4.922630963630699,3012.9444444444443,86,4.361608803820883,944.1627906976744,167,4.119483416782855,533.1437125748503
BT474_Phase_D3_1_02d16h00m_2.tif,BT474,0.3055963431490378,64.0,186,4.218316293611162,528.489247311828,204,4.23049406814976,503.95588235294116,24,4.741963174587034,2723.4166666666665,86,4.354824851094151,1040.1627906976744,170,4.133843878302138,499.7
BT474_Phase_D3_2_04d00h00m_2.tif,BT474,0.2600584377731598,96.0,162,4.270173976820462,532.5123456790124,167,4.30599717109497,523.8982035928144,18,5.096198280511805,2983.9444444444443,75,4.603750421714092,1014.2133333333334,109,4.144190236732787,608.9633027522935
BT474_Phase_D3_1_03d12h00m_3.tif,BT474,0.2602166679414315,84.0,140,4.325925829547573,586.1142857142858,216,4.22174920763944,474.56481481481484,15,5.000426445996538,2854.9333333333334,89,4.422008292708137,886.2134831460675,161,4.112502906310271,553.3850931677018
BT474_Phase_D3_1_03d04h00m_1.tif,BT474,0.3300953282069551,76.0,140,4.267754913447819,690.7642857142857,180,4.191687473586109,533.7,18,4.76263034080521,3217.4444444444443,79,4.3274605377036535,951.0886075949367,133,4.150777787982622,625.0676691729324
BT474_Phase_D3_2_00d16h00m_4.tif,BT474,0.1764945076212916,16.0,106,4.167220275317397,502.8018867924528,119,4.067425782623386,434.8067226890756,32,4.504025515009292,1370.9375,82,4.141548591071593,590.1951219512196,98,4.112647922450964,472.265306122449
BT474_Phase_D3_1_02d00h00m_4.tif,BT474,0.2511586858063739,48.0,169,4.4467556486466515,462.7810650887574,168,4.21475365963968,476.0595238095238,35,4.568817754279057,1694.857142857143,86,4.280649618066428,770.1046511627907,136,4.206139417725295,542.6176470588235
BT474_Phase_D3_2_02d12h00m_1.tif,BT474,0.2524728739619713,60.0,127,4.332087467419075,635.0944881889764,182,4.311761246629205,581.978021978022,23,4.988485957291998,3242.1739130434785,81,4.422615892523518,1053.679012345679,134,4.220591219407348,586.7910447761194
BT474_Phase_D3_2_03d00h00m_2.tif,BT474,0.2691492487980802,72.0,153,4.2969773255810955,574.9869281045752,190,4.171936274183983,458.0263157894737,23,4.184864300128286,2634.695652173913,93,4.30047350257161,856.6021505376344,135,4.1688014813365575,571.437037037037
BT474_Phase_D3_2_01d16h00m_2.tif,BT474,0.22352729376092062,40.0,116,4.291887907578904,604.5775862068965,146,4.131214748591391,504.9657534246575,30,4.167060586033846,1778.2,83,4.218992051314854,835.6626506024096,109,4.162915638426366,579.8899082568807
BT474_Phase_D3_2_01d00h00m_3.tif,BT474,0.175255375874129,24.0,114,4.196451993443709,497.5438596491228,129,4.126652043007506,465.29457364341084,46,4.262509015271733,1190.0217391304348,86,4.143973472648839,671.6279069767442,107,4.10587511490536,494.0934579439252
BT474_Phase_D3_1_01d16h00m_1.tif,BT474,0.20747188988746162,40.0,128,4.314335551554496,484.3671875,140,4.187691853446638,524.95,29,4.227614820033171,1924.448275862069,64,4.220066076803301,1039.78125,107,4.187922781652954,563.3177570093458
BT474_Phase_D3_1_01d12h00m_1.tif,BT474,0.22229736218858825,36.0,135,4.296897967947696,486.8222222222222,126,4.1777425433541735,533.1507936507936,33,4.1753369054266,1500.121212121212,70,4.259886919039085,844.7571428571429,100,4.175532344800046,569.79
BT474_Phase_D3_1_05d00h00m_4.tif,BT474,0.39722700885052165,120.0,329,4.1564262969869725,382.01519756838906,287,4.2666704294150195,433.9059233449477,10,4.720764227294376,1797.2,137,4.4659131376713885,825.1313868613139,261,4.043689553077109,409.71264367816093
BT474_Phase_D3_1_03d04h00m_4.tif,BT474,0.3236079871885817,76.0,194,4.359090198632655,535.8969072164948,214,4.246062723867385,483.5140186915888,20,4.695488237348242,2782.7,116,4.436798794306079,834.9224137931035,165,4.22224686654007,565.8060606060606
BT474_Phase_D3_1_03d04h00m_3.tif,BT474,0.33435842534418136,76.0,178,4.269567853194531,542.8258426966293,192,4.319067562926022,500.1041666666667,15,5.039145766022284,3011.3333333333335,75,4.481668418805578,902.8666666666667,151,4.1403908111908985,557.0463576158941
BT474_Phase_D3_2_03d12h00m_2.tif,BT474,0.2579885070203246,84.0,126,4.222356433759133,680.1190476190476,161,4.234539240992489,526.5093167701864,23,4.344085854170245,3014.8260869565215,80,4.31100141337492,979.5875,111,4.1894504546298785,644.4234234234234
BT474_Phase_D3_2_05d00h00m_3.tif,BT474,0.31706038188374014,120.0,204,4.292891264104247,491.0833333333333,248,4.285775454010329,469.8225806451613,20,4.5812854228554984,1522.15,107,4.552773843405077,943.3364485981308,192,4.078276425448464,479.6354166666667
BT474_Phase_D3_1_02d00h00m_1.tif,BT474,0.26512538215689896,48.0,117,4.325071510724551,664.042735042735,147,4.1519696966699575,512.578231292517,30,4.295132733318273,1955.1666666666667,74,4.2268874625854975,893.0540540540541,111,4.137400593982857,567.4864864864865
BT474_Phase_D3_1_02d04h00m_2.tif,BT474,0.2778261013985988,52.0,180,4.277793616294892,493.98333333333335,200,4.196015582419099,468.505,27,4.947159421453252,2912.074074074074,105,4.28606562520439,819.3904761904762,157,4.155735388414167,538.4012738853503
BT474_Phase_D3_2_03d16h00m_1.tif,BT474,0.35708505272071467,88.0,216,4.349052017140807,538.2314814814815,219,4.23710458494444,525.1461187214612,17,5.417319787611606,4810.235294117647,76,4.619413227779837,1252.842105263158,164,4.117995285770979,565.810975609756
BT474_Phase_D3_2_04d00h00m_3.tif,BT474,0.3092397596153871,96.0,216,4.13136463998465,461.462962962963,209,4.230472932565936,477.8373205741627,21,4.151057995678938,1303.5238095238096,99,4.394312997294061,856.5353535353536,169,4.071219811770041,512.189349112426
BT474_Phase_D3_2_03d00h00m_1.tif,BT474,0.33883128687718445,72.0,196,4.352262631393898,549.1173469387755,206,4.23881661102006,511.13106796116506,19,5.046220053148268,3292.4210526315787,104,4.469931418420713,919.125,153,4.1829023185231895,575.6143790849674
BT474_Phase_D3_1_01d00h00m_1.tif,BT474,0.20103544935533654,24.0,135,4.265962439649569,455.0074074074074,126,4.111678209022708,498.03968253968253,39,4.108232543537127,1275.8974358974358,73,4.1431419677264545,748.5205479452055,104,4.088244452774197,542.8942307692307
BT474_Phase_D3_1_03d16h00m_4.tif,BT474,0.31359454968858375,88.0,162,4.274394489205685,614.8456790123457,215,4.284657485422625,500.293023255814,17,4.9914610774117065,2796.3529411764707,96,4.564547359361216,1030.15625,167,4.1898465599191015,563.1976047904192
BT474_Phase_D3_1_00d16h00m_1.tif,BT474,0.14767538625436397,16.0,118,4.202910131088605,382.54237288135596,108,4.073070901736317,466.6111111111111,44,4.10922901115019,979.7045454545455,70,4.005005047836799,637.0,91,4.0493419666981625,512.1758241758242
BT474_Phase_D3_2_03d04h00m_3.tif,BT474,0.3067838103693152,76.0,179,4.273193392070486,530.8659217877095,189,4.165204391194817,500.13227513227514,23,4.551959959332291,3113.8695652173915,102,4.288615735167762,814.0,148,4.0842317285678815,562.5540540540541
BT474_Phase_D3_1_04d04h00m_2.tif,BT474,0.35446354348775805,100.0,258,4.394055281823105,446.9186046511628,251,4.27353148018287,508.35458167330677,19,5.18728318706361,4008.1052631578946,96,4.490708433299097,1193.7916666666667,234,4.0676913102132115,465.1794871794872
BT474_Phase_D3_1_00d16h00m_4.tif,BT474,0.1805597716346128,16.0,139,4.272586581644211,419.50359712230215,124,4.085399614871176,475.18548387096774,49,4.216314794930612,1165.6734693877552,91,4.094840677370227,640.032967032967,118,4.117301336619423,471.6101694915254
BT474_Phase_D3_2_02d04h00m_2.tif,BT474,0.21451028955418824,52.0,128,4.299979055988294,545.1484375,152,4.167359659838625,496.55263157894734,22,4.321922977510053,2633.409090909091,74,4.271659639718238,899.5405405405405,111,4.160775680179735,592.9099099099099
BT474_Phase_D3_2_02d00h00m_4.tif,BT474,0.26490034732843776,48.0,168,4.3075130503381445,497.5357142857143,163,4.205730088390671,491.6993865030675,28,4.565897096648081,2372.8571428571427,94,4.275527497284134,792.4574468085107,135,4.143289494541482,553.2740740740741
BT474_Phase_D3_2_01d04h00m_1.tif,BT474,0.21874087221372662,28.0,136,4.353559149757704,527.3529411764706,160,4.223581647996695,487.4,35,4.576394353952545,1770.2857142857142,103,4.261729501025271,678.747572815534,127,4.185041642471839,529.2677165354331
BT474_Phase_D3_2_02d04h00m_1.tif,BT474,0.2694433323317348,52.0,178,4.358729332108081,498.76404494382024,195,4.178476443274706,486.6,28,4.612880635835052,2518.8571428571427,96,4.3012314959526075,921.59375,140,4.166701619188907,563.8642857142858
BT474_Phase_D3_1_01d00h00m_3.tif,BT474,0.19147979963395773,24.0,115,4.185171595831747,519.4695652173913,119,4.158736957763557,480.30252100840335,38,4.226679666779231,1170.1315789473683,75,4.162524446995587,707.4133333333333,102,4.076548904847557,517.3823529411765
BT474_Phase_D3_1_03d00h00m_4.tif,BT474,0.31126220293377566,72.0,195,4.3708697885977426,518.3333333333334,225,4.212391238096531,494.26666666666665,22,4.742963995942508,3070.8636363636365,124,4.404037820926472,856.7741935483871,172,4.247231557170993,564.5523255813954
BT474_Phase_D3_1_02d16h00m_4.tif,BT474,0.3050029034637181,64.0,165,4.417834404035432,583.4666666666667,202,4.269691607552555,471.03465346534654,22,4.835909333685812,2446.5,87,4.5661139852136,968.8390804597701,145,4.201877015582277,549.1931034482759
BT474_Phase_D3_2_02d16h00m_1.tif,BT474,0.2472876141826982,64.0,159,4.37599091005566,499.39622641509436,209,4.236032220526286,503.36842105263156,24,5.008634977474787,3184.2916666666665,97,4.454472916369291,1012.3917525773196,150,4.208365247243761,565.9133333333333
BT474_Phase_D3_1_05d00h00m_1.tif,BT474,0.3056016742242049,120.0,219,4.148164992870871,432.62100456621005,233,4.25803840279166,527.4763948497854,14,5.116739047861892,5583.928571428572,103,4.47092701937487,1022.9611650485436,196,4.061957974833747,518.2551020408164
BT474_Phase_D3_1_00d12h00m_3.tif,BT474,0.1465544577688029,12.0,114,4.080342534963113,406.4035087719298,120,3.9861562535013784,410.85,45,4.27410311135612,976.4222222222222,95,4.008011992032503,495.0315789473684,107,4.018617173853077,428.2056074766355
BT474_Phase_D3_1_01d04h00m_1.tif,BT474,0.1904988899967233,28.0,96,4.182460843617274,566.2916666666666,131,4.149594481185872,485.1374045801527,38,4.09712603040446,1285.6315789473683,67,4.155790388569063,783.3134328358209,103,4.108914950430668,530.0097087378641
BT474_Phase_D3_2_04d04h00m_4.tif,BT474,0.29583683962522345,100.0,192,4.299994490593422,488.0260416666667,199,4.320266569802426,497.06532663316585,19,5.498796327354666,3627.2105263157896,89,4.593502370708576,962.9775280898876,148,4.179207997893337,549.8108108108108
BT474_Phase_D3_1_04d16h00m_3.tif,BT474,0.3094606015078642,112.0,166,4.189850334079635,553.0361445783133,269,4.271892974610006,414.8550185873606,14,5.230116161176594,3334.0,106,4.576825688452217,889.3301886792453,176,4.152462780992704,519.8068181818181
BT474_Phase_D3_2_04d12h00m_2.tif,BT474,0.23903488390515856,108.0,133,4.19095019979789,594.7894736842105,197,4.261917642078386,468.6395939086294,17,4.8939588846219015,3595.5882352941176,84,4.441577190984767,876.2619047619048,136,4.10994666125233,521.3088235294117
BT474_Phase_D3_2_00d16h00m_1.tif,BT474,0.1911210850087431,16.0,121,4.177300751477669,497.78512396694214,133,4.115486922895689,449.7593984962406,47,4.3350704216103955,1129.468085106383,89,4.141876233252748,598.2247191011236,116,4.144368271167056,450.4741379310345
BT474_Phase_D3_2_03d00h00m_3.tif,BT474,0.31262196104676526,72.0,185,4.229725917666495,516.7675675675675,195,4.1553390257921325,489.38461538461536,21,4.459565963854315,3324.095238095238,95,4.308417149362502,860.3789473684211,141,4.082241312360724,562.7659574468086
BT474_Phase_D3_1_04d12h00m_3.tif,BT474,0.4000017826704571,108.0,298,4.275010108276376,404.9161073825503,257,4.185552060693815,431.50972762645915,12,5.4504777516053595,3802.75,116,4.474274492641188,851.0344827586207,215,4.08106889327111,464.42325581395346
BT474_Phase_D3_1_00d12h00m_1.tif,BT474,0.1420738230714647,12.0,90,4.059661620055624,456.1333333333333,107,4.028319442843365,444.6542056074766,43,4.1545317633116685,868.953488372093,78,3.9784351630972097,519.7564102564103,87,3.991460843418723,495.7701149425287
BT474_Phase_D3_2_02d04h00m_3.tif,BT474,0.2426707454654789,52.0,165,4.256996524997632,481.9030303030303,181,4.15318543794284,480.78453038674036,25,4.440160246904826,2700.4,98,4.361975000396798,793.234693877551,138,4.118171639872007,560.3768115942029
BT474_Phase_D3_1_03d16h00m_2.tif,BT474,0.3821478350360581,88.0,232,4.271185359743034,526.1120689655172,248,4.202531691940303,495.1653225806452,22,4.63639219432821,3408.8636363636365,140,4.3509599183756675,838.9785714285714,212,4.077010727377202,503.24056603773585
BT474_Phase_D3_1_00d12h00m_2.tif,BT474,0.14205856452141435,12.0,122,4.084214148694799,343.8524590163934,120,4.043016923500059,402.5416666666667,49,4.2918440679215015,920.4897959183673,92,4.048881936956162,500.4130434782609,103,4.04439210748604,417.6990291262136
BT474_Phase_D3_2_04d12h00m_1.tif,BT474,0.3013217296765778,108.0,186,4.194578533505528,515.5,286,4.202787018855632,457.9300699300699,9,4.093747230739146,969.4444444444445,132,4.492375721737394,886.5454545454545,219,4.079676275574279,496.49771689497715
BT474_Phase_D3_2_02d12h00m_3.tif,BT474,0.22354903668596335,60.0,122,4.132437361681241,568.8688524590164,180,4.141365500004476,471.99444444444447,27,4.4523994462003476,2338.814814814815,101,4.230904480996966,754.6534653465346,140,4.069851933698817,537.6357142857142
BT474_Phase_D3_2_03d12h00m_4.tif,BT474,0.28405236587631444,84.0,172,4.191375509419662,533.5116279069767,184,4.29936103529775,486.8369565217391,16,4.883727321579631,2951.6875,89,4.530145862087252,903.0449438202247,138,4.1202423776081485,548.1521739130435
BT474_Phase_D3_2_03d04h00m_1.tif,BT474,0.3026123340526668,76.0,163,4.333060784672661,594.9509202453987,227,4.209280147617813,509.03083700440527,16,4.709099589509987,3753.625,107,4.376566146308027,987.0654205607476,166,4.1665202304362134,565.6265060240963
BT474_Phase_D3_1_04d12h00m_1.tif,BT474,0.3935633842329426,108.0,227,4.212607214422133,500.057268722467,214,4.29160926913366,524.3551401869158,15,4.672796040626549,3326.0,85,4.433937673473604,1028.8470588235293,172,4.117385570420211,540.8197674418604
BT474_Phase_D3_2_03d00h00m_4.tif,BT474,0.2816308390242627,72.0,160,4.20167835660624,518.46875,168,4.24879648965048,516.5059523809524,26,4.767081093955123,2530.269230769231,79,4.4305048574722585,942.0126582278481,135,4.076623118732788,560.074074074074
BT474_Phase_D3_1_04d00h00m_2.tif,BT474,0.3369633170345176,96.0,201,4.161908368511743,549.6616915422885,237,4.317458789551213,520.57805907173,19,4.717819209967259,3321.1052631578946,94,4.482352167734851,1157.4255319148936,215,4.118778800121357,494.0
BT474_Phase_D3_1_03d04h00m_2.tif,BT474,0.3745985835063418,76.0,248,4.278799968449186,475.2096774193548,226,4.219147893288777,511.15486725663715,21,4.870471113371339,3779.285714285714,97,4.446999939226451,1052.680412371134,201,4.130144673216447,515.2089552238806
BT474_Phase_D3_2_02d16h00m_3.tif,BT474,0.23412030894886163,64.0,120,4.235476345416714,591.475,188,4.114957102542427,472.93617021276594,25,4.438215347245555,2775.76,105,4.250475168895231,766.3238095238095,142,4.108062266284967,562.8732394366198
A172_Phase_C7_1_02d04h00m_1.tif,A172,0.8167387497268275,52.0,247,4.805960686550071,956.7368421052631,286,4.5346179485755735,851.7237762237762,0,,,165,4.799662885895563,1302.1878787878788,201,4.662742152498003,1110.228855721393
A172_Phase_C7_1_00d12h00m_2.tif,A172,0.2872588128278025,12.0,52,5.30264129984486,1521.2692307692307,113,4.436299044258073,804.0796460176991,10,5.66626962734154,2631.2,73,4.730220407123965,1174.0821917808219,57,4.869369155029003,1407.9298245614036
A172_Phase_C7_2_00d08h00m_4.tif,A172,0.15617714160839274,8.0,53,4.941445699619926,1015.1132075471698,70,4.514566246281058,790.6571428571428,29,5.199737324632428,1665.551724137931,55,4.682415493464519,1002.290909090909,51,4.766825705766092,1044.6470588235295
A172_Phase_C7_1_00d16h00m_1.tif,A172,0.28300200639205514,16.0,52,5.142134178052027,1469.0961538461538,103,4.478513615405258,855.1165048543689,17,5.985939909914786,2283.176470588235,67,4.7329723276607885,1190.4776119402984,67,4.817645920529746,1245.1044776119404
A172_Phase_C7_1_02d20h00m_1.tif,A172,0.9428344894558521,68.0,371,4.582374842758878,769.5498652291105,380,4.483483999619217,785.4157894736842,0,,,130,4.74677093311621,1797.0384615384614,268,4.394483410099841,888.7014925373135
A172_Phase_C7_2_03d00h00m_1.tif,A172,0.9958465051354968,72.0,312,4.9131795134109595,947.0833333333334,397,4.478758258632677,778.4634760705289,0,,,107,4.86758961816603,2135.644859813084,267,4.3647773310625055,838.6104868913858
A172_Phase_C7_1_02d16h00m_1.tif,A172,0.9727465664608804,64.0,279,4.8760000438313185,991.6917562724014,369,4.495438071563165,795.319783197832,0,,,118,4.8422301010838344,1925.084745762712,246,4.465877701794184,964.5772357723578
A172_Phase_C7_2_02d12h00m_3.tif,A172,0.93965101302994,60.0,322,4.358268230227062,881.1459627329192,354,4.471775771321308,843.361581920904,0,,,118,4.797072134036619,1970.1864406779662,225,4.465334512410918,1096.88
A172_Phase_C7_2_02d20h00m_3.tif,A172,0.9915098628715071,68.0,265,4.9716422950407315,1091.9509433962264,413,4.44657754892278,729.820823244552,0,,,106,4.816258086108865,2091.801886792453,238,4.41549490396028,949.9789915966387
A172_Phase_C7_1_02d08h00m_1.tif,A172,0.8595172372159073,56.0,270,4.751176678569133,933.3629629629629,315,4.507536595278144,828.2761904761904,0,,,175,4.759102490982623,1310.6114285714286,230,4.604950543146735,1019.5695652173913
A172_Phase_C7_1_01d00h00m_1.tif,A172,0.37110174360796433,24.0,86,5.073156139555505,1217.9302325581396,124,4.478883608402851,896.7822580645161,8,5.665686591951023,2614.5,88,4.665089187879091,1183.8977272727273,83,4.752396496135159,1297.120481927711
A172_Phase_C7_2_01d00h00m_2.tif,A172,0.5435765283544495,24.0,95,5.092287469422131,1674.157894736842,157,4.560372592651732,1035.5732484076434,2,4.721819638739971,315.0,96,4.8827121914655995,1590.7395833333333,90,4.875450377323807,1610.588888888889
A172_Phase_C7_2_00d20h00m_3.tif,A172,0.4819181939739944,20.0,79,5.158250292555996,1710.759493670886,130,4.554988772185353,1042.0615384615385,9,6.3021633461839155,5100.333333333333,84,4.861230568129314,1542.642857142857,75,4.966134160217865,1702.6
A172_Phase_C7_2_00d16h00m_4.tif,A172,0.29836823849977945,16.0,63,5.05982227413894,1452.6984126984128,107,4.455896256817854,841.6822429906542,11,6.072290192031105,4643.727272727273,69,4.662714538625797,1246.1739130434783,56,4.854171619356064,1519.8392857142858
A172_Phase_C7_1_02d12h00m_2.tif,A172,0.8977685202687633,60.0,303,4.668955683140473,886.3498349834983,401,4.508252794097102,735.206982543641,0,,,149,4.898997747775289,1584.3154362416108,250,4.512284720187495,951.184
A172_Phase_C7_2_02d08h00m_2.tif,A172,0.9756603780594381,56.0,279,4.873931339646348,979.6702508960574,397,4.468615173053243,726.2267002518892,0,,,186,4.7880144500673305,1320.4193548387098,238,4.577557328310887,1046.0
A172_Phase_C7_1_01d08h00m_4.tif,A172,0.4375402089707154,32.0,117,5.127363562544198,1127.2051282051282,201,4.5108695507512415,708.7860696517413,3,7.4500464746738055,5795.0,126,4.90180595372004,1073.7063492063492,115,4.9594178046513235,1125.4521739130435
A172_Phase_C7_2_02d20h00m_4.tif,A172,0.9492019543542246,68.0,224,5.03516123148622,1189.9732142857142,340,4.483896109665757,844.8735294117647,0,,,146,4.790436672789923,1468.8561643835617,200,4.554107254634706,1214.54
A172_Phase_C7_2_00d20h00m_2.tif,A172,0.5178935859648085,20.0,102,5.060668305037823,1619.8823529411766,156,4.5069981835475295,983.8461538461538,3,5.620292835258247,3540.0,103,4.804203039119853,1421.9514563106795,92,4.949632747256297,1642.4782608695652
A172_Phase_C7_1_01d16h00m_2.tif,A172,0.6007283659309344,40.0,204,5.16433584822372,882.2205882352941,256,4.532843829216189,761.6328125,1,6.760031720081728,1364.0,145,4.838518373994128,1204.448275862069,147,4.9202067048872555,1112.7891156462586
A172_Phase_C7_2_02d12h00m_4.tif,A172,0.8161971077360074,60.0,254,4.516829231364798,926.4527559055118,293,4.534898377661329,882.3651877133105,0,,,146,4.850423171714484,1496.5684931506848,175,4.682540604041319,1285.3657142857144
A172_Phase_C7_1_00d16h00m_2.tif,A172,0.3306151992733899,16.0,50,5.1494353399657715,1790.1,108,4.5192583616192925,970.324074074074,9,6.2974490603248405,5004.555555555556,62,4.783057177613984,1560.483870967742,57,4.836010210577897,1632.701754385965
A172_Phase_C7_1_01d04h00m_3.tif,A172,0.5167191480004352,28.0,98,4.947353912511953,1567.6530612244899,156,4.5066684836216035,994.1089743589744,1,5.586398834272915,1594.0,90,4.8089384303362115,1434.8333333333333,94,4.797939627367656,1504.9148936170213
A172_Phase_C7_2_00d20h00m_1.tif,A172,0.4730296504862409,20.0,78,5.056066850986022,1739.0,141,4.5219362107263334,952.4113475177305,4,8.089016122677911,15523.5,91,4.749385735475464,1394.6813186813188,81,4.891705741809294,1619.0987654320988
A172_Phase_C7_2_01d20h00m_1.tif,A172,0.6668399225579101,44.0,216,4.885721217174927,966.1064814814815,296,4.538446636962339,791.4087837837837,0,,,172,4.858858720691952,1258.0755813953488,188,4.791792778340252,1090.75
A172_Phase_C7_2_02d16h00m_2.tif,A172,0.904589666602937,64.0,373,4.357839040004217,741.0670241286863,394,4.508308943964886,757.7994923857868,0,,,153,4.765404235987782,1567.1830065359477,246,4.487566259838263,979.5772357723578
A172_Phase_C7_2_02d08h00m_3.tif,A172,0.9604647947170002,56.0,258,4.851805982378509,1048.4651162790697,341,4.506446656695928,823.9912023460411,0,,,155,4.76326330152544,1499.3096774193548,218,4.580764621035266,1111.7981651376147
A172_Phase_C7_2_01d00h00m_3.tif,A172,0.5090381120246996,24.0,92,5.099578513019293,1625.75,140,4.570756935406959,1051.1142857142856,2,4.854004674641406,2153.0,92,4.852440443683437,1494.4347826086957,80,5.0265589722411805,1695.3625
A172_Phase_C7_2_02d20h00m_1.tif,A172,0.9607041463614459,68.0,444,4.404397225049874,663.2702702702703,455,4.445320690882265,678.1582417582417,0,,,131,4.829743323438997,1772.0458015267175,269,4.373059525738958,855.3494423791822
A172_Phase_C7_1_02d00h00m_2.tif,A172,0.750573590881781,48.0,309,4.840435605513544,757.3559870550162,298,4.452275099172639,843.9630872483222,1,4.147019275479729,691.0,188,4.617568470968365,1202.9148936170213,202,4.6159667004132645,1119.8663366336634
A172_Phase_C7_1_02d00h00m_4.tif,A172,0.700317127267258,48.0,213,4.795612157424462,985.3239436619718,291,4.454123096520985,745.7113402061856,0,,,176,4.7612921325676805,1143.7329545454545,178,4.7086562183161185,1076.0505617977528
A172_Phase_C7_1_02d16h00m_2.tif,A172,1.000931366641178,64.0,339,4.947484063378999,831.5191740412979,427,4.511960382578675,702.0421545667448,0,,,136,4.89512538894993,1662.5367647058824,251,4.452014762136661,868.6573705179283
A172_Phase_C7_1_00d16h00m_4.tif,A172,0.34897065313592496,16.0,67,5.205154091417024,1555.402985074627,121,4.458615046699529,893.3305785123966,9,7.162876047471105,8391.666666666666,82,4.748430894172355,1276.280487804878,75,4.820552671413988,1366.88
A172_Phase_C7_1_03d00h00m_2.tif,A172,0.8988920375327841,72.0,335,4.427249908490731,816.289552238806,464,4.431868001832957,646.6487068965517,0,,,126,4.937501088589915,1793.1666666666667,306,4.364114885444985,730.9346405228758
A172_Phase_C7_1_01d08h00m_1.tif,A172,0.4756341896579892,32.0,102,5.041687802522474,1291.049019607843,171,4.481009077355644,784.6374269005848,3,7.738726864388089,3879.0,105,4.82852474556838,1196.3714285714286,104,4.836652478353547,1175.9903846153845
A172_Phase_C7_1_03d00h00m_1.tif,A172,0.9018559415974745,72.0,367,4.386255109519909,770.2288828337875,402,4.4814323366074555,758.3681592039801,0,,,115,4.8877811721953,2068.504347826087,277,4.409626449070581,874.1696750902527
A172_Phase_C7_2_01d04h00m_2.tif,A172,0.5357589522781923,28.0,125,5.161983166750419,1309.952,194,4.500688848481841,796.7371134020618,1,6.480882640573675,175.0,112,4.8447408672547185,1285.4375,114,4.839689688746219,1326.017543859649
A172_Phase_C7_1_01d00h00m_3.tif,A172,0.4295939887456251,24.0,99,4.817099523922892,1243.1616161616162,123,4.5515051644014655,1051.0325203252032,1,7.857325461085798,1462.0,85,4.787086470218108,1460.4,74,4.883563635008565,1675.527027027027
A172_Phase_C7_2_00d16h00m_1.tif,A172,0.36826677898273025,16.0,78,5.020401336564804,1371.6410256410256,112,4.53307921083151,905.8928571428571,11,6.992885535285025,6319.909090909091,74,4.7955245688157495,1290.7432432432433,74,4.896102058729716,1351.2837837837837
A172_Phase_C7_2_01d20h00m_4.tif,A172,0.46484672790101,44.0,143,5.295209235498671,1003.986013986014,193,4.551702249664195,853.2435233160621,0,,,110,4.864574903713226,1333.590909090909,120,4.929858639314267,1256.0583333333334
A172_Phase_C7_1_01d00h00m_4.tif,A172,0.43856897167286396,24.0,99,4.9767014579337365,1383.2222222222222,150,4.494734327118055,937.4666666666667,3,6.100359348712337,3854.6666666666665,101,4.729300910883669,1326.7029702970297,86,4.835959355260106,1490.639534883721
A172_Phase_C7_2_00d16h00m_3.tif,A172,0.4155096391499183,16.0,72,4.986377878206767,1651.611111111111,128,4.418484498618021,956.6015625,14,5.8768163074586965,3735.1428571428573,82,4.689128329919967,1458.3658536585365,72,4.799500578999428,1553.5555555555557
A172_Phase_C7_1_00d12h00m_4.tif,A172,0.2765661135544214,12.0,67,5.003785209727479,1186.7014925373135,118,4.376099409883928,770.8983050847457,15,6.17171658431367,4207.0,82,4.5723975981434775,1034.5853658536585,69,4.7768848327738676,1174.391304347826
A172_Phase_C7_2_00d08h00m_2.tif,A172,0.21919001010708167,8.0,72,4.808681749797923,971.4305555555555,106,4.336168455892788,693.4150943396227,34,5.145715271700006,1957.0294117647059,73,4.543489414239226,963.5753424657535,67,4.627244813459603,1063.5373134328358
A172_Phase_C7_2_01d16h00m_1.tif,A172,0.657156318700826,40.0,190,5.023619739156825,1049.321052631579,261,4.508821851173056,840.463601532567,0,,,152,4.7420332654828385,1390.6842105263158,146,4.678441754756748,1284.445205479452
A172_Phase_C7_1_01d20h00m_3.tif,A172,0.5519037965745139,44.0,211,5.184989661363547,761.9763033175356,235,4.637173116630051,741.263829787234,0,,,123,5.088009701795105,1255.341463414634,142,4.960561633750771,1123.774647887324
A172_Phase_C7_1_01d04h00m_2.tif,A172,0.5028584906304617,28.0,96,5.102798054714687,1498.5729166666667,167,4.53921745880448,859.9820359281437,3,6.850648848407089,4018.3333333333335,84,4.964732514634068,1575.3214285714287,95,4.9227519406484745,1444.2842105263157
A172_Phase_C7_1_01d00h00m_2.tif,A172,0.43154772877512904,24.0,114,4.751799346436124,1062.982456140351,150,4.443148798962097,864.2266666666667,4,6.222101114702753,3226.75,85,4.797115262967449,1412.2235294117647,82,4.858201776312586,1489.3658536585365
A172_Phase_C7_1_02d04h00m_4.tif,A172,0.7950758883304224,52.0,252,4.7837642318107365,957.8412698412699,312,4.501076719389762,803.8621794871794,0,,,181,4.783782437388978,1281.7016574585634,197,4.659536481623516,1128.0710659898477
A172_Phase_C7_2_01d08h00m_3.tif,A172,0.5249269266280565,32.0,126,5.320325502372132,1149.063492063492,180,4.532561768451241,827.6888888888889,4,5.234640261679158,1883.5,110,4.8636376577958425,1291.3,106,4.94662355037882,1267.4716981132076
A172_Phase_C7_1_02d20h00m_3.tif,A172,0.8646704171219404,68.0,320,4.412081319507651,842.05625,399,4.454622976618709,743.5563909774436,0,,,151,4.789035127088345,1697.2119205298013,247,4.387765831938506,924.1214574898786
A172_Phase_C7_1_00d12h00m_3.tif,A172,0.2430207241586651,12.0,49,5.091205933494645,1266.6326530612246,103,4.4382073966869156,739.0,12,6.108971375931891,2931.3333333333335,66,4.652328034226627,1037.590909090909,57,4.829260092733524,1190.0350877192982
A172_Phase_C7_2_01d16h00m_3.tif,A172,0.6053168699464663,40.0,167,5.02158159814539,1101.9281437125749,214,4.5499714440846395,931.4205607476636,0,,,147,4.806514611538312,1255.9251700680272,150,4.869010851491384,1237.34
A172_Phase_C7_1_00d08h00m_4.tif,A172,0.1995755354021045,8.0,59,5.091140906511921,1025.9661016949153,97,4.504739608370756,714.2886597938144,27,5.8422524475674384,2394.0,72,4.6724693334726375,913.6666666666666,69,4.840233937831568,957.2173913043479
A172_Phase_C7_2_01d12h00m_4.tif,A172,0.47971867569930304,36.0,113,5.139493680360185,1263.0530973451328,162,4.513071291981798,888.8271604938271,1,4.609639401484898,584.0,105,4.728529627057425,1242.4,95,4.874263122044234,1395.6315789473683
A172_Phase_C7_1_01d20h00m_4.tif,A172,0.6042820841072916,44.0,247,5.073576676366868,771.3643724696357,259,4.532680491914477,798.8687258687258,0,,,157,4.856725446668486,1192.2611464968154,166,4.884966436273122,1161.3072289156626
A172_Phase_C7_2_00d08h00m_3.tif,A172,0.2461560301027109,8.0,66,5.066118234334333,1141.9848484848485,83,4.6018086034796175,959.1807228915662,28,5.798601021914907,2621.5714285714284,60,4.8792002096766085,1285.5,61,4.943846589874849,1251.360655737705
A172_Phase_C7_1_00d08h00m_2.tif,A172,0.20914125478037537,8.0,40,5.1718365463685085,1417.75,97,4.401480071244335,680.0721649484536,16,5.710065505761598,2698.9375,60,4.5784634603805365,986.3166666666667,50,4.853531998132282,1158.88
A172_Phase_C7_1_00d12h00m_1.tif,A172,0.231590402507649,12.0,49,5.094959894181174,1266.857142857143,91,4.482726384675357,810.9560439560439,19,5.443138871532987,1743.1052631578948,64,4.63150235562207,1016.921875,58,4.78725813906365,1167.2068965517242
A172_Phase_C7_2_02d12h00m_1.tif,A172,0.933502130954978,60.0,358,4.433097224983993,785.4664804469273,380,4.448101254555198,785.1421052631579,0,,,173,4.754171943800891,1587.2774566473988,242,4.389127956285334,978.7479338842975
A172_Phase_C7_2_02d12h00m_2.tif,A172,0.9088310596044596,60.0,342,4.4092338168707075,793.640350877193,387,4.481217683427075,764.9018087855297,0,,,169,4.80731119447647,1469.6745562130177,248,4.445954326543284,998.6451612903226
A172_Phase_C7_1_00d20h00m_3.tif,A172,0.38740431599651204,20.0,73,4.812143399610465,1493.6575342465753,118,4.469816448502517,1035.6610169491526,6,7.414688961616574,9085.5,82,4.622617586117784,1416.0365853658536,72,4.68863729752364,1627.138888888889
A172_Phase_C7_1_02d16h00m_4.tif,A172,0.9105131845498293,64.0,330,4.717501450781644,847.8181818181819,386,4.421412212791042,766.1580310880829,0,,,138,4.760987510573797,1710.6376811594203,234,4.41788232321112,982.7564102564103
A172_Phase_C7_2_02d08h00m_4.tif,A172,0.7106709928157741,56.0,181,4.79657582368172,1149.624309392265,249,4.561631110820167,934.0923694779117,0,,,154,4.811508101737479,1369.7857142857142,158,4.7402209788704734,1341.0949367088608
A172_Phase_C7_2_01d04h00m_4.tif,A172,0.3631671006337458,28.0,98,5.15601274781754,1079.4285714285713,147,4.496828033740907,733.4353741496599,5,6.430084596098707,2909.0,86,4.893890682733623,1176.3139534883721,90,4.982242397581541,1173.4222222222222
A172_Phase_C7_1_02d08h00m_4.tif,A172,0.876107787778624,56.0,279,4.71813903378619,944.5770609318996,358,4.4394890448741915,745.4804469273743,0,,,171,4.761514979708115,1408.7836257309941,223,4.474523614835773,1042.695067264574
A172_Phase_C7_1_00d20h00m_1.tif,A172,0.345074302474872,20.0,84,4.809604467431934,1136.3214285714287,117,4.46142228082906,894.9230769230769,11,6.033651966205142,3413.090909090909,74,4.735724906273518,1331.472972972973,75,4.863069573550715,1360.7466666666667
A172_Phase_C7_2_00d12h00m_1.tif,A172,0.2722676207386448,12.0,71,4.94469840222716,1073.943661971831,111,4.4074654054520845,753.3153153153153,17,5.73827033038156,3211.0588235294117,71,4.607235834631974,1052.0,68,4.8478024284646235,1132.264705882353
A172_Phase_C7_2_01d12h00m_3.tif,A172,0.615476100579096,36.0,145,5.362072888043336,1178.4137931034484,205,4.652437683529021,890.6048780487805,0,,,130,4.97698131305163,1268.0307692307692,129,5.106638924055247,1328.7906976744187
A172_Phase_C7_2_02d08h00m_1.tif,A172,0.9888327290482951,56.0,285,4.841570683177199,981.2421052631579,371,4.448269279933157,775.0727762803234,0,,,145,4.793760753266654,1684.4206896551725,237,4.44379656320376,1055.210970464135
A172_Phase_C7_2_02d04h00m_3.tif,A172,0.8893386082277123,52.0,248,4.86107763105215,957.0685483870968,345,4.451776133300965,740.0550724637682,0,,,164,4.773817215376399,1303.0426829268292,209,4.663397673365895,1059.578947368421
A172_Phase_C7_2_02d00h00m_3.tif,A172,0.802976895077577,48.0,220,5.018498379938851,1092.1818181818182,274,4.541003246656549,887.9890510948906,1,5.533386486990982,1916.0,177,4.815916676020764,1277.1864406779662,188,4.749616234997078,1227.4308510638298
A172_Phase_C7_1_00d20h00m_2.tif,A172,0.41466113964159923,20.0,75,5.071818575300429,1587.3333333333333,123,4.474969664763535,998.4715447154472,5,5.492953491078381,3083.0,79,4.638358415682824,1473.9113924050632,65,4.786518176050386,1736.323076923077
A172_Phase_C7_1_02d12h00m_1.tif,A172,0.8743798150677419,60.0,304,4.535618923426431,862.8815789473684,352,4.480133059405194,809.0568181818181,0,,,155,4.717459697275032,1436.651612903226,237,4.4617123470364835,980.0590717299579
A172_Phase_C7_2_03d00h00m_2.tif,A172,0.9889552758959741,72.0,317,4.959462753989002,938.4826498422713,462,4.434116827886437,670.6082251082252,0,,,181,4.697976781485568,1282.4917127071824,294,4.347027755165083,787.1870748299319
A172_Phase_C7_2_00d12h00m_3.tif,A172,0.32720399776005005,12.0,71,4.884030841583592,1354.887323943662,108,4.505811690145202,869.1388888888889,17,5.7951696303726985,2704.235294117647,73,4.643240474751468,1209.5616438356165,62,4.821393720564698,1407.8225806451612
A172_Phase_C7_2_01d20h00m_3.tif,A172,0.6121581958861385,44.0,179,5.122492545378215,1058.6312849162011,256,4.5619997033532105,894.359375,0,,,155,4.841971414048041,1357.4645161290323,155,4.843932009382734,1333.4967741935484
A172_Phase_C7_2_01d08h00m_2.tif,A172,0.5650989182692299,32.0,146,5.28123279308865,1095.9520547945206,208,4.549076210915031,792.8894230769231,1,6.851335199270356,3162.0,133,4.860584414338088,1169.2556390977443,122,4.85330006952989,1231.7704918032787
A172_Phase_C7_1_01d16h00m_4.tif,A172,0.5433773171164706,40.0,206,5.015935249893599,834.3737864077669,220,4.558976772585413,838.1045454545455,0,,,141,4.8610993015792,1204.5886524822695,150,4.890137305448715,1164.6733333333334
A172_Phase_C7_1_01d08h00m_2.tif,A172,0.5355387444001303,32.0,131,4.916083549028901,1163.1908396946565,177,4.497742536344115,952.4971751412429,0,,,115,4.736833265398215,1325.8434782608695,116,4.806088473281413,1322.4741379310344
A172_Phase_C7_1_01d16h00m_1.tif,A172,0.573530772645343,40.0,169,5.179808010214535,976.3609467455622,211,4.575326513728322,869.6682464454976,0,,,131,4.851288025095846,1248.0839694656488,141,4.8953876641085765,1163.4609929078015
A172_Phase_C7_2_03d00h00m_3.tif,A172,0.9910537519121569,72.0,292,5.058580449200792,999.0753424657535,437,4.447066904056923,699.1762013729978,0,,,109,4.885590103308562,1926.7431192660551,253,4.44719230965589,917.0513833992095
A172_Phase_C7_1_01d08h00m_3.tif,A172,0.5027165947334037,32.0,122,5.0503305945170425,1220.377049180328,190,4.414885091526491,839.0842105263158,1,7.353872085389891,1870.0,104,4.777449512439736,1359.9615384615386,106,4.86378860981872,1440.433962264151
A172_Phase_C7_1_03d00h00m_4.tif,A172,0.8620447156359266,72.0,367,4.391154206197146,741.1880108991826,446,4.438001943766399,680.170403587444,0,,,106,4.852683540672193,2027.566037735849,247,4.367166535319357,902.7368421052631
A172_Phase_C7_2_01d16h00m_4.tif,A172,0.44376998565887155,40.0,105,5.134924979212321,1279.942857142857,169,4.574890039897925,873.8757396449704,1,5.729549433034182,1624.0,103,4.9507917723327735,1385.631067961165,102,4.968444793031342,1376.3333333333333
A172_Phase_C7_2_01d00h00m_1.tif,A172,0.5001314521416117,24.0,105,5.082412580709535,1336.942857142857,161,4.516994015892032,860.6086956521739,1,4.955200963090516,782.0,100,4.844826676977378,1295.09,99,4.8929533801427905,1356.3030303030303
A172_Phase_C7_1_01d12h00m_3.tif,A172,0.5515337560096104,36.0,120,5.3447795429095795,1368.3,189,4.632283539939754,909.2169312169312,1,6.910179468199121,1020.0,95,5.17079133836807,1638.7894736842106,108,5.14603975472485,1482.388888888889
A172_Phase_C7_1_02d00h00m_1.tif,A172,0.7203508776769852,48.0,284,4.82106841203087,774.2253521126761,275,4.509579730042956,865.7345454545455,0,,,178,4.73978665153838,1200.8595505617977,200,4.610396453576187,1113.365
A172_Phase_C7_2_01d04h00m_1.tif,A172,0.5133094296328766,28.0,139,5.087714508086125,1102.4172661870505,179,4.5612084840583575,803.391061452514,3,6.683141679219155,2062.3333333333335,107,4.917118962463123,1262.1028037383178,106,4.9050496271103174,1216.8301886792453
A172_Phase_C7_2_02d00h00m_4.tif,A172,0.625249638876748,48.0,141,5.139897027923945,1207.1560283687943,219,4.56958252045626,825.4566210045662,0,,,140,4.84573498665291,1196.0,127,4.905481681244618,1259.5748031496064
A172_Phase_C7_2_01d08h00m_4.tif,A172,0.4307229253168722,32.0,97,5.388131097118548,1191.4742268041236,144,4.605895534917364,830.5694444444445,3,6.463338901799624,1593.3333333333333,85,4.95708624322639,1325.2588235294118,91,4.981896008044337,1253.1208791208792
A172_Phase_C7_2_01d16h00m_2.tif,A172,0.6674659100469871,40.0,198,5.024305149857468,1031.6010101010102,270,4.543896958406482,833.2074074074075,1,6.688962374185502,241.0,164,4.790604760699422,1279.1036585365853,156,4.751894297327053,1294.2628205128206
A172_Phase_C7_2_00d20h00m_4.tif,A172,0.3607521707003947,20.0,62,4.996325570802397,1671.8387096774193,103,4.664507582371572,1025.0,6,6.416650528778509,5205.5,69,4.850035497942538,1482.6811594202898,62,4.941115864307839,1652.774193548387
A172_Phase_C7_2_01d12h00m_2.tif,A172,0.6409344340035001,36.0,168,5.255559938247495,1102.0,238,4.545892031160443,805.5756302521008,1,5.711217723098382,229.0,144,4.870435343726673,1233.5833333333333,145,4.848216100837459,1237.1103448275862
A172_Phase_C7_2_02d16h00m_3.tif,A172,0.9406114744044988,64.0,364,4.385762228746681,798.5384615384615,397,4.423737091991006,756.0125944584383,0,,,139,4.806029029845387,1766.7625899280577,241,4.417408323055387,1004.6721991701245
A172_Phase_C7_2_01d20h00m_2.tif,A172,0.6918900977928379,44.0,173,4.776810408280477,1147.0520231213873,274,4.524586643849296,851.5839416058394,1,5.678113806093174,299.0,153,4.825176442986892,1359.359477124183,164,4.756893533567949,1275.628048780488
A172_Phase_C7_2_02d04h00m_2.tif,A172,0.9106368474103976,52.0,278,4.878255809024359,936.0179856115108,364,4.453404492814243,743.9697802197802,1,5.594069814322714,287.0,174,4.750729545817257,1306.0747126436781,219,4.56788102848297,1032.5114155251142
A172_Phase_C7_1_02d08h00m_3.tif,A172,0.8501440187937074,56.0,245,4.869353507671718,1044.334693877551,302,4.490271400316084,872.3211920529801,0,,,183,4.7464112716543045,1317.8306010928961,201,4.656683009356352,1204.0199004975125
A172_Phase_C7_2_02d04h00m_4.tif,A172,0.725995643848356,52.0,155,5.136244500676524,1252.3806451612904,219,4.604380555432715,929.7214611872146,0,,,144,4.7697268593852185,1263.5069444444443,136,4.787662766990526,1385.0661764705883
A172_Phase_C7_1_01d12h00m_2.tif,A172,0.5902879630135552,36.0,131,5.009460035939734,1285.0,205,4.497480568230088,880.8634146341464,1,5.102799844727613,1805.0,105,4.784704702758508,1549.2095238095237,115,4.8528662970122625,1405.9391304347826
A172_Phase_C7_1_00d16h00m_3.tif,A172,0.31316498197115383,16.0,56,4.985193763604594,1566.7857142857142,115,4.362613327251011,806.104347826087,8,6.547535086095969,5912.375,73,4.588110711400275,1197.3424657534247,66,4.715881380787667,1365.439393939394
A172_Phase_C7_1_01d16h00m_3.tif,A172,0.5600182103638693,40.0,176,5.072456120802967,927.1420454545455,211,4.558567858966217,843.914691943128,0,,,124,4.895844405099252,1333.032258064516,127,4.869455863400189,1308.740157480315
A172_Phase_C7_2_00d08h00m_1.tif,A172,0.2080263087303429,8.0,70,4.784974174776352,880.7571428571429,84,4.4767286677152365,803.9047619047619,24,5.491979880929304,2158.25,62,4.66763828671566,998.2741935483871,58,4.701050136696394,1037.8275862068965
A172_Phase_C7_2_02d16h00m_1.tif,A172,0.9665920606151681,64.0,363,5.021828745932806,812.3829201101928,425,4.461636013233219,713.555294117647,0,,,148,4.796628416552566,1599.6418918918919,248,4.444172479014326,906.4112903225806
A172_Phase_C7_1_02d20h00m_4.tif,A172,0.8732155340362731,68.0,357,4.380460942635495,771.9495798319327,382,4.519582402950551,790.2408376963351,0,,,119,4.819256402371122,1871.0084033613446,245,4.445631474289271,959.6571428571428
A172_Phase_C7_1_01d12h00m_4.tif,A172,0.47791991258741173,36.0,156,5.011839271818105,979.3076923076923,209,4.561398792445933,774.3157894736842,2,5.355625331594325,2917.5,139,4.840633890166453,1091.7482014388488,135,4.931129697915239,1085.9703703703703
A172_Phase_C7_2_02d16h00m_4.tif,A172,0.8449416152207169,64.0,257,4.477631751550118,986.8482490272373,303,4.49746136699387,880.6765676567657,0,,,148,4.830418358400951,1592.1756756756756,179,4.60009299682193,1287.0670391061453
A172_Phase_C7_2_03d00h00m_4.tif,A172,0.9565124311625882,72.0,268,5.0851352496834075,1045.2537313432836,405,4.494991128712547,717.9555555555555,0,,,161,4.84694302784926,1506.136645962733,225,4.528200774795963,1045.6533333333334
A172_Phase_C7_1_02d12h00m_3.tif,A172,0.8914517632757866,60.0,260,4.815634541743376,975.1923076923077,328,4.514429575275515,830.5060975609756,0,,,153,4.7712858053790566,1533.9803921568628,196,4.507387854750595,1108.2244897959183
A172_Phase_C7_1_02d20h00m_2.tif,A172,0.9228117261254429,68.0,384,4.4970950713690385,742.3776041666666,476,4.451015700467728,646.6050420168067,0,,,156,4.827658515658281,1531.474358974359,297,4.414888417203631,777.5084175084176
A172_Phase_C7_1_01d04h00m_4.tif,A172,0.4303099879807627,28.0,101,5.20183691322373,1254.2475247524753,180,4.543148686652008,720.75,1,5.707903578783631,1362.0,114,4.872875204956566,1066.877192982456,104,4.997155117736399,1120.2884615384614
A172_Phase_C7_2_01d00h00m_4.tif,A172,0.354449901251094,24.0,72,4.961823801372297,1503.9027777777778,116,4.535545152978667,904.5948275862069,7,7.685014003450884,8617.142857142857,73,4.777457381164241,1425.2602739726028,66,4.842525480302725,1540.7878787878788
A172_Phase_C7_2_00d12h00m_4.tif,A172,0.23217037109375394,12.0,54,5.1845810979958795,1331.0925925925926,99,4.49109215618417,733.7474747474747,17,6.076910676840138,3253.3529411764707,61,4.843094554212045,1180.8524590163934,54,4.944083193725474,1163.7037037037037
A172_Phase_C7_2_00d16h00m_2.tif,A172,0.44346468026114405,16.0,89,5.0324891241186025,1515.808988764045,158,4.413809735210437,819.2721518987341,10,6.720409498623118,5842.7,90,4.770671927151138,1306.9333333333334,84,4.869218147854167,1487.357142857143
A172_Phase_C7_1_02d04h00m_3.tif,A172,0.7970271971973428,52.0,217,4.794685595819624,1095.8064516129032,292,4.453524256363804,835.3904109589041,0,,,150,4.794025417245695,1448.5866666666666,179,4.660754193581168,1181.145251396648
A172_Phase_C7_1_00d20h00m_4.tif,A172,0.41150992706512773,20.0,119,4.680647367620302,1033.9915966386554,128,4.50712249726465,1016.9453125,6,6.850420696485952,8553.333333333334,81,4.748789928543456,1486.1358024691358,73,4.853916804241186,1597.6027397260275
A172_Phase_C7_1_03d00h00m_3.tif,A172,0.8783160620629353,72.0,358,4.415979262402606,771.6620111731844,428,4.45692691380083,703.7850467289719,0,,,149,4.826553359060326,1580.1946308724832,264,4.404933617398606,830.7765151515151
A172_Phase_C7_2_01d04h00m_3.tif,A172,0.47593904119317326,28.0,106,5.239234305193629,1290.8962264150944,134,4.682431462730989,1036.0671641791046,1,4.26582672229114,582.0,89,5.0006292053324986,1467.6629213483145,90,4.964203072870642,1461.2444444444445
A172_Phase_C7_2_02d04h00m_1.tif,A172,0.9254658737161447,52.0,275,4.890582523609393,958.6363636363636,339,4.480084557082667,811.7256637168142,0,,,191,4.735114542119285,1325.3769633507854,231,4.545751942635356,1025.6060606060605
A172_Phase_C7_1_02d16h00m_3.tif,A172,0.9620145181381141,64.0,264,4.945110396874317,1040.3068181818182,379,4.463170373292241,786.0263852242743,0,,,139,4.850768251483289,1737.2877697841727,217,4.47621846996289,1056.2903225806451
A172_Phase_C7_1_02d00h00m_3.tif,A172,0.7117038483391572,48.0,192,4.9829016273162665,1098.0729166666667,287,4.5143037962303065,779.7351916376307,1,6.01510793851628,1432.0,172,4.795054969198015,1172.4418604651162,180,4.772127488563699,1117.4
A172_Phase_C7_2_02d20h00m_2.tif,A172,0.9845932499726816,68.0,276,4.994583223095743,1035.3297101449275,440,4.418993291812487,686.9045454545454,0,,,151,4.715160352725089,1591.9801324503312,257,4.403943470883624,895.0389105058366
A172_Phase_C7_2_00d12h00m_2.tif,A172,0.28893894312718854,12.0,78,5.040315242820191,1122.3333333333333,114,4.5380715508905345,821.719298245614,19,5.955904455829717,3065.0526315789475,83,4.736689600667422,1086.7710843373493,71,4.926155986579247,1262.9295774647887
A172_Phase_C7_1_01d20h00m_1.tif,A172,0.6407603683620934,44.0,214,4.963948338326384,908.1542056074767,243,4.556512855821577,869.2304526748972,0,,,152,4.815443541224693,1276.3552631578948,160,4.7624949030895465,1205.375
A172_Phase_C7_1_00d08h00m_1.tif,A172,0.18838507990057649,8.0,41,5.018761990164292,1300.0,81,4.371575996916953,746.1111111111111,30,4.997952491772634,1754.6333333333334,56,4.600290077808842,993.6964285714286,52,4.669962075213802,1097.0192307692307
A172_Phase_C7_2_01d08h00m_1.tif,A172,0.5873748371940553,32.0,144,5.168084281483196,1157.8680555555557,198,4.5999155810954715,879.3484848484849,0,,,131,4.813932572341289,1235.7175572519084,130,4.9031711813810555,1274.0846153846153
A172_Phase_C7_2_01d12h00m_1.tif,A172,0.6756750676081728,36.0,148,5.258554193290932,1319.6554054054054,230,4.563876361737712,881.1652173913044,0,,,134,4.885496346710604,1376.402985074627,129,4.941139399091529,1417.2945736434108
A172_Phase_C7_2_02d00h00m_2.tif,A172,0.830637466537372,48.0,244,4.938494678519376,972.0737704918033,334,4.527217591030184,734.7005988023952,1,6.251622038921502,277.0,208,4.806609521191114,1050.4134615384614,217,4.7258771106988435,1027.2165898617511
A172_Phase_C7_1_02d08h00m_2.tif,A172,0.9320407232025842,56.0,306,4.810591234674789,907.4117647058823,356,4.513347594339033,795.2106741573034,0,,,173,4.795294323556303,1401.9479768786127,222,4.520678690397896,1059.0900900900901
A172_Phase_C7_1_00d08h00m_3.tif,A172,0.18978225893246642,8.0,41,4.992134156171073,1129.6097560975609,81,4.3411598397486255,721.641975308642,14,5.701085967430765,2254.214285714286,58,4.569892658497062,985.9137931034483,55,4.599259731166923,965.6181818181818
A172_Phase_C7_1_01d12h00m_1.tif,A172,0.5175592509833935,36.0,141,4.834783193065616,1064.8936170212767,185,4.535649013522357,859.0486486486486,1,6.040840190333187,1451.0,125,4.8238314752407145,1188.408,126,4.830493990303281,1162.8015873015872
A172_Phase_C7_1_01d20h00m_2.tif,A172,0.6162186472902038,44.0,242,5.034194469571931,795.5123966942149,286,4.49291523906967,731.3216783216783,0,,,163,4.727071054200573,1124.0613496932515,176,4.789293878391294,1077.9375
A172_Phase_C7_1_02d12h00m_4.tif,A172,0.9279491665756201,60.0,279,4.800089201392427,942.9032258064516,381,4.467125968515814,748.0944881889764,0,,,181,4.766709446680933,1349.3314917127072,234,4.491215102853014,978.5598290598291
A172_Phase_C7_2_02d00h00m_1.tif,A172,0.6965012076595247,48.0,267,4.872387498588678,828.6591760299625,333,4.493084927699016,786.1621621621622,0,,,192,4.750587407676265,1247.7239583333333,208,4.632323203214662,1127.6442307692307
A172_Phase_C7_1_02d04h00m_2.tif,A172,0.8854136446951517,52.0,291,4.829420661441006,884.3814432989691,346,4.531142099625442,800.7283236994219,0,,,184,4.887115497152439,1340.070652173913,219,4.671267793528347,1101.0456621004566
A172_Phase_C7_1_01d04h00m_1.tif,A172,0.3945547503278052,28.0,118,4.7013538112221385,975.9915254237288,145,4.470984503706066,849.7655172413793,5,8.193684769007502,7321.6,87,4.788350903114141,1302.5057471264367,95,4.843764322958234,1253.6526315789474
MCF7_Phase_H4_2_02d20h00m_4.tif,MCF7,0.7184853157779609,68.0,766,4.311595737293231,252.24281984334203,623,4.22177091535683,293.90690208667735,3,3.9842777124532347,265.6666666666667,348,4.434899110073676,496.6609195402299,566,4.047744855023296,266.15017667844523
MCF7_Phase_H4_1_02d12h00m_1.tif,MCF7,0.441363104512674,60.0,443,4.338913172933007,310.76749435665914,416,4.153536566938258,322.06971153846155,8,4.366154886837732,5473.125,263,4.291910835620511,488.6273764258555,381,4.0965528457442835,313.5485564304462
MCF7_Phase_H4_1_01d08h00m_2.tif,MCF7,0.2665434851671793,32.0,245,4.444092761950107,332.43673469387755,244,4.194833275848651,337.8032786885246,21,4.363878709493189,3214.904761904762,172,4.317917755319968,467.29651162790697,225,4.222360027913754,343.7688888888889
MCF7_Phase_H4_2_03d04h00m_2.tif,MCF7,0.7870502256337472,76.0,861,4.295933237412391,242.08246225319397,777,4.168327207243046,280.70913770913774,2,3.929932198696265,855.0,424,4.392007161582326,492.00943396226415,669,4.0331259340847385,252.48579970104635
MCF7_Phase_H4_1_00d20h00m_3.tif,MCF7,0.15654455050808186,20.0,118,4.265374787614497,413.50847457627117,127,4.129653506853552,416.9763779527559,26,4.360094036649572,1797.1538461538462,97,4.169503549958793,510.7216494845361,112,4.209672311733596,453.0892857142857
MCF7_Phase_H4_1_02d20h00m_4.tif,MCF7,0.6300970835609667,68.0,641,4.170935007556272,250.37441497659907,728,4.160104630980519,283.4258241758242,7,4.61141205286581,2040.7142857142858,434,4.32848927088606,458.37327188940094,613,4.061807995545545,277.71941272430666
MCF7_Phase_H4_2_01d00h00m_1.tif,MCF7,0.1779091137183062,24.0,176,4.137711128475561,324.84659090909093,160,4.090781462504118,361.79375,26,4.3239258796984235,1918.1538461538462,123,4.123698586645452,445.8130081300813,147,4.112246173877427,368.36054421768705
MCF7_Phase_H4_2_01d12h00m_4.tif,MCF7,0.3294687083424319,36.0,324,4.236152741164298,312.01234567901236,323,4.179610155946773,340.57275541795667,21,4.124566757259028,2407.095238095238,232,4.288617352415931,468.2284482758621,304,4.179797267020445,343.36842105263156
MCF7_Phase_H4_1_01d20h00m_4.tif,MCF7,0.3823513992843086,44.0,329,4.24947160959281,359.45288753799394,421,4.125733074061473,312.80760095011874,15,4.198909096005748,3851.9333333333334,292,4.193355628791518,424.31164383561645,367,4.1135129464689335,327.283378746594
MCF7_Phase_H4_2_00d20h00m_1.tif,MCF7,0.1651648128824319,20.0,128,4.18381967003923,407.7109375,143,4.0696122279296905,362.9160839160839,27,4.235049083480934,1721.962962962963,103,4.1371877968528405,473.2621359223301,127,4.141911032994755,404.46456692913387
MCF7_Phase_H4_1_01d16h00m_4.tif,MCF7,0.34093014177229364,40.0,282,4.224885654815169,372.78014184397165,380,4.11612852030308,324.6684210526316,21,4.041574348266153,2809.2380952380954,269,4.199721665200973,436.5576208178439,331,4.117861038657036,340.73111782477343
MCF7_Phase_H4_2_02d12h00m_2.tif,MCF7,0.6489565538953214,60.0,666,4.377714449414135,276.6756756756757,592,4.202453468862786,306.1570945945946,7,4.757858825398222,3997.8571428571427,336,4.4115660204472285,504.5565476190476,514,4.105100634049495,292.1828793774319
MCF7_Phase_H4_2_03d00h00m_4.tif,MCF7,0.6560990519831543,72.0,636,4.1665115536499595,241.00471698113208,727,4.212151265054001,286.0729023383769,3,3.841109586392063,233.0,387,4.447173898580469,513.8501291989664,620,4.051744277031983,263.541935483871
MCF7_Phase_H4_1_01d12h00m_2.tif,MCF7,0.29577128291630195,36.0,285,4.398636392271547,326.12631578947367,290,4.160494400851527,320.6275862068965,17,4.291840992541685,3356.1176470588234,200,4.27524935822252,456.335,258,4.183501162268055,330.0968992248062
MCF7_Phase_H4_1_03d04h00m_3.tif,MCF7,0.5560763535292906,76.0,599,4.256037886114438,277.118530884808,683,4.204519657042381,293.0527086383602,2,4.087184603652733,1899.0,389,4.394964376082725,497.05912596401026,580,4.099254849613797,287.5137931034483
MCF7_Phase_H4_2_01d16h00m_1.tif,MCF7,0.278963982462833,40.0,268,4.249971393563931,308.2014925373134,268,4.125311241284154,325.1455223880597,18,4.336828393901391,3634.3333333333335,202,4.207863641196328,419.51485148514854,261,4.181965479530912,334.69348659003833
MCF7_Phase_H4_1_02d08h00m_2.tif,MCF7,0.48520032766062293,56.0,468,4.3780952167295375,311.35470085470087,476,4.206089642221505,312.89495798319325,7,4.249038788799379,2859.0,310,4.353444065561,475.8838709677419,405,4.122878483374045,311.9259259259259
MCF7_Phase_H4_1_03d00h00m_4.tif,MCF7,0.6384104037369063,72.0,711,4.209956870457578,253.1772151898734,700,4.217100813666034,297.91857142857145,5,4.3403239300779175,336.0,396,4.428185964080803,511.5479797979798,614,4.009385556789188,267.7882736156352
MCF7_Phase_H4_1_00d12h00m_3.tif,MCF7,0.2493978436407367,12.0,88,4.315765921218226,467.04545454545456,95,4.166073547827275,455.6736842105263,31,4.421143148673745,1314.6774193548388,71,4.1852016715946805,581.5070422535211,87,4.175134841910912,491.9425287356322
MCF7_Phase_H4_1_01d16h00m_2.tif,MCF7,0.30562470716783285,40.0,300,4.301974211459721,286.48333333333335,322,4.201663610509679,320.6149068322981,16,4.185803977097581,3990.1875,199,4.305567812900519,492.47236180904525,258,4.213943559350231,338.7093023255814
MCF7_Phase_H4_1_02d00h00m_1.tif,MCF7,0.3314834697333926,48.0,323,4.235318437200275,297.1888544891641,304,4.184972632308877,319.10855263157896,14,4.065166963950834,2415.214285714286,191,4.285058414873157,493.0261780104712,274,4.131116654155362,319.37226277372264
MCF7_Phase_H4_2_02d16h00m_3.tif,MCF7,0.4542508690723528,64.0,444,4.225521417975214,299.4436936936937,506,4.155553307805428,306.52766798418975,5,3.755173501052186,1728.2,302,4.31913429083754,479.4801324503311,433,4.121222885422374,307.25635103926095
MCF7_Phase_H4_2_02d20h00m_1.tif,MCF7,0.47349099513768306,68.0,507,4.336759475980708,290.48323471400397,614,4.142112500107383,284.03583061889253,4,4.76500014665083,1663.0,392,4.293691957631061,441.9387755102041,564,4.097205129183286,273.15425531914894
MCF7_Phase_H4_2_00d16h00m_1.tif,MCF7,0.1377678159145583,16.0,108,4.338904967262261,395.3888888888889,122,4.117690675457526,384.327868852459,29,4.272709624938572,1451.4137931034484,91,4.172602654659284,481.24175824175825,111,4.168346588430462,394.85585585585585
MCF7_Phase_H4_2_02d08h00m_3.tif,MCF7,0.37523138945039997,56.0,349,4.231546187720962,305.18338108882523,377,4.246697528638171,356.026525198939,5,3.8152717465560144,1468.6,232,4.4097071296896955,556.1034482758621,314,4.163860659987208,356.0636942675159
MCF7_Phase_H4_2_02d04h00m_3.tif,MCF7,0.36353467411494456,52.0,336,4.3212967814153584,336.6190476190476,361,4.215551024503972,359.32409972299166,7,4.335917227426294,2867.714285714286,226,4.367756261084279,562.433628318584,313,4.1751587100485015,351.44728434504793
MCF7_Phase_H4_2_01d20h00m_3.tif,MCF7,0.2826228936298025,44.0,267,4.295346877020961,340.02247191011236,284,4.2513340324115845,384.7007042253521,17,4.507985651679719,2657.235294117647,178,4.35588777302453,581.4831460674158,247,4.160119895339769,364.4412955465587
MCF7_Phase_H4_1_02d12h00m_4.tif,MCF7,0.5853660441706763,60.0,616,4.304707922654936,293.51461038961037,606,4.167900258159095,305.17491749174917,9,4.979286852740475,2030.4444444444443,378,4.279969478172248,463.5925925925926,559,4.0847041800475195,293.82647584973165
MCF7_Phase_H4_2_01d12h00m_3.tif,MCF7,0.3196204119318131,36.0,186,4.390411088513469,559.0483870967741,239,4.241673310061964,429.0418410041841,19,4.430707240400879,1959.3684210526317,148,4.299316015213319,674.2635135135135,176,4.170719770865557,383.03977272727275
MCF7_Phase_H4_2_02d20h00m_2.tif,MCF7,0.7541975446623629,68.0,785,4.36974681571563,261.8764331210191,663,4.223795504757166,299.5550527903469,2,4.060009211337198,788.0,350,4.408400409523604,531.6285714285714,560,4.094008223196187,282.96964285714284
MCF7_Phase_H4_1_01d00h00m_1.tif,MCF7,0.1860705261145237,24.0,151,4.319389220228822,392.3046357615894,148,4.179631202607088,380.4189189189189,23,4.255578153689022,1565.0434782608695,106,4.267502975189491,511.89622641509436,136,4.210720863408879,431.125
MCF7_Phase_H4_1_01d04h00m_1.tif,MCF7,0.17526728911712977,28.0,160,4.22397640395277,345.45,168,4.1558626115105985,337.51190476190476,21,4.063394828571487,1399.857142857143,110,4.227101562141094,488.2818181818182,151,4.180405588047054,355.9139072847682
MCF7_Phase_H4_2_02d16h00m_1.tif,MCF7,0.5148041794143349,64.0,495,4.211722073316268,263.4949494949495,552,4.130442825940821,294.356884057971,5,4.111368650989964,1742.6,347,4.2627119221151,457.86743515850145,493,4.089059811706152,289.08316430020284
MCF7_Phase_H4_1_01d20h00m_3.tif,MCF7,0.29165790687827553,44.0,223,4.304917388031304,389.1793721973094,288,4.179045645583685,342.87152777777777,20,4.439200724899455,3739.85,191,4.27997920209687,483.77486910994764,248,4.210632817381602,365.31048387096774
MCF7_Phase_H4_2_03d12h00m_1.tif,MCF7,0.7119187164007911,84.0,769,4.2785509185628054,238.00260078023408,782,4.148597113868407,257.43350383631713,5,5.314046868911443,374.8,511,4.362716316096382,399.60469667318984,693,4.018581428287629,236.3795093795094
MCF7_Phase_H4_2_00d20h00m_2.tif,MCF7,0.24377792559004716,20.0,196,4.250675446138257,400.03061224489795,222,4.119226153587662,355.63963963963965,30,4.338836192415011,2233.4666666666667,156,4.1742391074819665,488.8525641025641,190,4.1609040167809415,387.1578947368421
MCF7_Phase_H4_1_00d08h00m_3.tif,MCF7,0.1102085003278018,8.0,77,4.355095726873724,433.038961038961,78,4.244058718062353,450.29487179487177,29,4.7749691903751765,1170.896551724138,59,4.3942711053588805,594.8474576271186,72,4.316470023199165,503.7083333333333
MCF7_Phase_H4_2_02d04h00m_2.tif,MCF7,0.5346309865329945,52.0,535,4.384000340634461,293.0093457943925,500,4.198701216681247,311.514,13,3.9780867356718863,1993.8461538461538,302,4.3499113195601256,498.2417218543046,424,4.133317820599301,310.37735849056605
MCF7_Phase_H4_2_02d12h00m_4.tif,MCF7,0.5069646593640827,60.0,533,4.20911905613022,251.37898686679173,551,4.215876674112177,300.55172413793105,8,4.256522465460959,799.75,327,4.416479398267256,489.35779816513764,571,4.084475100027001,269.1260945709282
MCF7_Phase_H4_1_03d12h00m_4.tif,MCF7,0.6548397465034882,84.0,761,4.035769187955359,258.2417871222076,760,4.234274612813997,294.4342105263158,6,4.127858717091195,190.0,348,4.542546330560271,608.5402298850574,641,3.9673838423917482,249.65834633385336
MCF7_Phase_H4_1_01d20h00m_2.tif,MCF7,0.2915954931982095,44.0,263,4.292180855525616,347.4562737642586,351,4.169302258952711,312.92022792022794,14,4.308818991278511,3904.3571428571427,230,4.2884563981516886,461.94347826086954,291,4.175057301364723,324.6254295532646
MCF7_Phase_H4_2_01d08h00m_2.tif,MCF7,0.3089850756665139,32.0,315,4.231970236373725,304.031746031746,324,4.123937359788479,312.6882716049383,26,4.164859368677205,2473.6923076923076,227,4.197797325507266,442.19383259911893,296,4.148850546886765,319.2128378378378
MCF7_Phase_H4_1_03d12h00m_3.tif,MCF7,0.6775009780649276,84.0,689,4.213093198393996,300.966618287373,777,4.189730889231195,289.24195624195625,3,5.059837127489702,1596.6666666666667,468,4.394962303117854,475.63675213675214,681,4.079162390373985,279.54185022026434
MCF7_Phase_H4_1_02d16h00m_2.tif,MCF7,0.5704219785292859,64.0,619,4.325370623097453,275.49111470113087,559,4.196778880032084,299.3470483005367,7,4.270401599154846,2957.8571428571427,339,4.332872839205656,469.6607669616519,482,4.093577113856151,291.04771784232366
MCF7_Phase_H4_2_03d12h00m_4.tif,MCF7,0.7424107649967018,84.0,795,4.087573723523359,243.88427672955976,775,4.244101242675226,282.16,6,5.024492058831849,487.0,403,4.508437279535601,523.9131513647643,633,4.005134682281954,243.7772511848341
MCF7_Phase_H4_1_02d00h00m_2.tif,MCF7,0.39291085773601436,48.0,377,4.280656812379248,302.3262599469496,381,4.2064429326253885,315.2178477690289,12,4.117138311890425,3140.6666666666665,237,4.384104392011224,496.38396624472574,330,4.165544822569762,321.04242424242426
MCF7_Phase_H4_1_03d16h00m_3.tif,MCF7,0.7580538460172779,88.0,840,4.170494950090858,269.6488095238095,821,4.210451125426292,297.6857490864799,1,4.033275747218373,4716.0,427,4.4509299962419275,549.2271662763466,744,4.039209440588928,267.6774193548387
MCF7_Phase_H4_2_01d04h00m_3.tif,MCF7,0.24659934700065056,28.0,152,4.295460269968072,536.9736842105264,205,4.286073557875686,445.6048780487805,24,4.4434839048953565,1923.7916666666667,119,4.309600320310511,743.8571428571429,149,4.14890309692218,474.73825503355704
MCF7_Phase_H4_2_02d08h00m_4.tif,MCF7,0.5124580397727344,56.0,489,4.198472584051559,264.65439672801637,557,4.182345639714008,297.1669658886894,5,4.031041113706597,1386.6,353,4.342844825744726,458.8611898016997,515,4.1109452253240315,288.59611650485436
MCF7_Phase_H4_2_00d20h00m_4.tif,MCF7,0.22327783011909436,20.0,171,4.203606193419909,405.16959064327483,200,4.118195516030066,359.995,27,4.459621998130571,2327.703703703704,154,4.158520070402949,453.94805194805195,188,4.150948585187842,375.0851063829787
MCF7_Phase_H4_2_03d04h00m_3.tif,MCF7,0.6301343706293676,76.0,648,4.385855181013686,286.51234567901236,621,4.20000109675182,302.80032206119165,4,5.232529463049033,3134.0,348,4.407113036368748,521.0258620689655,512,4.104489145903406,292.828125
MCF7_Phase_H4_1_00d16h00m_2.tif,MCF7,0.16819995069383273,16.0,113,4.347020822720221,450.1946902654867,144,4.165114499855485,378.3541666666667,28,4.417107239389305,1715.5357142857142,97,4.24545326517227,515.8144329896908,122,4.2033959079990275,415.9754098360656
MCF7_Phase_H4_2_00d08h00m_3.tif,MCF7,0.114781123661495,8.0,90,4.321699955049779,419.5,117,4.33559794001095,523.3247863247864,31,4.801713415817563,1870.3870967741937,77,4.280308876074656,781.5974025974026,87,4.2098769339383875,686.5862068965517
MCF7_Phase_H4_2_03d16h00m_4.tif,MCF7,0.698950956075184,88.0,780,4.245900668427507,239.67179487179487,777,4.242955149629468,296.94079794079795,6,4.656089027666357,365.8333333333333,351,4.524535919604456,598.2193732193732,648,3.9913469783900077,241.29475308641975
MCF7_Phase_H4_2_01d04h00m_4.tif,MCF7,0.25865547981315906,28.0,232,4.272989033353917,360.46120689655174,269,4.1666391610899005,322.6133828996283,23,4.3273530250236965,2861.2608695652175,177,4.237351530123172,470.48022598870057,248,4.18387998612445,320.2217741935484
MCF7_Phase_H4_1_00d20h00m_1.tif,MCF7,0.15968385448534034,20.0,125,4.259326085931281,420.432,139,4.1350380253855175,397.9928057553957,23,4.108740398112382,1235.1304347826087,112,4.174196945477368,480.2767857142857,124,4.19549694419259,462.03225806451616
MCF7_Phase_H4_1_02d12h00m_3.tif,MCF7,0.47002787396197576,60.0,441,4.462448837968953,329.4263038548753,449,4.225285795282332,327.29844097995544,6,4.909036259287069,8274.166666666666,263,4.386291108135061,543.4068441064638,377,4.21789468175112,331.14323607427053
MCF7_Phase_H4_1_02d00h00m_3.tif,MCF7,0.3438629298240765,48.0,302,4.295906214176349,328.16887417218544,306,4.197335146773293,337.10130718954247,17,5.0617100375722535,4424.411764705882,203,4.318033966482514,491.0886699507389,266,4.191303274329333,344.98496240601503
MCF7_Phase_H4_2_03d08h00m_3.tif,MCF7,0.5194186291247871,80.0,551,4.331065827666699,279.12704174228674,661,4.228039843069567,305.1951588502269,4,4.428544759540696,3237.5,360,4.43827775116164,545.4944444444444,569,4.115679722352888,287.2952548330404
MCF7_Phase_H4_2_00d16h00m_4.tif,MCF7,0.2085284217930571,16.0,163,4.1952584498468015,411.4355828220859,189,4.107489059719406,369.7989417989418,34,4.215507591351536,1810.7941176470588,149,4.1591676578994665,443.1744966442953,162,4.1787619100982685,407.0740740740741
MCF7_Phase_H4_1_03d08h00m_2.tif,MCF7,0.618518337521852,80.0,674,4.100114436176136,269.6973293768546,693,4.191886897473738,278.3939393939394,1,8.31973804393161,277.0,413,4.415620328915371,458.92978208232444,577,4.047217453885393,264.9896013864818
MCF7_Phase_H4_2_01d00h00m_3.tif,MCF7,0.23134320776879008,24.0,175,4.221681750229338,446.18857142857144,177,4.226430400531698,468.8022598870057,30,4.460571185657369,1712.7333333333333,124,4.198423935252862,616.9596774193549,139,4.168782451397143,527.4460431654676
MCF7_Phase_H4_1_01d04h00m_4.tif,MCF7,0.2790436442854041,28.0,249,4.315921326020404,347.83534136546183,260,4.104779271775509,340.43461538461537,32,4.122208344519265,2401.53125,199,4.165926443498539,433.31658291457285,236,4.122587513176578,353.0042372881356
MCF7_Phase_H4_1_02d20h00m_2.tif,MCF7,0.5345192655976874,68.0,530,4.175139699008211,259.8905660377358,553,4.244984317469848,314.0470162748644,7,4.349257301397867,2150.285714285714,352,4.448476607779343,486.32102272727275,517,4.107137960420314,285.66537717601545
MCF7_Phase_H4_1_00d12h00m_1.tif,MCF7,0.2562091619318087,12.0,104,4.407885990492633,407.50961538461536,103,4.16606239626402,396.93203883495147,27,4.436913256257193,1073.2592592592594,84,4.206916575042948,483.0833333333333,99,4.2182001814381005,429.74747474747477
MCF7_Phase_H4_2_02d04h00m_1.tif,MCF7,0.413338443373039,52.0,399,4.401639666427274,313.3208020050125,393,4.148783847490611,314.7226463104326,11,4.383047430129181,5291.818181818182,256,4.2862736864335345,468.88671875,355,4.16721035878959,329.40281690140847
MCF7_Phase_H4_1_01d16h00m_1.tif,MCF7,0.2623669012237873,40.0,249,4.3012459698773196,309.69879518072287,252,4.151315023560562,334.3690476190476,19,4.109699424668345,3250.4210526315787,175,4.21974062735836,467.1142857142857,235,4.161152314124423,348.9021276595745
MCF7_Phase_H4_1_03d00h00m_2.tif,MCF7,0.5287365679632886,72.0,570,4.21846532613179,260.45438596491226,561,4.220668482547649,304.27807486631013,3,5.815636925384094,3656.0,325,4.441927927757464,511.48,495,4.086759548343498,290.5070707070707
MCF7_Phase_H4_2_03d04h00m_4.tif,MCF7,0.7037962463122849,76.0,729,4.194983430576684,247.50754458161865,791,4.24538758250339,284.0404551201011,2,3.969723874089528,230.5,425,4.472916794033173,502.4964705882353,639,4.0272255069632665,255.97652582159625
MCF7_Phase_H4_2_00d12h00m_3.tif,MCF7,0.12889119768903093,12.0,98,4.3353520984612475,431.765306122449,125,4.287017961471024,542.024,31,4.550214413622827,2110.451612903226,79,4.251540563755561,852.8860759493671,97,4.204124638743076,612.6701030927835
MCF7_Phase_H4_1_02d04h00m_1.tif,MCF7,0.2617792908653832,52.0,239,4.358330228841502,362.22594142259413,326,4.173637258085036,334.7760736196319,15,4.102009502924094,2702.6666666666665,190,4.331035999943459,552.6421052631579,286,4.119599401786932,325.27272727272725
MCF7_Phase_H4_2_01d08h00m_3.tif,MCF7,0.29506380818402,32.0,199,4.341010665653681,494.643216080402,218,4.264305328118541,446.77064220183485,23,4.35709042233842,1922.5652173913043,130,4.27833251391824,693.1615384615385,172,4.177897925482686,445.1453488372093
MCF7_Phase_H4_1_00d08h00m_4.tif,MCF7,0.18804997432254789,8.0,131,4.508571448998895,437.2290076335878,149,4.201859540978084,397.2953020134228,38,4.4383343485919236,1250.842105263158,118,4.285801292107771,493.3474576271187,133,4.320500065448558,448.9398496240602
MCF7_Phase_H4_1_00d12h00m_2.tif,MCF7,0.16380822702687822,12.0,126,4.345363318066925,410.8333333333333,125,4.127484429224218,415.072,29,4.490338867880408,1498.2068965517242,87,4.214870120178248,538.6896551724138,113,4.15839164675629,438.04424778761063
MCF7_Phase_H4_1_02d16h00m_1.tif,MCF7,0.44766551696350065,64.0,455,4.330926896697473,299.6747252747253,438,4.224895247176636,328.65296803652967,8,4.337650353982023,5937.25,265,4.347955433597804,498.4301886792453,408,4.116912021014327,309.9950980392157
MCF7_Phase_H4_2_00d16h00m_2.tif,MCF7,0.21628220552885596,16.0,171,4.224019881955628,403.87719298245617,187,4.182411887523018,382.5668449197861,31,4.2686787813869875,1810.9032258064517,131,4.2444977112658675,537.4427480916031,169,4.188419391924118,401.2603550295858
MCF7_Phase_H4_2_03d08h00m_1.tif,MCF7,0.7358386403245198,80.0,748,4.245779606326858,244.33155080213905,725,4.1695603350743715,283.1531034482759,2,6.093021219461048,1162.5,378,4.353046637926704,492.94444444444446,668,4.021126955040904,245.57634730538922
MCF7_Phase_H4_2_00d12h00m_4.tif,MCF7,0.16651959598994895,12.0,129,4.29956530268325,415.85271317829455,162,4.13350322639967,373.11728395061726,36,4.357469075640399,1507.4444444444443,125,4.175523686059701,461.544,154,4.172984927350428,384.7077922077922
MCF7_Phase_H4_2_02d04h00m_4.tif,MCF7,0.4364957794744292,52.0,437,4.2982098339138854,311.1395881006865,515,4.179897705946238,297.8038834951456,8,4.4412949765834,2636.625,341,4.335383136077983,441.90615835777123,466,4.134298559771851,301.2360515021459
MCF7_Phase_H4_1_03d16h00m_1.tif,MCF7,0.6570621958315337,88.0,713,4.0733035959010495,267.33239831697057,678,4.162982812568006,291.0575221238938,8,4.030154636687007,432.625,400,4.390198263478717,472.94,629,4.020651481602729,264.31796502384736
MCF7_Phase_H4_2_01d04h00m_2.tif,MCF7,0.2039056794962901,28.0,198,4.220951920844241,329.1818181818182,274,4.14068952765092,321.27372262773724,29,4.478290182524243,2603.2413793103447,200,4.207117821504764,426.08,257,4.131819872316484,318.87548638132296
MCF7_Phase_H4_2_02d08h00m_1.tif,MCF7,0.42090911972793355,56.0,407,4.356180434817661,317.5872235872236,429,4.1739861063123325,328.28205128205127,8,4.1601143465662345,4418.625,302,4.250705494954447,440.28145695364236,403,4.160048949472385,323.98511166253104
MCF7_Phase_H4_2_00d12h00m_1.tif,MCF7,0.12243637306053307,12.0,109,4.210709829912519,343.5045871559633,111,4.120106733208298,382.3783783783784,29,4.400992041790982,1264.3103448275863,89,4.156194779035347,462.35955056179773,106,4.199226595623699,387.08490566037733
MCF7_Phase_H4_1_03d04h00m_2.tif,MCF7,0.5758362718531246,76.0,611,4.211563263871734,258.1080196399345,607,4.2329149062824625,299.7067545304778,2,4.119715994812377,2785.0,381,4.414915825350048,473.49081364829397,549,4.045317285732809,278.35883424408013
MCF7_Phase_H4_2_01d20h00m_2.tif,MCF7,0.37886644845388595,44.0,390,4.261396476345162,305.24871794871797,422,4.18231402997567,314.5118483412322,20,4.5379231016212715,2852.6,250,4.2652384337872045,513.8,379,4.103322658347092,298.0923482849604
MCF7_Phase_H4_2_01d04h00m_1.tif,MCF7,0.1690577040537603,28.0,173,4.140208563333772,327.1734104046243,196,4.056587603005941,327.41326530612247,26,4.185271009229256,2079.1923076923076,148,4.112711777528209,423.5067567567568,195,4.075748778851636,322.6102564102564
MCF7_Phase_H4_1_01d20h00m_1.tif,MCF7,0.24607501133634296,44.0,221,4.213631781183391,345.8371040723982,275,4.13889197527178,315.7309090909091,19,4.281008164762207,3456.315789473684,202,4.239915426354379,427.5693069306931,256,4.114574559947271,320.2578125
MCF7_Phase_H4_2_03d16h00m_1.tif,MCF7,0.6209018373033282,88.0,734,4.30082888927876,241.9291553133515,775,4.166999173036799,272.5767741935484,6,5.147005538766327,654.3333333333334,446,4.430600809234311,463.0762331838565,685,4.017368197154918,236.27883211678832
MCF7_Phase_H4_1_02d16h00m_3.tif,MCF7,0.5184123916903419,64.0,507,4.4404084785083695,319.8145956607495,491,4.211767558376233,328.2668024439919,3,4.626818671308896,7242.666666666667,296,4.353225734002929,523.5304054054054,416,4.166121787987746,335.44711538461536
MCF7_Phase_H4_1_02d20h00m_1.tif,MCF7,0.4835747294307294,68.0,497,4.138931314626957,268.9275653923541,474,4.260385726024357,326.1877637130802,6,4.24356000066089,3128.6666666666665,273,4.369132415051507,510.1758241758242,446,4.0927734263467,299.3340807174888
MCF7_Phase_H4_2_03d12h00m_2.tif,MCF7,0.754727328862545,84.0,829,4.235704374005696,225.29674306393244,798,4.231056462633742,295.3784461152882,2,3.781038364438077,987.5,383,4.465241766635975,552.7258485639687,641,4.00349464288585,243.49921996879874
MCF7_Phase_H4_1_02d04h00m_2.tif,MCF7,0.3271721474814176,52.0,296,4.473238382549846,355.35135135135135,430,4.2076201134576126,305.9627906976744,8,4.135758024742713,2200.5,270,4.376578359262132,473.93333333333334,360,4.1716098781443085,316.5722222222222
MCF7_Phase_H4_2_01d12h00m_1.tif,MCF7,0.2953081501311153,36.0,241,4.336533870483572,375.5809128630705,232,4.137305959530571,349.0818965517241,20,4.310605896462232,3026.9,186,4.191660623146477,418.85483870967744,226,4.204622493802093,353.9911504424779
MCF7_Phase_H4_2_03d00h00m_2.tif,MCF7,0.6630573277698784,72.0,651,4.180753789877337,234.19969278033795,739,4.191990476926816,284.6468200270636,2,3.786253823255459,831.0,422,4.35779493981333,471.6232227488152,627,4.045857208308593,263.39234449760767
MCF7_Phase_H4_2_03d16h00m_3.tif,MCF7,0.6513928232899996,88.0,716,4.324434520087503,264.1815642458101,758,4.177428908810831,284.0620052770449,6,4.666625297518395,367.1666666666667,432,4.421938609356145,486.99305555555554,632,4.0509034986306425,262.12025316455697
MCF7_Phase_H4_2_03d08h00m_2.tif,MCF7,0.6736426949027488,80.0,714,4.278634943028668,245.25070028011206,772,4.229197019179049,285.94170984455957,3,4.084133766979707,668.0,399,4.495822226741777,518.671679197995,630,4.028730617865594,246.61269841269842
MCF7_Phase_H4_1_01d16h00m_3.tif,MCF7,0.26329006310095143,40.0,195,4.348281624282055,402.67692307692306,243,4.186011031553823,358.52263374485597,20,4.38002118223052,3237.6,168,4.262424088324688,493.4642857142857,205,4.227904217079179,380.77560975609754
MCF7_Phase_H4_1_01d12h00m_3.tif,MCF7,0.24317503332604629,36.0,213,4.347279644228925,350.962441314554,219,4.161636816136341,347.027397260274,22,4.285736921593199,2745.318181818182,153,4.216891903842725,452.5032679738562,200,4.205675939726314,360.62
MCF7_Phase_H4_2_01d20h00m_4.tif,MCF7,0.3628835038789311,44.0,380,4.253019408803841,294.14473684210526,418,4.189256436687506,303.9856459330144,14,4.758464506780395,2402.5714285714284,283,4.265678472488803,433.51236749116606,379,4.124461560706807,295.10026385224273
MCF7_Phase_H4_2_02d16h00m_2.tif,MCF7,0.5619231977983015,64.0,572,4.287623572035212,268.31643356643355,647,4.218388111273878,297.1792890262751,4,4.051285156994803,4078.75,356,4.454494349711698,528.0814606741573,562,4.108359801611151,288.1868327402135
MCF7_Phase_H4_1_02d08h00m_3.tif,MCF7,0.4176769580419584,56.0,370,4.410251730175626,339.0891891891892,389,4.238879211288824,342.34447300771205,11,5.001710754141843,7633.818181818182,227,4.367016579885228,549.7753303964757,317,4.19691014545424,350.3343848580442
MCF7_Phase_H4_2_01d20h00m_1.tif,MCF7,0.31056320312499325,44.0,304,4.21311686333977,320.86842105263156,322,4.103629512915519,309.0776397515528,15,4.590899127724703,4496.466666666666,238,4.1804140327308,407.1932773109244,290,4.120849556904657,310.13793103448273
MCF7_Phase_H4_1_02d00h00m_4.tif,MCF7,0.4125651566597621,48.0,380,4.3522355853333625,348.08684210526314,441,4.155154283544548,321.61224489795916,15,4.294029596500277,3906.4666666666667,292,4.2408978252111185,454.56164383561645,390,4.114352476840506,326.83589743589744
MCF7_Phase_H4_2_02d20h00m_3.tif,MCF7,0.5535541352982992,68.0,564,4.415347501726836,291.50531914893617,536,4.223658164325319,306.14179104477614,7,5.0129475218099175,2285.8571428571427,315,4.4389222598732845,514.2253968253968,472,4.157767834777058,302.46822033898303
MCF7_Phase_H4_2_01d12h00m_2.tif,MCF7,0.35994131214488206,36.0,307,4.344310507512048,362.4885993485342,338,4.145841346643665,318.91715976331363,23,4.157101610916284,2377.2608695652175,245,4.240377424314397,434.71836734693875,312,4.179855822334177,328.6474358974359
MCF7_Phase_H4_2_00d16h00m_3.tif,MCF7,0.224592063619991,16.0,103,4.324446739320504,716.1553398058253,135,4.2375681142602,510.0074074074074,28,4.3353092222266305,1692.3214285714287,87,4.283753742804437,768.1264367816092,95,4.21465989494996,661.5578947368421
MCF7_Phase_H4_2_01d08h00m_1.tif,MCF7,0.22679269531249244,32.0,189,4.19998656346997,359.1746031746032,224,4.098797218962062,316.05357142857144,23,4.201581878720441,2602.086956521739,172,4.112376757721995,393.6279069767442,211,4.131191058945454,328.6445497630332
MCF7_Phase_H4_2_01d00h00m_4.tif,MCF7,0.20558430998689173,24.0,194,4.241631368123894,345.0773195876289,232,4.1343743664398485,338.3405172413793,26,4.412086261618127,2448.3076923076924,184,4.184496846913643,420.9347826086956,219,4.160673263815647,343.7351598173516
MCF7_Phase_H4_2_01d00h00m_2.tif,MCF7,0.2475994232134965,24.0,251,4.206891024979811,308.1832669322709,252,4.132447473441617,331.2420634920635,28,4.4553928246927565,2574.3928571428573,187,4.190735920591188,427.39572192513367,219,4.120108155510073,346.30593607305934
MCF7_Phase_H4_2_02d00h00m_3.tif,MCF7,0.31549934713725997,48.0,280,4.229916762099737,355.2607142857143,336,4.246365086779441,354.55059523809524,12,4.216215081244876,2031.6666666666667,218,4.386144890683592,536.697247706422,267,4.200893872937601,360.1947565543071
MCF7_Phase_H4_2_00d08h00m_1.tif,MCF7,0.11940889955747401,8.0,95,4.298521593775609,397.38947368421054,95,4.127218045834357,395.41052631578947,29,4.54239181339736,1105.0344827586207,86,4.159475318984192,439.8720930232558,94,4.210402480943002,392.8829787234043
MCF7_Phase_H4_1_01d08h00m_3.tif,MCF7,0.21535336224322235,32.0,177,4.408693859218352,375.638418079096,201,4.165173230019066,358.5621890547264,24,4.240841199894566,2498.25,134,4.228739196979837,471.8805970149254,162,4.211974500963594,396.80864197530866
MCF7_Phase_H4_2_00d08h00m_2.tif,MCF7,0.15744005272071537,8.0,141,4.274727732733511,346.17021276595744,146,4.174567669095657,369.0890410958904,38,4.633973435412557,1322.2894736842106,122,4.208453695699493,433.76229508196724,134,4.220730787433943,387.2686567164179
MCF7_Phase_H4_1_02d08h00m_4.tif,MCF7,0.5451786500218533,56.0,567,4.3460469139066005,296.21516754850086,558,4.1662297547889136,306.1254480286738,9,4.587862796089965,3587.4444444444443,385,4.261675237915903,427.15064935064936,499,4.0975037765846425,302.07815631262525
MCF7_Phase_H4_2_02d12h00m_1.tif,MCF7,0.492873423841789,60.0,502,4.360179938519031,279.8386454183267,490,4.12245121325252,293.5795918367347,6,4.845611024761193,5656.833333333333,312,4.243359256173339,449.5416666666667,452,4.112162355900444,288.146017699115
MCF7_Phase_H4_2_02d16h00m_4.tif,MCF7,0.5904265664609015,64.0,643,4.148891090497211,258.54587869362365,614,4.200062078927572,288.185667752443,6,4.491497700033227,1089.0,330,4.382664909155102,505.1878787878788,588,4.0588259327155445,267.3656462585034
MCF7_Phase_H4_2_03d00h00m_3.tif,MCF7,0.5003883730332241,72.0,499,4.301600698989555,280.7775551102204,565,4.204393736935362,314.4442477876106,5,4.437229283790062,1047.8,325,4.370467607019394,512.9876923076923,492,4.115494049664314,298.3963414634146
MCF7_Phase_H4_2_02d08h00m_2.tif,MCF7,0.5233171523984038,56.0,533,4.181631303864467,265.5403377110694,558,4.2264240663181,308.9498207885305,9,4.982771864619436,2663.8888888888887,325,4.382677443516156,490.37538461538463,476,4.108800039203298,302.0189075630252
MCF7_Phase_H4_1_00d20h00m_2.tif,MCF7,0.191926697579764,20.0,162,4.304822570417419,363.0432098765432,166,4.186421482298632,373.7590361445783,24,4.390938069482001,1936.5,128,4.2682012753027125,475.953125,151,4.206976012562122,406.28476821192055
MCF7_Phase_H4_1_00d12h00m_4.tif,MCF7,0.199142346754818,12.0,162,4.291942084616115,383.31481481481484,168,4.175603725433188,391.5654761904762,36,4.337911594680479,1488.75,131,4.257296273008161,481.87786259541986,148,4.208729531238121,431.7432432432432
MCF7_Phase_H4_1_02d08h00m_1.tif,MCF7,0.384207790373675,56.0,335,4.228409592359076,351.9134328358209,397,4.157353832755598,321.6523929471033,11,4.244739554684749,3684.0,281,4.260259286785772,443.3594306049822,350,4.110078579118242,324.13428571428574
MCF7_Phase_H4_2_00d12h00m_2.tif,MCF7,0.17126214898382988,12.0,126,4.335273194366136,421.8412698412698,163,4.152612971069553,380.76687116564415,34,4.510162578489645,1675.5588235294117,126,4.223704005105207,483.3015873015873,137,4.184319716883018,420.88321167883214
MCF7_Phase_H4_1_03d08h00m_3.tif,MCF7,0.6530734780648965,80.0,681,4.166061851540912,296.1189427312775,722,4.19246778785671,297.2146814404432,5,5.119497437760112,1047.6,421,4.404600283510885,490.9667458432304,614,4.077566323365448,288.8697068403909
MCF7_Phase_H4_1_03d00h00m_1.tif,MCF7,0.44636853146853683,72.0,476,4.227842504295275,279.0924369747899,505,4.276594827242629,326.07128712871287,3,5.6254370563719815,5402.333333333333,276,4.395139270471828,541.9384057971015,462,4.092172501876264,301.2056277056277
MCF7_Phase_H4_1_00d16h00m_3.tif,MCF7,0.15113505586211648,16.0,87,4.310791195930177,534.471264367816,108,4.155331663198624,437.43518518518516,29,4.455554871725297,1545.4827586206898,83,4.214718175515734,545.6144578313254,91,4.222815256037144,514.6703296703297
MCF7_Phase_H4_1_03d08h00m_1.tif,MCF7,0.5454541682145817,80.0,589,4.235842908594058,259.22410865874366,625,4.224235477380943,302.2576,2,3.7735388660459313,808.5,326,4.440881003497824,535.4355828220858,603,4.050556144249043,268.91210613598673
MCF7_Phase_H4_1_00d20h00m_4.tif,MCF7,0.25370202906466593,20.0,190,4.2165007116212125,416.40526315789475,205,4.094409343845753,393.42439024390245,34,3.999304397431687,1688.0588235294117,171,4.122142760095898,453.7309941520468,192,4.1252562418192325,413.5833333333333
MCF7_Phase_H4_2_02d00h00m_4.tif,MCF7,0.4762265596317781,48.0,507,4.36558380227488,283.7889546351085,477,4.1621611913426815,292.1614255765199,11,4.908302634785816,2532.3636363636365,335,4.277391262466468,416.74328358208953,438,4.126463098869192,296.2191780821918
MCF7_Phase_H4_1_03d00h00m_3.tif,MCF7,0.5295157275732207,72.0,547,4.2207491796989265,276.3747714808044,588,4.200513369987822,306.3350340136054,4,3.996908638062447,1703.25,301,4.417381824402201,556.5614617940199,499,4.087607264616736,293.3306613226453
MCF7_Phase_H4_2_01d08h00m_4.tif,MCF7,0.3145051472355707,32.0,301,4.325161244333149,327.36544850498336,312,4.145052360776785,326.09935897435895,20,4.06191970678505,2244.7,199,4.262693699274983,476.50251256281405,262,4.167294654831683,344.5763358778626
MCF7_Phase_H4_1_03d12h00m_2.tif,MCF7,0.6518883890133347,84.0,685,4.153368136128775,275.7810218978102,728,4.220627484137044,280.5357142857143,2,4.831959825738629,368.0,410,4.441518940483811,486.609756097561,573,4.023583219250538,258.5287958115183
MCF7_Phase_H4_1_02d20h00m_3.tif,MCF7,0.4772372731370144,68.0,474,4.175201121533329,281.7278481012658,550,4.203977628228864,305.16727272727275,5,4.326581693555225,4490.2,350,4.338960465133805,464.5028571428571,483,4.129405037052906,304.68737060041406
MCF7_Phase_H4_1_01d00h00m_4.tif,MCF7,0.25613366996284836,24.0,232,4.182835058180038,352.9310344827586,238,4.122181828127179,357.7142857142857,31,4.15908106284935,1928.483870967742,190,4.148627578905191,420.3263157894737,218,4.159480467823601,388.5550458715596
MCF7_Phase_H4_1_02d04h00m_4.tif,MCF7,0.47277800685641186,52.0,443,4.180627155275131,334.9977426636569,484,4.149191913204919,315.3388429752066,13,3.968013958661646,2651.153846153846,324,4.227841972585407,441.51234567901236,451,4.096832313195715,309.059866962306
MCF7_Phase_H4_1_03d04h00m_1.tif,MCF7,0.5253346183894053,76.0,560,4.164090675320235,262.1982142857143,585,4.208718060285332,305.51452991452993,3,5.241996188570647,6181.0,336,4.419157703826983,526.7708333333334,538,4.043283626672792,283.57063197026025
MCF7_Phase_H4_2_00d08h00m_4.tif,MCF7,0.1551523916903441,8.0,125,4.427923116220219,406.912,150,4.177535432233549,358.88666666666666,39,4.514855645785372,1301.6666666666667,115,4.252701149293233,464.31304347826085,134,4.27783993398267,379.3955223880597
MCF7_Phase_H4_1_03d08h00m_4.tif,MCF7,0.5713052589598044,80.0,624,4.05302791858727,281.8076923076923,728,4.233862125218753,299.85027472527474,2,3.646594052550727,159.0,355,4.522111095618946,577.0309859154929,608,3.993739827929341,260.5345394736842
MCF7_Phase_H4_1_00d16h00m_1.tif,MCF7,0.1456218704927876,16.0,115,4.26745941069691,411.95652173913044,125,4.114390218140276,391.24,24,4.2632281494262605,1508.5416666666667,95,4.174574237680602,508.6421052631579,116,4.189472346654249,448.7931034482759
MCF7_Phase_H4_2_02d12h00m_3.tif,MCF7,0.4800029888275809,60.0,463,4.39428128965699,320.78833693304534,442,4.174980166108292,330.1990950226244,5,3.783552768391813,1539.6,288,4.332220097193987,483.5763888888889,401,4.156778370975529,330.5511221945137
MCF7_Phase_H4_1_01d12h00m_1.tif,MCF7,0.2508744645979011,36.0,219,4.379024985719433,355.675799086758,224,4.165819881084102,347.0982142857143,20,4.049660110373242,2763.2,171,4.225421446955106,438.5263157894737,210,4.1534555909661455,356.34285714285716
MCF7_Phase_H4_1_01d00h00m_2.tif,MCF7,0.18876659391389655,24.0,174,4.182474969920608,347.13793103448273,192,4.138176662755323,348.03125,23,4.341759318075594,2358.8260869565215,146,4.216191285032018,440.75342465753425,171,4.133276699776749,372.7543859649123
MCF7_Phase_H4_1_00d16h00m_4.tif,MCF7,0.23025126447770775,16.0,158,4.281970126774941,460.253164556962,184,4.118406460754061,388.0923913043478,34,4.300840160783397,1786.4705882352941,135,4.158213776315944,492.94074074074075,158,4.161277386468541,430.06962025316454
MCF7_Phase_H4_1_03d16h00m_2.tif,MCF7,0.6522141346153635,88.0,712,4.1344594927930025,248.3370786516854,743,4.184010944298415,273.6581426648721,3,5.6724735539364834,1074.6666666666667,426,4.380397622112291,451.28403755868544,631,4.005666548037691,243.743264659271
MCF7_Phase_H4_2_01d16h00m_2.tif,MCF7,0.3402855766498985,40.0,328,4.233043655936054,308.4237804878049,376,4.144595928296631,312.6276595744681,21,4.045788651781536,2564.5238095238096,233,4.235704254513425,487.83690987124464,332,4.151356308977222,316.5722891566265
MCF7_Phase_H4_2_03d04h00m_1.tif,MCF7,0.6885824105386741,76.0,764,4.31798769836884,252.69502617801047,728,4.136933390259087,280.625,2,7.2405550293718495,3752.0,459,4.273301918337496,417.69498910675384,677,4.057859913972287,263.02511078286557
MCF7_Phase_H4_1_01d04h00m_2.tif,MCF7,0.22676428567526405,28.0,218,4.374435303803318,339.06880733944956,229,4.155252557197953,316.5589519650655,24,4.266049667175531,2510.2916666666665,159,4.254953390520143,450.47798742138366,201,4.17828219577076,329.41293532338307
MCF7_Phase_H4_1_00d08h00m_2.tif,MCF7,0.12451742078234165,8.0,99,4.274166930810186,407.07070707070704,111,4.115872620830529,404.963963963964,35,4.343812948745936,1155.7142857142858,90,4.156367836434393,501.5,102,4.141470891528514,428.3627450980392
MCF7_Phase_H4_2_02d00h00m_1.tif,MCF7,0.3539260380244945,48.0,325,4.241429545556231,330.0338461538461,338,4.146024217680893,321.4112426035503,12,4.398958495747774,5061.5,234,4.271335071542212,443.0769230769231,312,4.157206577356577,321.40705128205127
MCF7_Phase_H4_1_03d04h00m_4.tif,MCF7,0.6673949608009119,76.0,710,4.188702971545601,247.74225352112677,762,4.213803091787219,297.81889763779526,1,3.8518260662365864,720.0,363,4.498137878665062,571.3305785123966,638,3.990101963820974,263.2147335423198
MCF7_Phase_H4_2_01d16h00m_3.tif,MCF7,0.30499526701811824,40.0,220,4.337221586309405,456.0272727272727,257,4.2663094367631125,407.7509727626459,16,4.528567620968291,2314.5,182,4.338028934011261,564.1923076923077,216,4.223144244654007,363.2175925925926
MCF7_Phase_H4_1_03d16h00m_4.tif,MCF7,0.669893112434439,88.0,746,4.210885498331299,247.9785522788204,680,4.3061143523556416,301.5764705882353,4,5.8924248076892045,918.5,317,4.622049364615982,623.0662460567823,571,3.998994916378423,251.12259194395796
MCF7_Phase_H4_1_01d00h00m_3.tif,MCF7,0.17399563701922222,24.0,134,4.230623031280182,397.4850746268657,149,4.177042630434171,382.1006711409396,28,4.300511840121091,1806.75,94,4.254462000353547,543.2127659574468,129,4.214964903331715,419.27131782945736
MCF7_Phase_H4_2_00d20h00m_3.tif,MCF7,0.22060402138877203,20.0,111,4.218804306416246,646.7117117117117,154,4.250823207241299,499.9155844155844,29,4.340207560902036,1753.8275862068965,94,4.227530396088982,705.8297872340426,123,4.164834161640382,564.8211382113822
MCF7_Phase_H4_1_00d08h00m_1.tif,MCF7,0.09211874276114203,8.0,76,4.250992844865862,379.7368421052632,86,4.135912732484656,403.6162790697674,30,4.747667200141896,1150.6666666666667,72,4.205781795373227,459.94444444444446,85,4.215498907691274,423.4470588235294
MCF7_Phase_H4_1_02d16h00m_4.tif,MCF7,0.5450673646470691,64.0,592,4.107845127224836,261.0371621621622,635,4.193468766645093,302.251968503937,7,4.4507628171336835,1893.7142857142858,366,4.356463721589109,515.5901639344262,553,4.063747079555607,288.74321880650996
MCF7_Phase_H4_2_03d12h00m_3.tif,MCF7,0.6106527433894278,84.0,649,4.360603883464397,268.2342064714946,697,4.177099199833431,281.64562410329984,5,4.252806220400712,396.8,387,4.43513414037763,493.28165374677,564,4.044757012775361,268.83156028368796
MCF7_Phase_H4_1_02d12h00m_2.tif,MCF7,0.5211292571295854,60.0,544,4.373193412712552,297.30514705882354,538,4.180551845372892,297.03345724907064,7,4.413520619932845,3061.8571428571427,325,4.337222254542516,465.2307692307692,451,4.107128514534259,293.7139689578714
MCF7_Phase_H4_1_01d08h00m_1.tif,MCF7,0.22113996763003596,32.0,189,4.349879357351701,365.6137566137566,193,4.136318287029076,341.6580310880829,21,4.072963700341348,1545.1904761904761,149,4.175112218613016,444.38255033557044,184,4.139435427758101,354.1358695652174
MCF7_Phase_H4_2_03d08h00m_4.tif,MCF7,0.6900440187936903,80.0,766,4.350967108286925,252.33942558746736,759,4.2527626046258025,278.1949934123847,5,5.189089308141783,337.2,427,4.5278196528441015,482.94145199063234,662,4.04341356493101,250.47280966767372
MCF7_Phase_H4_1_02d04h00m_3.tif,MCF7,0.3667615521197601,52.0,323,4.271602976017719,348.3777089783282,344,4.237779819733557,339.46220930232556,16,4.961982987428874,5397.375,221,4.3653572588855365,506.2307692307692,305,4.19144354780363,333.58032786885246
MCF7_Phase_H4_1_03d12h00m_1.tif,MCF7,0.5574503571623615,84.0,611,4.094888752467299,284.671031096563,638,4.225456002640768,299.26645768025077,2,5.138568584219354,11559.0,379,4.439443177511392,482.3245382585752,588,4.0416085217893585,266.75850340136054
MCF7_Phase_H4_2_03d16h00m_2.tif,MCF7,0.7196951333042039,88.0,812,4.277246162968099,234.6822660098522,794,4.236630058799322,313.97229219143577,1,4.279109801484583,214.0,306,4.510712112817203,667.718954248366,649,3.9820663446524653,236.18952234206472
MCF7_Phase_H4_2_01d16h00m_4.tif,MCF7,0.36486097109920596,40.0,350,4.252986330977395,323.8885714285714,374,4.13921613612672,312.6711229946524,13,4.271072398495445,2516.3076923076924,252,4.290025496137862,459.25396825396825,337,4.172056690421819,317.90207715133533
MCF7_Phase_H4_2_02d00h00m_2.tif,MCF7,0.47522722260162226,48.0,473,4.192194790183182,310.5095137420719,477,4.157062218207887,307.59329140461216,16,4.138179802717456,3834.125,300,4.303640851070805,468.9633333333333,401,4.110157628416449,302.142144638404
MCF7_Phase_H4_1_01d04h00m_3.tif,MCF7,0.194664584107301,28.0,159,4.335406623819383,395.1383647798742,168,4.113216604339769,377.5892857142857,24,4.2997819655727625,2159.8333333333335,116,4.159038097816579,515.1637931034483,149,4.1754770151867895,399.6442953020134
MCF7_Phase_H4_1_01d08h00m_4.tif,MCF7,0.3143912318345732,32.0,288,4.299824355914966,346.77430555555554,292,4.135364030225817,346.8972602739726,30,4.085297801353128,2313.633333333333,195,4.1868713355287905,489.84615384615387,260,4.119518413280766,358.1307692307692
MCF7_Phase_H4_2_03d00h00m_1.tif,MCF7,0.5830214461320011,72.0,539,4.223032153826458,325.2578849721707,676,4.131578622111919,283.24852071005915,2,6.107151841975464,3324.5,445,4.292238236646446,419.82022471910113,618,4.058221907423078,270.56310679611653
MCF7_Phase_H4_1_01d12h00m_4.tif,MCF7,0.3423966313374308,36.0,308,4.259217311694652,344.038961038961,326,4.1115337868125295,342.0092024539877,23,4.137122427455152,2945.9565217391305,234,4.225110571324123,480.1111111111111,290,4.112638147325251,362.2793103448276
Huh7_Phase_A12_1_03d16h00m_2.tif,Huh7,0.25414025663789286,88.0,43,4.3862010289731765,1737.2558139534883,72,4.5214745427648575,1087.1805555555557,14,4.978009182133581,4342.428571428572,29,4.617555009820886,2235.5172413793102,35,4.246908507678346,1894.0285714285715
BV2_Phase_A4_2_00d16h00m_2.tif,BV2,0.04232529010052234,16.0,59,3.683779042750771,189.33898305084745,54,3.60414916649027,179.35185185185185,34,4.1032476636841135,384.97058823529414,57,3.66813366223282,199.89473684210526,54,3.6182261553913238,182.55555555555554
BV2_Phase_A4_1_01d20h00m_3.tif,BV2,0.21542465594952145,44.0,280,3.679955545890066,189.43571428571428,360,3.7183133736934297,199.92222222222222,52,4.580450173951165,754.1923076923077,344,3.7622513573315546,220.21802325581396,347,3.6748625317121357,194.95100864553314
BV2_Phase_A4_1_01d12h00m_2.tif,BV2,0.15327429851399202,36.0,192,3.632980322079208,188.86979166666666,248,3.6938691246415805,196.94354838709677,42,5.015966687819766,1191.5238095238096,244,3.7335835976510316,213.077868852459,235,3.6682722789140167,191.1531914893617
BV2_Phase_A4_2_02d08h00m_4.tif,BV2,0.31884878715035103,56.0,303,3.7116342704930907,183.26072607260727,368,3.8012347667946718,194.12771739130434,60,4.887949463574937,871.5,355,3.9014318728838693,228.8281690140845,309,3.658730580256375,185.23624595469255
BV2_Phase_A4_2_00d12h00m_2.tif,BV2,0.036811243170888616,12.0,27,3.6246859114103382,178.44444444444446,36,3.597246535762741,185.41666666666666,35,3.984631242735641,328.2857142857143,44,3.685622415027765,199.8409090909091,41,3.6082336283733834,180.5609756097561
BV2_Phase_A4_1_02d08h00m_3.tif,BV2,0.30870919512129147,56.0,373,3.663965390495085,188.98123324396784,508,3.78988234555346,199.71259842519686,67,4.5137978765003295,800.3731343283582,482,3.8587491164138634,228.09128630705393,411,3.677288166773087,185.75425790754258
Huh7_Phase_A12_1_03d20h00m_4.tif,Huh7,0.27509481971154487,92.0,43,4.4080369543731095,1688.7209302325582,61,4.398402153935855,1253.344262295082,10,4.591659348266972,2247.0,30,4.363819094124484,2086.7,38,4.2851386438086125,1699.4473684210527
Huh7_Phase_A12_1_03d20h00m_3.tif,Huh7,0.25212373497596513,92.0,26,4.175946316528725,2573.6153846153848,62,4.349633042032819,1151.741935483871,8,4.991014667637598,4709.375,21,4.396579512838782,2777.6666666666665,28,4.143318878405194,2184.0714285714284
BV2_Phase_A4_1_00d08h00m_2.tif,BV2,0.03888864633413502,8.0,44,3.662945800494073,179.0909090909091,51,3.619950318665834,185.72549019607843,39,3.9744611990590615,319.2564102564103,54,3.66687099092355,194.5,52,3.6297572282174113,183.6346153846154
Huh7_Phase_A12_1_04d00h00m_4.tif,Huh7,0.2228497320257868,96.0,44,4.391773003558814,1487.3181818181818,57,4.4538168692248,1260.8947368421052,8,4.742633772222899,2681.0,28,4.526559089516526,2258.214285714286,37,4.3364884468983504,1694.3783783783783
BV2_Phase_A4_1_02d04h00m_3.tif,BV2,0.6295812946624008,52.0,403,3.6582582253176783,191.66253101736973,486,3.7993743374656375,201.90123456790124,55,4.485955276398122,634.7818181818182,463,3.859486935310086,228.6522678185745,442,3.6850893560602644,189.97511312217193
BV2_Phase_A4_1_02d12h00m_3.tif,BV2,0.4156009574409895,60.0,455,3.687140843100348,184.0791208791209,465,3.7853190273614508,191.41720430107526,48,4.587505096540611,760.6666666666666,482,3.9146009067262137,230.9688796680498,363,3.654383338766701,177.0137741046832
BV2_Phase_A4_1_01d20h00m_4.tif,BV2,0.2906538891772288,44.0,331,3.6834493996102915,183.71299093655588,469,3.7503440078327954,197.56289978678038,38,5.615860721927732,1944.4473684210527,463,3.8264995858350406,222.47732181425485,444,3.695504882158974,191.08333333333334
BV2_Phase_A4_2_01d04h00m_1.tif,BV2,0.13986355728255678,28.0,192,3.6728777809550692,192.00520833333334,194,3.660652333076057,188.78865979381445,42,4.816161248295287,989.8095238095239,198,3.691872849397968,199.86868686868686,199,3.663840813156645,187.26633165829145
BV2_Phase_A4_2_03d00h00m_2.tif,BV2,0.2496562845552895,72.0,128,3.6773471941949443,173.7890625,363,3.9476075824253214,186.38567493112947,28,4.79376849760566,975.1071428571429,406,4.173676562686944,255.98029556650246,169,3.626798642587844,167.74556213017752
Huh7_Phase_A12_1_03d16h00m_4.tif,Huh7,0.2376123763931391,88.0,42,4.440372696958301,1490.5,59,4.4379292245190065,1247.7966101694915,9,4.908759405743367,2020.4444444444443,29,4.400338947107722,2131.5862068965516,35,4.217625676110547,1628.6
BV2_Phase_A4_2_02d00h00m_2.tif,BV2,0.2677061179250444,48.0,342,3.6864093648472833,197.69298245614036,381,3.7312857861353024,197.9763779527559,65,4.664030518692169,964.3538461538461,381,3.7784613231097115,214.31496062992127,355,3.6649055904306347,189.1380281690141
BV2_Phase_A4_1_02d04h00m_1.tif,BV2,0.6909992960555198,52.0,427,3.6691295855114463,185.69086651053865,518,3.840528445297831,200.66409266409266,43,4.774624192575837,824.8372093023256,468,3.914473898205046,233.8397435897436,446,3.6967686012439116,186.0695067264574
BV2_Phase_A4_1_01d16h00m_4.tif,BV2,0.2456658929742068,40.0,266,3.714788722931555,181.15037593984962,386,3.7381820702716344,190.5259067357513,44,4.795657225535665,1151.7727272727273,385,3.805991114070296,218.36363636363637,336,3.6824796023100226,183.20238095238096
BV2_Phase_A4_1_01d08h00m_4.tif,BV2,0.15700102750764908,32.0,177,3.6281079899835396,177.954802259887,242,3.6793031726278094,185.3099173553719,46,5.0347696103178805,1151.9782608695652,247,3.713595331134303,199.26315789473685,226,3.6674904654965905,179.87610619469027
BV2_Phase_A4_2_00d20h00m_4.tif,BV2,0.06662511568509864,20.0,89,3.699154756253206,198.0561797752809,83,3.6274639324870677,190.04819277108433,34,4.286363753149109,513.9705882352941,86,3.6877020328865684,202.30232558139534,88,3.6430781051429375,190.22727272727272
BV2_Phase_A4_1_00d16h00m_2.tif,BV2,0.05662555739182149,16.0,61,3.6589386911040824,188.672131147541,65,3.640163305170423,182.16923076923078,35,4.368981368062683,503.54285714285714,69,3.693533927583501,201.69565217391303,62,3.6342136538478105,183.3548387096774
BV2_Phase_A4_1_02d00h00m_4.tif,BV2,0.729104135708036,48.0,427,3.67496009664708,185.89461358313818,552,3.7876830492553237,195.46557971014494,51,4.454568277034982,638.3529411764706,531,3.8744795809910473,229.83239171374765,470,3.684920816938116,185.89574468085107
BV2_Phase_A4_1_01d04h00m_4.tif,BV2,0.14483813797531167,28.0,195,3.6930010671243436,203.76923076923077,198,3.6607486197155095,194.75252525252526,45,4.730742499445246,893.9777777777778,202,3.693515922607336,202.35148514851485,188,3.6695213905413855,193.75
BV2_Phase_A4_2_01d20h00m_4.tif,BV2,0.210933151496942,44.0,265,3.679294158751858,195.34339622641508,306,3.814147820603322,210.93790849673204,32,5.072273326343312,1500.65625,290,3.862015716707842,236.80689655172415,269,3.6883742048963293,195.4981412639405
BV2_Phase_A4_1_01d04h00m_2.tif,BV2,0.1166642702414796,28.0,159,3.6828933860694013,198.35220125786162,155,3.6499986449597763,191.85806451612902,44,4.634892984619719,771.2272727272727,157,3.680082617770505,198.656050955414,149,3.648316076106965,190.6979865771812
BV2_Phase_A4_1_01d12h00m_1.tif,BV2,0.15826057282560488,36.0,178,3.644225114926969,181.51123595505618,251,3.70687420623025,190.59362549800798,32,5.254045366571274,1505.15625,248,3.7556372352757403,207.80241935483872,243,3.6826499116817164,185.62139917695472
BV2_Phase_A4_2_01d12h00m_2.tif,BV2,0.11487181189903498,36.0,141,3.654367127215528,192.02836879432624,195,3.671257741332738,197.53333333333333,52,4.464599348295294,699.8269230769231,197,3.6921428809684755,208.57868020304568,193,3.652684899889189,189.44041450777203
Huh7_Phase_A12_1_03d20h00m_1.tif,Huh7,0.44737744919143296,92.0,92,4.509566930470683,1443.8260869565217,124,4.389895547944282,1111.4193548387098,4,4.379139900459444,5651.0,41,4.554217759998024,2747.5853658536585,69,4.271426684384543,1767.8260869565217
BV2_Phase_A4_1_02d20h00m_3.tif,BV2,0.44353527862762127,68.0,413,3.7517574574325354,183.8450363196126,502,3.8809367223874767,185.21713147410358,25,5.264109444806617,1078.0,518,4.11395309667339,257.4131274131274,283,3.643160151515015,169.97879858657245
BV2_Phase_A4_1_02d12h00m_4.tif,BV2,0.44047389354783667,60.0,462,3.6863179813376568,183.8181818181818,563,3.845909443628592,187.42806394316165,37,4.750004157412469,750.1351351351351,594,3.9961645931939835,233.94949494949495,427,3.6670766891533195,176.0023419203747
BV2_Phase_A4_1_00d08h00m_1.tif,BV2,0.0389306009615481,8.0,46,3.633871800002439,175.5,53,3.661515490016713,184.9433962264151,40,4.042891557885824,325.15,54,3.6502799903719665,192.94444444444446,54,3.630599649222014,183.90740740740742
BV2_Phase_A4_1_00d16h00m_3.tif,BV2,0.06012445134943076,16.0,70,3.644137110141502,190.11428571428573,74,3.6770454672395783,189.3918918918919,41,4.245240621481157,435.0,78,3.694268579453938,200.65384615384616,72,3.619664247664152,183.66666666666666
BV2_Phase_A4_2_02d08h00m_3.tif,BV2,0.4262484388658094,56.0,418,3.7317215788101294,187.8421052631579,512,3.7983838133040333,198.115234375,47,5.165134872120726,1367.1702127659576,501,3.911041289627746,233.499001996008,442,3.679899564303781,188.4502262443439
BV2_Phase_A4_1_01d00h00m_3.tif,BV2,0.09105626475087045,24.0,114,3.6911998355068225,189.16666666666666,105,3.6916777621245536,188.9047619047619,33,4.726676478000714,752.2727272727273,114,3.731798699540226,202.6140350877193,95,3.649099163310826,185.30526315789473
BV2_Phase_A4_1_02d20h00m_1.tif,BV2,0.3433555750109213,68.0,140,3.631897564898498,175.2642857142857,417,4.111366637426013,200.55395683453239,20,4.584014115246948,513.5,377,4.437363241753732,316.46949602122015,156,3.64422934717431,169.05128205128204
BV2_Phase_A4_2_01d20h00m_1.tif,BV2,0.33478063674607345,44.0,382,3.6846306488828913,187.19895287958116,472,3.7768104691735096,198.3135593220339,35,4.727044757109695,1476.4285714285713,468,3.872737334663357,233.01068376068375,407,3.6742738767337983,186.64373464373463
BV2_Phase_A4_1_00d20h00m_3.tif,BV2,0.07590099390843538,20.0,100,3.6786207180194865,205.95,98,3.6405033997905183,196.4387755102041,40,4.280113096512169,531.325,102,3.6579377409816227,198.45098039215685,100,3.6434850535142727,199.21
BV2_Phase_A4_2_03d00h00m_4.tif,BV2,0.25755475811299555,72.0,95,3.6355449815765897,168.53684210526316,350,3.9639267188599145,192.44,22,5.107635367477567,1161.3181818181818,395,4.225417797294496,270.7443037974684,144,3.6353964004822643,165.89583333333334
Huh7_Phase_A12_1_03d12h00m_1.tif,Huh7,0.3887314825994275,84.0,58,4.469856073624613,2137.4137931034484,105,4.463463351102693,1227.2190476190476,6,4.141723366893209,985.5,37,4.4883437187268,2758.108108108108,63,4.332393547345174,1909.873015873016
BV2_Phase_A4_2_02d20h00m_3.tif,BV2,0.6082183488581787,68.0,364,3.6613437997982663,171.5631868131868,509,3.8448269506474126,179.6326129666012,13,4.100293902189036,468.84615384615387,597,4.043587975343284,235.60134003350083,331,3.676624753018834,167.64350453172204
Huh7_Phase_A12_1_03d12h00m_2.tif,Huh7,0.25579998524912045,84.0,37,4.434387325873745,1879.4864864864865,73,4.4636348453357275,1002.2739726027397,11,5.1399988166064805,4704.272727272727,24,4.54997883985843,2467.8333333333335,38,4.370917070826207,1682.157894736842
BV2_Phase_A4_1_00d16h00m_4.tif,BV2,0.06670611464706629,16.0,78,3.625929707621085,179.56410256410257,86,3.640503633527444,185.22093023255815,57,4.060833376581814,384.140350877193,86,3.660777339333954,190.88372093023256,79,3.6301400528422354,184.9367088607595
BV2_Phase_A4_2_01d00h00m_3.tif,BV2,0.08453774898929524,24.0,111,3.6779813849702374,195.76576576576576,114,3.646090338293483,190.96491228070175,37,4.496718314227911,672.2162162162163,117,3.672472144788334,197.47008547008548,108,3.6432887138639254,188.55555555555554
BV2_Phase_A4_1_03d00h00m_2.tif,BV2,0.510035373688807,72.0,185,3.658697502289624,171.04864864864865,445,4.025548309157573,185.1887640449438,11,4.724029596333692,318.3636363636364,555,4.318600861502216,258.7063063063063,197,3.652353777961945,169.49238578680203
BV2_Phase_A4_1_02d20h00m_4.tif,BV2,0.5016614584243987,68.0,241,3.6797576970534793,173.5643153526971,506,3.9186668671793177,187.88735177865613,9,4.154892375253516,389.1111111111111,568,4.1411748160610555,259.38204225352115,229,3.6601435207505126,171.707423580786
BV2_Phase_A4_2_01d16h00m_3.tif,BV2,0.1589731837303285,40.0,178,3.671737959386614,187.0056179775281,260,3.7448960639165603,194.41153846153847,49,4.969573243241286,1118.3673469387754,268,3.816299829723489,210.1044776119403,260,3.674940328506898,185.61153846153846
BV2_Phase_A4_1_02d16h00m_2.tif,BV2,0.6330409769722509,64.0,320,3.6906826343745904,179.73125,523,3.880257319548985,184.24856596558317,15,4.227676464986576,425.46666666666664,578,4.146912490790276,249.14359861591694,310,3.6610660514731945,172.6258064516129
BV2_Phase_A4_1_02d08h00m_2.tif,BV2,0.402693348994748,56.0,478,3.6441137901102434,184.7426778242678,611,3.7939205339372415,192.18166939443535,56,4.795409135434832,967.9642857142857,598,3.9206561156299107,229.44481605351172,529,3.6710894135721954,182.10586011342156
BV2_Phase_A4_2_02d16h00m_1.tif,BV2,0.4355319749781694,64.0,108,3.6556652445347635,168.91666666666666,431,3.978171258878195,188.5475638051044,33,5.190474885865648,443.8181818181818,428,4.2458997947230195,271.8341121495327,262,3.6808351425646326,176.46946564885496
BV2_Phase_A4_2_01d16h00m_4.tif,BV2,0.13004504957932603,40.0,155,3.6812100788268527,188.29677419354837,222,3.733996357510189,198.40540540540542,33,5.021940739553095,1315.2424242424242,216,3.820363297751149,224.15277777777777,206,3.6690319036832397,190.9368932038835
BV2_Phase_A4_1_00d16h00m_1.tif,BV2,0.06172735590580759,16.0,78,3.6721917169605254,185.47435897435898,76,3.650238516739857,182.55263157894737,40,4.1748904719243205,457.15,78,3.6874936093004798,198.66666666666666,72,3.641708944415097,183.18055555555554
BV2_Phase_A4_2_03d00h00m_3.tif,BV2,0.4622603331239238,72.0,162,3.6231725698964823,170.6604938271605,445,3.9105300992203,182.69662921348313,16,4.809333458079276,719.4375,542,4.188836951486616,251.89483394833948,225,3.6542945278077634,167.89777777777778
BV2_Phase_A4_2_02d00h00m_3.tif,BV2,0.2712982625382444,48.0,336,3.6956843976976606,195.69345238095238,399,3.775372877649075,196.83959899749374,37,5.8131576703587315,2186.108108108108,390,3.8374875115277,226.56410256410257,356,3.682191089082963,187.76123595505618
BV2_Phase_A4_2_00d08h00m_3.tif,BV2,0.03816924401770493,8.0,46,3.6795710077400168,188.30434782608697,44,3.613877376783718,182.5909090909091,36,3.8581258532728717,294.3888888888889,46,3.6264634702479612,184.7391304347826,43,3.595399257462212,181.58139534883722
BV2_Phase_A4_1_01d16h00m_3.tif,BV2,0.18749275417941302,40.0,232,3.733227654336026,185.83189655172413,264,3.7431577603405954,195.0340909090909,38,5.399520068895388,1346.1315789473683,261,3.796793849138522,215.81226053639847,243,3.6697980584315375,186.67078189300412
BV2_Phase_A4_1_00d12h00m_1.tif,BV2,0.044977520214162195,12.0,28,3.6712214566453425,178.60714285714286,45,3.7089527791940733,191.77777777777777,34,4.254790864895608,450.97058823529414,54,3.8437337996119454,217.74074074074073,40,3.636433740185956,184.675
BV2_Phase_A4_2_00d08h00m_2.tif,BV2,0.03082558156687436,8.0,40,3.636340999291787,196.9,39,3.5936310202299624,190.23076923076923,32,3.851198783345078,281.1875,38,3.6126987596293585,196.23684210526315,43,3.595145198864714,189.09302325581396
BV2_Phase_A4_1_02d04h00m_2.tif,BV2,0.7376357161003044,52.0,439,3.6578137439391463,186.2118451025057,549,3.781308557558319,195.87613843351548,41,4.387154748051412,812.9024390243902,531,3.8776355056286933,229.3653483992467,507,3.6934737712766115,186.93688362919133
BV2_Phase_A4_2_01d12h00m_4.tif,BV2,0.13676440368225182,36.0,146,3.6580587038094055,187.0,216,3.716747145651501,193.5601851851852,30,5.082703516075538,1351.3333333333333,209,3.731013066511151,205.5933014354067,205,3.672737031566285,189.4780487804878
BV2_Phase_A4_1_02d12h00m_2.tif,BV2,0.4869823258577368,60.0,505,3.703992188689644,184.55841584158415,513,3.8398503719578105,185.52436647173488,29,4.563806874327646,665.0,555,4.027482626826859,236.83783783783784,389,3.6608385375448895,175.2982005141388
BV2_Phase_A4_2_01d08h00m_3.tif,BV2,0.12626194465689972,32.0,171,3.703072670607871,199.9298245614035,155,3.6953580258887775,197.70322580645163,33,4.717654496249417,965.8484848484849,161,3.7498921816979194,211.67701863354037,148,3.668246106782097,189.82432432432432
BV2_Phase_A4_1_02d16h00m_3.tif,BV2,0.457328317717452,64.0,279,3.668647990606045,178.58064516129033,474,3.8606417337275905,189.8649789029536,30,4.379802041426487,628.5,499,4.028184543853434,244.46492985971943,311,3.6464252703113083,173.4855305466238
BV2_Phase_A4_1_00d08h00m_3.tif,BV2,0.04399540797093356,8.0,38,3.6148591794896254,176.07894736842104,45,3.6005191125306015,182.46666666666667,44,3.9446145526580123,300.97727272727275,49,3.709714103094995,193.12244897959184,54,3.615256213318009,183.7962962962963
BV2_Phase_A4_2_01d16h00m_2.tif,BV2,0.16141859716455179,40.0,201,3.6655816591828456,187.84577114427861,268,3.6910157760039577,192.47014925373134,54,4.718525933790051,850.8148148148148,268,3.719818399407381,203.4179104477612,259,3.6595527420636165,188.66795366795367
BV2_Phase_A4_1_00d20h00m_2.tif,BV2,0.07328117624563067,20.0,106,3.663607869899796,201.88679245283018,101,3.6141440818779613,193.5742574257426,42,4.3980831553780195,519.5,103,3.6360820718799958,197.74757281553397,100,3.6276757640327673,195.33
BV2_Phase_A4_2_02d20h00m_4.tif,BV2,0.4215697783271511,68.0,272,3.6609701517718207,175.3639705882353,385,3.940001660216535,191.74285714285713,34,5.405727461413386,1155.8823529411766,413,4.161962094299035,256.93946731234865,204,3.645968830054021,168.19607843137254
BV2_Phase_A4_2_00d20h00m_3.tif,BV2,0.06849652220825375,20.0,102,3.6671630767025754,202.38235294117646,94,3.6172193140855997,192.38297872340425,39,4.264893280695482,494.02564102564105,92,3.624373473323734,193.2826086956522,96,3.645795246719274,193.4375
BV2_Phase_A4_1_01d00h00m_1.tif,BV2,0.09848799196896842,24.0,129,3.6896659811690684,191.56589147286823,114,3.6828211347849664,189.23684210526315,35,4.532803549725133,734.3714285714286,116,3.728197439756323,201.31896551724137,112,3.650365929074144,185.125
BV2_Phase_A4_2_02d08h00m_1.tif,BV2,0.36667062008305523,56.0,396,3.71366312665215,182.0252525252525,574,3.842571204963317,192.70731707317074,27,4.6137759889793575,684.2222222222222,574,4.009471044259383,241.71080139372822,478,3.6895065140532695,181.99163179916317
BV2_Phase_A4_1_02d08h00m_4.tif,BV2,0.3919697257429994,56.0,385,3.6513683076891645,182.9012987012987,550,3.817654733323816,190.30363636363637,42,4.807326987041309,1064.7857142857142,547,3.939481034733148,227.59780621572213,437,3.669718605268053,178.26773455377574
BV2_Phase_A4_1_01d08h00m_1.tif,BV2,0.1263914003769575,32.0,127,3.6321992007180257,181.4251968503937,180,3.680003640865598,186.72222222222223,26,5.362288576913388,1406.9615384615386,187,3.7480648640217153,205.91978609625667,169,3.6668688761004637,183.9940828402367
BV2_Phase_A4_2_01d08h00m_4.tif,BV2,0.12593549442744573,32.0,174,3.7107763686170796,195.77011494252875,170,3.6894777356744948,190.6764705882353,24,5.089875406858496,1285.4166666666667,173,3.732973990909309,204.04046242774567,166,3.677368920790089,185.1867469879518
BV2_Phase_A4_2_01d16h00m_1.tif,BV2,0.229932476507868,40.0,273,3.678327117039901,183.74358974358975,369,3.7698452784152545,193.6070460704607,39,5.096511979176081,1102.871794871795,375,3.8493841052905435,215.90666666666667,353,3.6854650396508424,184.73371104815865
BV2_Phase_A4_1_03d00h00m_3.tif,BV2,0.4342386035839234,72.0,361,3.7708890710961542,184.75069252077563,453,3.917206917737884,186.98013245033113,14,4.824360690087828,673.5714285714286,525,4.134175488896295,251.66857142857143,216,3.642723313127402,168.19907407407408
BV2_Phase_A4_1_01d12h00m_3.tif,BV2,0.1432080444165191,36.0,179,3.622506848435835,186.0782122905028,222,3.6953249831056296,195.3153153153153,37,5.081190423605246,1134.7837837837837,219,3.7256559341877913,207.90867579908675,216,3.664273793209743,189.08333333333334
BV2_Phase_A4_1_02d08h00m_1.tif,BV2,0.5929195742733678,56.0,350,3.6746807232605376,183.34285714285716,516,3.8516269670716747,194.44573643410854,42,4.86031605325099,942.6904761904761,477,3.993770135445868,244.76310272536688,413,3.6875349659090677,180.22518159806296
BV2_Phase_A4_1_01d00h00m_2.tif,BV2,0.09188823030484959,24.0,114,3.6683858039491053,189.23684210526315,110,3.658058359866955,187.07272727272726,39,4.564467166676128,688.3589743589744,118,3.7254189860398483,202.3050847457627,101,3.635208373129533,185.64356435643563
BV2_Phase_A4_2_02d04h00m_4.tif,BV2,0.3556187367515361,52.0,357,3.796116712401578,194.6918767507003,392,3.865583360145734,206.7627551020408,47,4.824615353469216,931.3829787234042,360,3.950692128592392,245.1638888888889,339,3.6764113156339002,191.22713864306786
BV2_Phase_A4_2_00d16h00m_4.tif,BV2,0.05307024352600476,16.0,63,3.6719456837054114,193.14285714285714,60,3.6336346971115403,188.93333333333334,31,4.156900109228825,428.7096774193548,61,3.6549942228565713,195.4262295081967,64,3.6266413686725456,184.59375
BV2_Phase_A4_1_02d00h00m_1.tif,BV2,0.2650514742679227,48.0,242,3.6812527519453693,177.2603305785124,424,3.811903323800229,197.78537735849056,51,4.976071993504351,998.4705882352941,401,3.90343050067911,229.85785536159602,374,3.6710341781282323,184.51871657754012
BV2_Phase_A4_2_02d12h00m_4.tif,BV2,0.36242219501201406,60.0,238,3.660372103350142,175.71008403361344,364,3.8637052269011565,189.3021978021978,33,5.008442838407956,982.2121212121212,362,4.031855814261622,238.1878453038674,277,3.6578876492509353,174.24548736462094
BV2_Phase_A4_1_01d00h00m_4.tif,BV2,0.11731145227819217,24.0,157,3.6728190721643377,192.80254777070064,156,3.6653507401227787,184.98076923076923,52,4.407251861356321,626.7115384615385,156,3.6931701920837585,191.80769230769232,146,3.643202737053214,182.72602739726028
Huh7_Phase_A12_1_04d00h00m_2.tif,Huh7,0.2365308440778022,96.0,37,4.434059180518934,1489.972972972973,66,4.468491323651102,1053.1060606060605,12,5.326578039700285,3742.3333333333335,29,4.507297204709674,1707.0,34,4.4477403343615745,1709.764705882353
BV2_Phase_A4_2_01d20h00m_2.tif,BV2,0.22050575516280582,44.0,274,3.67825902606208,195.9087591240876,323,3.746308352642184,202.73065015479875,55,4.792565167219322,1058.1272727272728,314,3.7944735000036993,225.21656050955414,297,3.6729404885877335,194.006734006734
BV2_Phase_A4_1_01d20h00m_1.tif,BV2,0.25177015693291377,44.0,242,3.689321138226434,184.25619834710744,365,3.767407948110379,197.13972602739727,35,5.4960202240137805,1766.5428571428572,356,3.848492251880933,226.42977528089887,326,3.682423072619137,190.23926380368098
BV2_Phase_A4_2_02d20h00m_1.tif,BV2,0.49060429141172196,68.0,206,3.658886977089866,173.09223300970874,404,4.0433525009022935,188.9529702970297,24,5.080504813707235,378.6666666666667,403,4.414673351407622,298.88585607940445,186,3.6813105649619793,170.9516129032258
BV2_Phase_A4_2_02d04h00m_1.tif,BV2,0.48398587330638027,52.0,471,3.753076120736032,188.33333333333334,625,3.8439726471824716,196.4944,32,4.65861027714889,716.0625,612,3.945528253405589,233.81209150326796,520,3.6991019499432447,185.86153846153846
BV2_Phase_A4_2_02d16h00m_2.tif,BV2,0.30646454395214867,64.0,141,3.6033183554624904,169.09929078014184,438,3.856931413277795,189.96118721461187,50,4.442003651947026,494.52,449,4.017537472860728,235.03340757238308,318,3.646666803616322,174.28616352201257
BV2_Phase_A4_2_02d12h00m_1.tif,BV2,0.46737316269667717,60.0,224,3.648730890526501,174.46428571428572,485,3.9321007414324787,193.56907216494847,29,4.815451298170721,570.6206896551724,459,4.180357398803387,269.73202614379085,330,3.672327916028781,177.83333333333334
BV2_Phase_A4_1_02d00h00m_3.tif,BV2,0.27024745233284025,48.0,326,3.661987980761747,189.21472392638037,407,3.7404468075686252,195.22850122850122,65,4.772994537643306,810.9076923076923,399,3.7840982978419127,215.74937343358397,373,3.668648855962693,188.3378016085791
Huh7_Phase_A12_1_03d12h00m_4.tif,Huh7,0.24921646757539342,84.0,36,4.320561341729097,1845.2777777777778,55,4.3401327202522735,1294.418181818182,8,4.624520557322816,6497.375,29,4.41304517132871,2251.103448275862,36,4.300254512741858,1672.9444444444443
BV2_Phase_A4_2_02d12h00m_2.tif,BV2,0.3639378090854559,60.0,245,3.643493143021546,175.40408163265306,472,3.813882519617613,189.9427966101695,43,4.30791318633853,614.0,452,3.928751330346471,231.3362831858407,363,3.6560977187891393,177.2617079889807
BV2_Phase_A4_2_01d12h00m_3.tif,BV2,0.14131156113417248,36.0,165,3.6926931436732406,190.9030303030303,203,3.714157969425535,195.14778325123152,34,4.915200692929885,1219.2941176470588,204,3.764987489504948,211.4264705882353,198,3.682134057123544,192.14646464646464
BV2_Phase_A4_2_02d00h00m_4.tif,BV2,0.24729164881992055,48.0,289,3.699311380329017,197.54671280276816,335,3.7803357673402673,201.2417910447761,56,4.8981764338398595,1059.5714285714287,326,3.8400399880071823,225.43558282208588,305,3.6839383810368425,189.52459016393442
BV2_Phase_A4_2_00d08h00m_1.tif,BV2,0.05273046260380012,8.0,69,3.6498824962702057,191.53623188405797,59,3.603729900681747,183.6271186440678,47,3.914223064336979,319.02127659574467,64,3.637117698449842,188.09375,60,3.603368193479398,187.35
Huh7_Phase_A12_1_03d12h00m_3.tif,Huh7,0.2246206583260453,84.0,26,4.245133378667886,2404.0,51,4.597105316962058,1310.2745098039215,8,5.236993460948153,4190.5,18,4.728453840812773,3080.8888888888887,27,4.248101900467376,1891.6296296296296
BV2_Phase_A4_1_00d12h00m_2.tif,BV2,0.040281990411932575,12.0,31,3.6197270824220853,183.5483870967742,39,3.6287600507623585,191.3846153846154,29,4.135998948289933,447.3103448275862,47,3.7510901236451795,208.2127659574468,34,3.604225136927677,191.52941176470588
BV2_Phase_A4_2_00d08h00m_4.tif,BV2,0.029937666766824834,8.0,36,3.645905751413235,191.08333333333334,35,3.618782982132243,185.82857142857142,22,4.013354484164789,377.09090909090907,35,3.6796154397065073,202.11428571428573,34,3.6144426058762,191.23529411764707
Huh7_Phase_A12_1_04d00h00m_1.tif,Huh7,0.4559992064576162,96.0,83,4.41164124287623,1505.4819277108434,111,4.508048438272939,1240.126126126126,4,4.140023483038036,1068.5,35,4.529153400173122,3016.2285714285713,72,4.191793540006887,1683.3055555555557
BV2_Phase_A4_2_02d20h00m_2.tif,BV2,0.43895970826049513,68.0,263,3.633820220802626,174.44866920152091,394,3.9008084331228243,185.28680203045684,41,4.946407073382632,744.1463414634146,420,4.084439103984576,250.10476190476192,237,3.64713950729043,169.46835443037975
BV2_Phase_A4_2_01d12h00m_1.tif,BV2,0.18768122773710816,36.0,207,3.681056889078463,185.1352657004831,308,3.704917451950474,189.6883116883117,40,5.311544680172379,1719.075,312,3.7557462550026286,211.23397435897436,287,3.670289662438567,186.8885017421603
BV2_Phase_A4_2_01d04h00m_2.tif,BV2,0.08405859388657144,28.0,125,3.628863420813194,193.824,126,3.6421865963423445,192.1904761904762,43,4.4006369958341205,613.3255813953489,128,3.6714735314798395,199.796875,123,3.645562507912034,190.54471544715446
BV2_Phase_A4_2_01d04h00m_3.tif,BV2,0.10065483159418356,28.0,141,3.6745394076352063,198.60992907801418,135,3.6602783016822706,192.83703703703705,36,4.566354835093893,720.9722222222222,137,3.71595115630952,207.61313868613138,130,3.665276975812266,191.7
BV2_Phase_A4_2_01d00h00m_1.tif,BV2,0.11502540838068054,24.0,150,3.6943336267289517,187.38666666666666,156,3.667803203127719,182.44230769230768,42,4.906307882843291,858.3571428571429,159,3.703985163032898,191.0503144654088,145,3.6515916336334957,181.66206896551725
BV2_Phase_A4_1_00d20h00m_4.tif,BV2,0.08750256979349265,20.0,122,3.665931371808173,197.51639344262296,109,3.635236895229092,194.27522935779817,48,4.241111064061245,488.3125,110,3.6534461357064028,201.8181818181818,105,3.641294203340601,192.77142857142857
BV2_Phase_A4_1_01d04h00m_3.tif,BV2,0.10943224937172334,28.0,146,3.703391614978595,201.02739726027397,142,3.7023557693751132,195.33098591549296,35,4.862490359184947,844.2857142857143,140,3.7312372732206818,208.88571428571427,139,3.655452926282914,190.42446043165467
BV2_Phase_A4_2_02d12h00m_3.tif,BV2,0.4980892048186082,60.0,351,3.6646815240233503,176.72079772079772,572,3.776901107792145,184.87062937062936,22,4.124476397439136,435.6818181818182,607,3.9215381495152206,223.6507413509061,452,3.6834576660814333,175.858407079646
BV2_Phase_A4_2_00d12h00m_4.tif,BV2,0.04211056394777086,12.0,41,3.68007917628579,194.17073170731706,35,3.650353290652062,192.11428571428573,28,4.092328503471255,387.17857142857144,36,3.6933976190092173,198.66666666666666,38,3.6181638212853477,188.52631578947367
BV2_Phase_A4_1_03d00h00m_4.tif,BV2,0.44982277958369604,72.0,213,3.6806648306680794,172.73239436619718,482,3.9636724428519536,184.09128630705393,14,4.829476472618112,320.85714285714283,543,4.24328990957944,269.35911602209944,186,3.648679942652169,169.08064516129033
BV2_Phase_A4_1_01d08h00m_2.tif,BV2,0.1254034040373648,32.0,147,3.636433168403097,184.20408163265307,195,3.675751015028235,190.47179487179488,38,4.843488376986386,1134.078947368421,200,3.7227998738230736,203.75,181,3.6668653533360613,186.8950276243094
Huh7_Phase_A12_1_03d16h00m_1.tif,Huh7,0.4044489066597377,88.0,86,4.492008082149224,1402.1046511627908,121,4.4173901929858435,1111.793388429752,4,3.9549835667623205,936.25,47,4.485363885537705,2258.7872340425533,72,4.2619958606890815,1569.2777777777778
BV2_Phase_A4_2_02d04h00m_2.tif,BV2,0.37200022986778114,52.0,426,3.7883433201358354,193.58920187793427,459,3.7550893277300776,196.68409586056646,52,4.347573298443679,676.1730769230769,452,3.814343620979738,217.1283185840708,422,3.6884204944383865,188.73222748815166
BV2_Phase_A4_2_00d20h00m_1.tif,BV2,0.09164334749235128,20.0,136,3.6936936952516324,198.35294117647058,131,3.6307812430421884,189.12213740458014,40,4.794905927102194,723.375,134,3.665517910074549,198.03731343283582,132,3.657715685043183,192.67424242424244
BV2_Phase_A4_1_00d12h00m_3.tif,BV2,0.046684001857515534,12.0,36,3.6086185920021023,181.72222222222223,53,3.634095146879862,190.96226415094338,43,3.987420419640974,353.2093023255814,56,3.664199537738436,202.60714285714286,53,3.616157154679554,184.43396226415095
BV2_Phase_A4_2_00d16h00m_1.tif,BV2,0.07370257115930691,16.0,100,3.7061042652682756,188.53,92,3.623024538429869,183.33695652173913,48,4.259033296283686,462.3125,93,3.656588723698873,193.21505376344086,92,3.6347406795417614,180.18478260869566
BV2_Phase_A4_1_01d12h00m_4.tif,BV2,0.21537010025130288,36.0,291,3.649184318519011,190.96907216494844,333,3.689982631708696,196.7057057057057,40,5.686686309522235,1608.275,329,3.7308957134600638,211.20060790273556,325,3.6738074575157422,192.7876923076923
Huh7_Phase_A12_1_04d00h00m_3.tif,Huh7,0.2685339026988801,96.0,36,4.350665095815622,1936.638888888889,74,4.468464961254009,1096.4054054054054,9,4.98275737411099,4331.444444444444,20,4.580947603909322,2926.7,30,4.277296563805691,2260.6666666666665
BV2_Phase_A4_1_02d04h00m_4.tif,BV2,0.6867038475196496,52.0,457,3.683148414673716,192.08096280087528,549,3.804532695706219,201.5591985428051,50,4.592669315081775,706.58,517,3.921574659908193,240.5725338491296,478,3.687212297850038,191.63179916317992
BV2_Phase_A4_2_00d12h00m_3.tif,BV2,0.042257250874120474,12.0,31,3.6300645225920736,180.93548387096774,41,3.631437036459054,181.4878048780488,37,4.054308683265153,357.1081081081081,44,3.710350541908012,196.61363636363637,42,3.6385927572867294,180.66666666666666
Huh7_Phase_A12_1_03d16h00m_3.tif,Huh7,0.22820397850196478,88.0,32,4.419419903358043,1732.34375,59,4.4266574701354475,1114.9661016949153,10,4.9054475390195,3451.0,13,4.667836091068071,3766.923076923077,30,4.14685192102141,2013.3
BV2_Phase_A4_1_01d16h00m_2.tif,BV2,0.19383592111014458,40.0,208,3.6995795802179874,186.74519230769232,289,3.728345912924936,191.58131487889273,46,5.045554800735316,1140.608695652174,287,3.7898560899039895,216.72822299651568,247,3.665933875110674,188.53846153846155
BV2_Phase_A4_2_00d16h00m_3.tif,BV2,0.05874284268465655,16.0,76,3.703627604232851,188.21052631578948,69,3.6293618596864596,184.7826086956522,39,4.233377687458251,440.1025641025641,71,3.6423766186112796,192.7605633802817,74,3.6441791440312654,185.21621621621622
BV2_Phase_A4_1_01d20h00m_2.tif,BV2,0.21862664800044757,44.0,245,3.6693358484564635,181.80816326530612,367,3.742163505492311,194.76294277929156,45,5.390520864830527,1741.4888888888888,360,3.827338769645226,222.66944444444445,323,3.6766693829141506,187.70278637770897
BV2_Phase_A4_2_03d00h00m_1.tif,BV2,0.2790907565286118,72.0,74,3.6252716316410756,168.47297297297297,345,4.186520940980228,194.72173913043477,25,6.312941360893137,1337.32,354,4.492514653078277,305.1525423728813,110,3.6482410802587877,167.01818181818183
BV2_Phase_A4_2_01d20h00m_3.tif,BV2,0.2418549005681811,44.0,296,3.6870973394943345,191.56756756756758,337,3.7631338004191,196.96142433234422,35,5.03239377790578,1619.142857142857,334,3.845147145390346,224.7425149700599,302,3.685391503635401,189.30132450331126
BV2_Phase_A4_2_00d20h00m_2.tif,BV2,0.06017771443399877,20.0,80,3.6763266742665253,205.4625,78,3.63979181416967,193.2948717948718,45,3.890989522681562,376.1333333333333,78,3.666380146398931,207.30769230769232,72,3.644902109056403,194.25
BV2_Phase_A4_2_01d08h00m_2.tif,BV2,0.11619867310423702,32.0,164,3.681147714724695,203.640243902439,148,3.6441889379660966,194.22972972972974,46,4.432020485413197,692.8478260869565,149,3.6960502685548824,208.69127516778522,147,3.641796063533707,192.28571428571428
BV2_Phase_A4_1_02d12h00m_1.tif,BV2,0.41714304933345997,60.0,441,3.7535650500578988,185.92743764172334,423,3.8958873763614057,195.15602836879432,28,4.693128247347353,699.3571428571429,413,4.114922762094175,269.50847457627117,285,3.668364473087473,175.35087719298247
BV2_Phase_A4_2_02d16h00m_4.tif,BV2,0.2878599082167906,64.0,85,3.5998145012900444,170.90588235294118,383,3.905197603667474,193.2715404699739,34,5.226256017459001,1091.264705882353,383,4.098942492917192,253.81984334203656,246,3.6494712222625365,173.0772357723577
BV2_Phase_A4_1_01d08h00m_3.tif,BV2,0.12165136404611275,32.0,140,3.6606632338265968,185.2642857142857,168,3.7141422308678007,192.5297619047619,27,5.13489578155055,1186.5555555555557,163,3.7727386633353146,214.01226993865032,148,3.65832538399133,186.30405405405406
BV2_Phase_A4_1_03d00h00m_1.tif,BV2,0.3747625342821212,72.0,108,3.6730512150677472,172.41666666666666,382,4.0942557958420505,196.6544502617801,17,4.519747357160692,559.5882352941177,375,4.472069973500513,320.76533333333333,123,3.6410147814179963,171.9430894308943
BV2_Phase_A4_1_01d04h00m_1.tif,BV2,0.11653221099213819,28.0,155,3.693037367311832,193.94193548387096,148,3.6825563630950393,190.18243243243242,35,4.65685860554219,847.8285714285714,158,3.7244228721582,200.72151898734177,146,3.6716355032544503,187.4041095890411
BV2_Phase_A4_2_01d00h00m_2.tif,BV2,0.07015157165101153,24.0,97,3.6457272056824874,191.42268041237114,105,3.6185193322608975,189.04761904761904,51,4.13066838061576,450.0,104,3.6279929828348685,193.48076923076923,97,3.6183437091255355,188.30927835051546
BV2_Phase_A4_2_01d00h00m_4.tif,BV2,0.07967706075174787,24.0,99,3.6744596471640865,191.76767676767676,102,3.658767154403514,190.52941176470588,31,4.60127951198361,680.3548387096774,100,3.6916859053350537,200.12,93,3.646306964095672,186.93548387096774
BV2_Phase_A4_1_01d16h00m_1.tif,BV2,0.19867015215254322,40.0,232,3.75304450598164,191.03879310344828,288,3.7406527045505857,195.65277777777777,52,5.091271386129313,1174.3076923076924,280,3.810446488363774,224.82857142857142,261,3.673167531073009,191.22605363984675
Huh7_Phase_A12_1_03d20h00m_2.tif,Huh7,0.2827986310369392,92.0,42,4.453833011145222,1941.6190476190477,70,4.409577981182278,1070.6,12,4.923789849253136,4899.0,30,4.4526336669204305,1932.8,35,4.283006793461524,2119.1714285714284
BV2_Phase_A4_2_02d08h00m_2.tif,BV2,0.33016644585882965,56.0,365,3.74160089734256,187.83835616438355,443,3.7714915713377586,193.12415349887132,49,4.56269545087545,877.8979591836735,436,3.861566129363563,225.99770642201835,407,3.6715823004524526,183.42751842751844
BV2_Phase_A4_1_02d20h00m_2.tif,BV2,0.5478628911713384,68.0,224,3.660628019790264,171.00892857142858,453,3.9201272359889066,183.80794701986756,22,4.291386510735461,423.3636363636364,529,4.191264421792156,258.98298676748584,240,3.6566672683741888,169.44166666666666
BV2_Phase_A4_1_00d12h00m_4.tif,BV2,0.05852180985029693,12.0,57,3.6487377385687316,190.12280701754386,54,3.641118711417285,193.12962962962962,49,3.978792920065371,344.1020408163265,63,3.726347618547945,208.63492063492063,51,3.62018301852706,189.84313725490196
BV2_Phase_A4_1_02d00h00m_2.tif,BV2,0.28195945490055924,48.0,285,3.667431353410729,182.7719298245614,429,3.765189745062061,192.97435897435898,37,4.994800050778949,1023.5945945945946,419,3.869788962624274,223.4821002386635,367,3.6780678391845143,186.64305177111717
BV2_Phase_A4_1_00d08h00m_4.tif,BV2,0.04744883317854499,8.0,45,3.6198306189191447,178.64444444444445,66,3.621622524576847,183.3181818181818,47,3.9893057799175273,343.0,69,3.647707432576404,190.20289855072463,64,3.6096379930519022,180.921875
BV2_Phase_A4_2_01d04h00m_4.tif,BV2,0.09934278654938837,28.0,140,3.6627204552501675,197.05,128,3.6644638772870683,191.4609375,31,4.632089368783522,802.483870967742,125,3.6816004021635274,198.168,133,3.6642070809393106,189.04511278195488
BV2_Phase_A4_1_00d20h00m_1.tif,BV2,0.07562473380135559,20.0,104,3.6810887356911577,193.09615384615384,90,3.6536880628755215,192.27777777777777,35,4.493214517276765,622.5714285714286,93,3.6799869643556273,196.8279569892473,92,3.6460387985489526,189.8913043478261
BV2_Phase_A4_2_02d00h00m_1.tif,BV2,0.3963013256665279,48.0,482,3.6969639746304495,192.2780082987552,603,3.7895217941762875,195.33830845771143,35,4.87816797804427,930.5142857142857,597,3.873413289269291,224.7604690117253,534,3.691825163319816,186.4681647940075
BV2_Phase_A4_2_01d08h00m_1.tif,BV2,0.18531263029939096,32.0,241,3.699339309894501,192.97510373443984,239,3.6976847159181605,189.01673640167365,35,5.264283681790185,1526.7428571428572,252,3.7614524784223766,205.77380952380952,222,3.678941800045425,186.78378378378378
BV2_Phase_A4_2_02d04h00m_3.tif,BV2,0.0007375248579544453,52.0,0,,,494,3.8168937832398413,200.34817813765181,35,4.327222764114091,564.7428571428571,489,3.9073364621565525,234.76891615541922,408,3.692188572353467,187.5392156862745
BV2_Phase_A4_1_02d16h00m_1.tif,BV2,0.3922489957113413,64.0,305,3.6962610968810785,182.75081967213114,407,4.028969463913031,200.0909090909091,31,4.9654562735288135,839.6129032258065,373,4.297698749796372,295.2386058981233,223,3.658863561884775,175.21973094170403
BV2_Phase_A4_2_00d12h00m_1.tif,BV2,0.058501196732954466,12.0,63,3.6939759493671076,187.1904761904762,57,3.6364489349035765,184.31578947368422,41,4.193953978106748,426.1707317073171,64,3.724173741127897,198.546875,61,3.644492828916613,182.13114754098362
BV2_Phase_A4_2_02d16h00m_3.tif,BV2,0.4625733951595075,64.0,153,3.63094601465178,169.54901960784315,534,3.8009962031828355,180.5561797752809,28,4.8614508112746355,1124.3214285714287,610,3.9666524733016715,227.9704918032787,391,3.664209488194503,170.68030690537086
BV2_Phase_A4_1_02d16h00m_4.tif,BV2,0.4813652485795532,64.0,299,3.65584396510877,179.30434782608697,596,3.8900767175726374,190.85738255033556,14,4.748036142737006,399.5,630,4.056165349325447,247.2031746031746,334,3.659871267854846,176.46107784431138
Huh7_Phase_A12_1_01d20h00m_3.tif,Huh7,0.16374181681599542,44.0,39,4.12376567175769,1198.5641025641025,52,4.192335668986825,993.8076923076923,13,4.505523426520471,3002.6923076923076,34,4.204849310706806,1354.5882352941176,36,3.9964668117494164,1307.388888888889
Huh7_Phase_A12_2_03d16h00m_4.tif,Huh7,0.259484259588065,88.0,34,4.228235061087453,2119.8823529411766,76,4.421245597241956,1201.2105263157894,10,4.955986750856269,3524.2,31,4.53043316623015,2696.064516129032,34,4.217029139888644,2314.529411764706
Huh7_Phase_A12_1_01d00h00m_1.tif,Huh7,0.23692811557583066,24.0,56,4.2301511801359855,1293.9642857142858,74,4.188279065862685,998.5540540540541,19,4.388478319874622,1927.9473684210527,48,4.164982405034707,1414.1875,60,4.114390859174981,1178.4666666666667
Huh7_Phase_A12_2_02d00h00m_2.tif,Huh7,0.1575466100305922,48.0,31,4.408591282595749,1476.258064516129,49,4.191511284458412,963.6530612244898,13,4.923822942108635,3179.3846153846152,21,4.230565865183319,1826.952380952381,31,4.217556635080073,1217.258064516129
Huh7_Phase_A12_1_02d20h00m_3.tif,Huh7,0.15766182268903783,68.0,34,4.173384332886076,1168.264705882353,44,4.376341624967498,1159.0,9,4.949417417031045,3652.3333333333335,20,4.634538838189677,1977.7,23,4.276585633644613,1725.0869565217392
Huh7_Phase_A12_2_01d00h00m_4.tif,Huh7,0.19787518001529678,24.0,54,4.419034354738674,1112.4444444444443,66,4.242989465462829,992.0757575757576,17,4.545997024867827,3112.9411764705883,44,4.28989629884798,1452.0,52,4.326595808200373,1201.7692307692307
Huh7_Phase_A12_2_01d00h00m_1.tif,Huh7,0.13588351453235328,24.0,43,4.243068463561822,1025.6511627906978,59,4.153901416139743,866.2542372881356,17,4.590162174380913,2492.235294117647,37,4.27712624249257,1287.2432432432433,42,4.233812401296343,1116.642857142857
Huh7_Phase_A12_2_01d00h00m_3.tif,Huh7,0.13350456157125196,24.0,46,4.20472271362761,948.2608695652174,54,4.090040460776108,1000.1296296296297,17,4.145633047187823,1775.4705882352941,38,4.106067953675844,1300.7368421052631,49,4.032465375136802,1037.8367346938776
Huh7_Phase_A12_2_03d04h00m_1.tif,Huh7,0.45942256337412796,76.0,51,4.80965441138518,1411.6470588235295,76,4.377973216967366,972.8947368421053,9,4.530463086093481,6046.555555555556,24,4.276357144274541,2344.6666666666665,31,4.10428197380967,1769.774193548387
Huh7_Phase_A12_1_01d12h00m_4.tif,Huh7,0.1490859497923858,36.0,34,4.107423138749905,1338.7058823529412,42,4.150931633575682,1089.0238095238096,12,4.181477136711836,2670.3333333333335,30,4.0505787596193965,1440.0666666666666,33,4.097062628072461,1324.1818181818182
Huh7_Phase_A12_2_03d00h00m_3.tif,Huh7,0.18189676819274764,72.0,36,4.1050065008285745,1366.4722222222222,54,4.381782662895859,1041.4074074074074,12,3.9760922419190776,1833.8333333333333,23,4.240995813648024,1650.0869565217392,30,4.009430922609563,1426.2333333333333
Huh7_Phase_A12_2_01d16h00m_2.tif,Huh7,0.15225915496613024,40.0,39,4.191439239181456,1210.6666666666667,50,4.169245269420921,948.08,17,4.452462177154751,2717.0588235294117,30,4.196238729387515,1504.9,33,4.156052170336818,1352.030303030303
Huh7_Phase_A12_2_01d16h00m_4.tif,Huh7,0.23613367310424135,40.0,45,4.208383075111507,1511.5111111111112,62,4.183635528349325,1162.4032258064517,10,4.014632813527584,2926.9,38,4.169201272466388,1720.9473684210527,46,4.073621321776669,1502.1521739130435
Huh7_Phase_A12_1_02d00h00m_2.tif,Huh7,0.18265552939248772,48.0,26,4.41136445622657,2014.5,54,4.235821862068989,997.6111111111111,13,4.60584614941097,3168.6153846153848,24,4.3571208722226675,1921.125,37,4.151932889781518,1433.8648648648648
Huh7_Phase_A12_1_03d16h00m_2.tif,Huh7,0.24543037259615158,88.0,40,4.345778766820284,1782.175,72,4.5214745427648575,1087.1805555555557,14,4.978009182133581,4342.428571428572,29,4.617555009820886,2235.5172413793102,35,4.246908507678346,1894.0285714285715
Huh7_Phase_A12_1_02d00h00m_1.tif,Huh7,0.3093467354130338,48.0,86,4.353796810721627,1172.3720930232557,99,4.282203682728219,1029.3333333333333,13,4.563189470019169,4130.461538461538,48,4.263442115297534,1773.0416666666667,68,4.243051981431816,1308.4264705882354
Huh7_Phase_A12_1_03d16h00m_3.tif,Huh7,0.2177130461920817,88.0,33,4.280649701028181,1557.7575757575758,59,4.4266574701354475,1114.9661016949153,10,4.9054475390195,3451.0,13,4.667836091068071,3766.923076923077,30,4.14685192102141,2013.3
Huh7_Phase_A12_2_01d12h00m_3.tif,Huh7,0.17518569697879688,36.0,37,4.116516623675564,1492.8648648648648,58,4.210460103475947,966.7931034482758,14,4.0024002471976345,1982.7142857142858,32,4.12351383121813,1644.3125,40,4.040204219823776,1214.85
Huh7_Phase_A12_1_02d00h00m_4.tif,Huh7,0.13045062295127088,48.0,29,4.3818528799603165,1457.0689655172414,43,4.149330981808043,1008.3488372093024,12,4.67577498229311,2892.75,24,4.264058760285117,1697.2083333333333,28,4.120634862110938,1350.7857142857142
Huh7_Phase_A12_1_02d16h00m_4.tif,Huh7,0.1920289099377125,64.0,45,4.338869116192273,1297.1333333333334,58,4.320587737876795,1064.0344827586207,13,4.598080976524915,3417.6923076923076,24,4.331326537037042,2028.0,38,4.301300620125421,1384.5
Huh7_Phase_A12_1_01d04h00m_3.tif,Huh7,0.18458310273709844,28.0,40,4.260645830214523,1401.325,56,4.1626089815375,987.2321428571429,12,4.423550994814204,2971.5,39,4.131010458354342,1318.5897435897436,39,4.1985074288059065,1366.871794871795
Huh7_Phase_A12_2_04d00h00m_3.tif,Huh7,0.19244153436407474,96.0,27,4.074189830685449,1626.5185185185185,62,4.6043976266001385,1085.6774193548388,12,4.108290040703441,2541.6666666666665,23,4.353037956649769,1716.7826086956522,30,4.046394377588937,1926.5333333333333
Huh7_Phase_A12_2_00d08h00m_3.tif,Huh7,0.1453664888822066,8.0,49,4.2839374160045995,1013.9183673469388,52,4.14810851927333,924.5192307692307,20,4.195670376600083,1609.25,38,4.123138001374809,1166.7894736842106,48,4.145817956163653,996.9583333333334
Huh7_Phase_A12_2_01d08h00m_3.tif,Huh7,0.15433071446132063,32.0,40,4.1652923448035475,1170.475,47,4.120159393964155,1092.9148936170213,15,3.9476317819630675,1661.7333333333333,30,4.048157361353963,1615.4,45,4.103651052587324,1121.0444444444445
Huh7_Phase_A12_2_04d00h00m_4.tif,Huh7,0.30899527398383086,96.0,46,4.308228690809657,1980.3260869565217,81,4.527248163546052,1305.5061728395062,11,5.247947758724599,1746.2727272727273,27,4.461169005071284,3204.5555555555557,37,4.247770674767749,2159.7297297297296
Huh7_Phase_A12_2_00d20h00m_4.tif,Huh7,0.19683528381774212,20.0,57,4.454523024962878,1130.8947368421052,66,4.303597304849267,1066.2575757575758,17,4.404219428238465,2548.176470588235,41,4.245349996222182,1440.2926829268292,50,4.337958696373107,1318.24
Huh7_Phase_A12_1_02d08h00m_1.tif,Huh7,0.33011470211429284,56.0,75,4.263837290231403,1364.8533333333332,89,4.383213602866589,1130.0674157303372,12,4.968608539861319,3996.9166666666665,34,4.348078258357065,2171.0588235294117,73,4.211628762584703,1346.4520547945206
Huh7_Phase_A12_2_01d16h00m_1.tif,Huh7,0.16972497828344058,40.0,37,4.203011421139382,1315.5135135135135,55,4.104423723034577,872.4363636363636,16,4.142781874179287,2691.6875,26,4.128429051213579,1645.3846153846155,35,4.092144979928451,1263.2
Huh7_Phase_A12_2_02d08h00m_3.tif,Huh7,0.1838580034418744,56.0,39,4.1048948965731125,1172.3076923076924,50,4.266970583850765,964.32,12,3.8426047642071257,1538.0,19,4.2490335248186355,2016.157894736842,32,4.049966029536904,1241.21875
Huh7_Phase_A12_2_02d08h00m_2.tif,Huh7,0.15813005995957066,56.0,47,4.152883201785559,1118.7021276595744,53,4.175681169545433,971.0754716981132,17,4.542980355669469,2805.5882352941176,31,4.129336158926049,1525.0967741935483,34,4.13972645560036,1292.9411764705883
Huh7_Phase_A12_2_03d04h00m_4.tif,Huh7,0.28892370274256546,76.0,51,4.485652282984582,1585.2745098039215,65,4.458591581228134,1248.2307692307693,10,4.524404538737924,3743.5,24,4.369914685629861,2667.375,38,4.173507347693159,1868.5263157894738
Huh7_Phase_A12_2_02d16h00m_2.tif,Huh7,0.18818203780594464,64.0,36,4.285832904146168,1670.611111111111,56,4.268065781452354,1104.3035714285713,11,4.569393549144326,3804.6363636363635,22,4.303523028459612,2278.590909090909,33,4.127573551332559,1696.6666666666667
Huh7_Phase_A12_2_03d16h00m_1.tif,Huh7,0.20677223639641945,88.0,41,4.338736761338438,1470.121951219512,81,4.42676257621188,1076.567901234568,8,4.631969822809649,8649.75,20,4.442320817187407,3528.65,32,4.186462707877816,2343.6875
Huh7_Phase_A12_1_00d20h00m_4.tif,Huh7,0.10762431736232904,20.0,29,4.2156956277003,1092.7931034482758,35,4.168968802199077,920.1142857142858,18,4.132623980305288,1789.111111111111,26,4.073498537336651,1134.8846153846155,31,4.093836638540633,1010.0967741935484
Huh7_Phase_A12_1_02d20h00m_4.tif,Huh7,0.2087570604785875,68.0,43,4.405632248072715,1435.7906976744187,52,4.267689906891236,1223.1153846153845,9,4.664608359614837,5197.111111111111,34,4.308093600703877,1870.6470588235295,43,4.303302725634432,1442.6046511627908
Huh7_Phase_A12_1_00d12h00m_2.tif,Huh7,0.11986782506556497,12.0,39,4.392251148784533,948.3076923076923,47,4.20351749072809,919.5531914893617,20,4.7182090703904045,1858.65,33,4.253738747311328,1175.1818181818182,41,4.345193408341674,904.1951219512196
Huh7_Phase_A12_1_00d08h00m_3.tif,Huh7,0.14491066337958539,8.0,39,4.1453296748709025,1117.4102564102564,51,4.168977597750616,888.9411764705883,23,4.422289224888621,1519.304347826087,34,4.148627273948504,1132.7058823529412,39,4.177993047706232,1056.2307692307693
Huh7_Phase_A12_1_02d08h00m_2.tif,Huh7,0.19465513685533423,56.0,38,4.281220572093039,1433.7894736842106,50,4.253710838480536,1192.12,11,4.515630083242933,3712.3636363636365,24,4.357923579798652,2314.6666666666665,34,4.29154844415389,1550.3823529411766
Huh7_Phase_A12_2_02d12h00m_1.tif,Huh7,0.19937790127840005,60.0,26,4.090700808241457,2077.1153846153848,51,4.324650325086316,1095.549019607843,10,4.506778946718339,4896.7,23,4.263168603411907,1882.6521739130435,31,4.120317094500942,1591.2903225806451
Huh7_Phase_A12_2_01d00h00m_2.tif,Huh7,0.11027622500545396,24.0,34,4.265644185445616,1015.6764705882352,40,4.189470235835131,930.425,16,4.530049896581121,2258.25,20,4.224601335190109,1715.7,31,4.243322935630913,1189.3225806451612
Huh7_Phase_A12_1_02d16h00m_2.tif,Huh7,0.213358489401233,64.0,36,4.299486079198832,1554.1944444444443,53,4.31504018735473,1154.622641509434,12,4.501238229151808,3908.6666666666665,23,4.3121199873880185,2290.521739130435,32,4.2541838815366,1605.875
Huh7_Phase_A12_1_04d00h00m_1.tif,Huh7,0.44606534801136566,96.0,78,4.390388451320938,1590.423076923077,111,4.508048438272939,1240.126126126126,4,4.140023483038036,1068.5,35,4.529153400173122,3016.2285714285713,72,4.191793540006887,1683.3055555555557
Huh7_Phase_A12_1_02d12h00m_2.tif,Huh7,0.20048130285730562,60.0,43,4.500744053985852,1315.139534883721,56,4.378949524952453,1115.857142857143,11,4.55527785506082,3959.909090909091,31,4.308362253052405,1856.9032258064517,34,4.213530148605904,1417.5882352941176
Huh7_Phase_A12_1_02d08h00m_3.tif,Huh7,0.16575428622159177,56.0,29,4.20096525514117,1543.1724137931035,50,4.357645757939888,1033.62,13,4.889667108223879,3453.4615384615386,31,4.393672064261178,1610.6451612903227,35,4.0786092680302,1349.2571428571428
Huh7_Phase_A12_2_00d12h00m_1.tif,Huh7,0.14426471386035772,12.0,48,4.329934574917168,945.8958333333334,51,4.213253853868712,856.5098039215686,19,4.409671177334218,1938.842105263158,29,4.293436904497136,1373.9310344827586,39,4.1637885950902325,1012.8717948717949
Huh7_Phase_A12_2_02d16h00m_3.tif,Huh7,0.15685085404829338,64.0,28,4.082073228470497,1401.0357142857142,45,4.228317226245929,988.5555555555555,13,4.109031766968686,1668.4615384615386,21,4.242585440607774,1665.3333333333333,27,3.9684901454641794,992.2962962962963
Huh7_Phase_A12_1_02d12h00m_1.tif,Huh7,0.35614878373578734,60.0,75,4.278043944415213,1328.16,84,4.260216038832389,1270.0,11,4.732368564083222,4515.909090909091,42,4.297775517020493,1993.0,62,4.179998833148441,1451.4516129032259
Huh7_Phase_A12_1_01d04h00m_1.tif,Huh7,0.24637998634178404,28.0,63,4.3951708492971715,1179.984126984127,69,4.280307240360069,1099.5942028985507,17,4.480891976672501,2666.823529411765,49,4.260689741742301,1462.8163265306123,60,4.1794486889797575,1177.75
Huh7_Phase_A12_2_02d04h00m_2.tif,Huh7,0.1593005004370623,52.0,37,4.24252638384834,1348.081081081081,58,4.113029854673071,887.2068965517242,16,4.558920165567766,3078.0,30,4.108602522788021,1628.4,38,4.132075716879925,1275.657894736842
Huh7_Phase_A12_1_03d04h00m_4.tif,Huh7,0.21621927570476462,76.0,44,4.424486305977545,1412.9772727272727,55,4.317488329390962,1218.3090909090909,11,4.326353809238903,4544.0,29,4.210642206485884,2058.448275862069,39,4.2651695334994555,1647.128205128205
Huh7_Phase_A12_1_01d12h00m_1.tif,Huh7,0.28607259710991756,36.0,59,4.219912915779365,1483.050847457627,89,4.225901732709442,1028.4494382022472,15,4.438531240129238,3248.266666666667,50,4.259878623783597,1798.36,67,4.159678901660454,1285.8358208955224
Huh7_Phase_A12_2_03d16h00m_2.tif,Huh7,0.2313321384670037,88.0,31,4.276570455507536,2072.1612903225805,65,4.393179474415513,1103.3538461538462,8,4.848176845379376,4204.875,18,4.4422362779557885,2697.0555555555557,30,4.173300249944305,2168.233333333333
Huh7_Phase_A12_2_03d08h00m_4.tif,Huh7,0.2626980935861037,80.0,33,4.195296165595156,2236.242424242424,57,4.457281808223516,1419.7719298245613,7,5.184968830172723,2398.285714285714,24,4.435558293384553,2910.0833333333335,32,4.1828160270724934,2109.3125
Huh7_Phase_A12_2_02d04h00m_3.tif,Huh7,0.16415544075065644,52.0,40,4.2098445070900485,1097.5,54,4.161809069181375,914.2777777777778,14,3.907179359099087,2219.0,25,4.128391156974082,1885.36,35,3.945975251798951,901.1714285714286
Huh7_Phase_A12_2_02d12h00m_2.tif,Huh7,0.18093549046656832,60.0,42,4.491664277669966,1282.952380952381,57,4.203643642345793,986.280701754386,15,4.339823568914921,2650.866666666667,31,4.164491778471422,1657.516129032258,34,4.064112736418233,1419.735294117647
Huh7_Phase_A12_1_00d08h00m_2.tif,Huh7,0.1396057678649459,8.0,42,4.268249720296798,1076.2142857142858,50,4.178458207156556,829.22,22,4.544184611493221,1785.590909090909,34,4.211567773767137,1151.5294117647059,42,4.274857802303968,981.5238095238095
Huh7_Phase_A12_2_03d12h00m_3.tif,Huh7,0.19458508085663817,84.0,36,4.227356357118723,1363.7777777777778,54,4.254409066345845,1182.1296296296296,12,3.8191380809792506,2625.5833333333335,21,4.1432846697620525,2507.4761904761904,29,4.058614117586753,1825.655172413793
Huh7_Phase_A12_1_01d16h00m_3.tif,Huh7,0.1796863701923214,40.0,48,4.118915195771248,1093.5416666666667,53,4.225905740259052,1104.188679245283,13,4.471757876661387,3145.769230769231,40,4.141500152569131,1380.35,37,3.9869902617798907,1311.3243243243244
Huh7_Phase_A12_1_02d20h00m_2.tif,Huh7,0.21913191283326092,68.0,36,4.221977714012776,1651.5277777777778,60,4.348548752561166,1127.6166666666666,13,4.478164163088031,3785.6153846153848,31,4.352788384787858,1797.6451612903227,33,4.225701153279896,1616.5151515151515
Huh7_Phase_A12_2_00d16h00m_4.tif,Huh7,0.1964704723011321,16.0,48,4.316363529631917,1275.2291666666667,60,4.223508253886771,1059.9666666666667,19,4.317212160417741,2319.5789473684213,47,4.222109468996795,1276.1702127659576,49,4.206627561222228,1217.265306122449
Huh7_Phase_A12_2_02d20h00m_2.tif,Huh7,0.20611096891389855,68.0,38,4.347427744899683,1813.9473684210527,61,4.279946436897475,1164.377049180328,9,4.843540268487864,5665.333333333333,32,4.296521521190134,2002.5625,35,4.216941045616441,1875.4571428571428
Huh7_Phase_A12_1_01d04h00m_4.tif,Huh7,0.12604828589379663,28.0,33,4.117260418735566,1217.6969696969697,41,4.1091875821534245,1047.7073170731708,14,4.247443398555087,2179.0714285714284,32,4.0822322322141265,1197.53125,34,4.086003256821125,1189.0294117647059
Huh7_Phase_A12_1_00d16h00m_2.tif,Huh7,0.11150067621831243,16.0,38,4.190881116445666,903.0526315789474,45,4.120360708570417,852.0222222222222,18,4.4702971665211555,1798.0,30,4.189022661642759,1176.7,36,4.227966896573432,1081.138888888889
Huh7_Phase_A12_2_02d04h00m_1.tif,Huh7,0.18722314849213384,52.0,29,4.409637513152037,1649.8620689655172,57,4.274797836938772,930.4912280701755,14,4.547813923523502,3250.6428571428573,31,4.352374820467983,1611.9032258064517,35,4.1884381960240935,1162.5428571428572
Huh7_Phase_A12_2_01d08h00m_1.tif,Huh7,0.15791397604348828,32.0,46,4.322706157814706,988.8260869565217,52,4.121426562721533,914.5192307692307,18,4.382665596747297,2441.5555555555557,34,4.181705921896906,1320.6176470588234,35,4.166634987237748,1135.0857142857142
Huh7_Phase_A12_1_04d00h00m_3.tif,Huh7,0.27434791015625704,96.0,26,4.395631506462039,2592.153846153846,74,4.468464961254009,1096.4054054054054,9,4.98275737411099,4331.444444444444,20,4.580947603909322,2926.7,30,4.277296563805691,2260.6666666666665
Huh7_Phase_A12_1_03d20h00m_2.tif,Huh7,0.24920536371830057,92.0,33,4.4069275798604055,2164.6363636363635,70,4.409577981182278,1070.6,12,4.923789849253136,4899.0,30,4.4526336669204305,1932.8,35,4.283006793461524,2119.1714285714284
Huh7_Phase_A12_2_01d12h00m_2.tif,Huh7,0.14698915428321346,36.0,36,4.389787647479469,1186.7222222222222,55,4.27034145058413,832.5818181818182,13,4.780534629862431,2947.153846153846,29,4.356836999989177,1414.344827586207,36,4.257347079809377,1140.6666666666667
Huh7_Phase_A12_1_02d04h00m_4.tif,Huh7,0.14385184454218464,52.0,43,4.205406827003419,1029.3488372093022,58,4.199424968135778,778.2931034482758,11,4.53316820680412,3398.2727272727275,26,4.23640412355445,1615.6153846153845,38,4.160933859689759,1154.2368421052631
Huh7_Phase_A12_1_03d04h00m_2.tif,Huh7,0.22230067813046514,76.0,41,4.326020819061678,1441.5853658536585,66,4.337043307454517,1037.621212121212,10,4.688417910303959,4385.5,31,4.385977033176411,1854.8064516129032,37,4.309770532624268,1411.7297297297298
Huh7_Phase_A12_2_02d20h00m_1.tif,Huh7,0.21188574751420552,68.0,27,4.401843255834351,2011.0740740740741,61,4.3758991997125,1043.967213114754,9,4.589766370996946,5851.444444444444,22,4.5494391027622685,2353.0,26,4.234902503293765,1742.1538461538462
Huh7_Phase_A12_1_02d16h00m_1.tif,Huh7,0.33168796178430554,64.0,74,4.417688574277795,1377.2702702702702,83,4.360545768753104,1289.2168674698796,12,4.761711868326011,3626.5,31,4.387557169428683,2340.7096774193546,55,4.1549997526358915,1594.6363636363637
Huh7_Phase_A12_2_01d08h00m_4.tif,Huh7,0.22030869673295764,32.0,43,4.2207419230604835,1586.1860465116279,64,4.235460026573322,1042.25,14,4.236646081740878,3490.285714285714,31,4.127172917864838,1931.4516129032259,46,4.173739466249171,1409.6304347826087
Huh7_Phase_A12_2_02d20h00m_3.tif,Huh7,0.19573883304196182,68.0,39,4.065687975316291,1238.4102564102564,51,4.279088574840956,1014.7254901960785,13,4.0705950078394215,1568.1538461538462,24,4.132169675457111,1709.0,29,4.106743426175181,1231.2068965517242
Huh7_Phase_A12_2_01d20h00m_2.tif,Huh7,0.1472548310478554,44.0,38,4.145475809041449,1170.8684210526317,52,4.092918018199683,933.8653846153846,14,4.817698674338459,3084.5,32,4.1540023720018695,1374.8125,37,4.12956276937173,1278.054054054054
Huh7_Phase_A12_1_01d20h00m_1.tif,Huh7,0.26301178267046027,44.0,74,4.20522323622321,1114.1216216216217,81,4.3986623001689225,1209.79012345679,14,4.835827313377164,3601.4285714285716,37,4.507737457581465,2220.4594594594596,58,4.140938461704073,1400.8793103448277
Huh7_Phase_A12_1_00d08h00m_4.tif,Huh7,0.07951719569492889,8.0,23,4.257381135113207,925.1304347826087,32,4.081891496175176,732.3125,16,4.142124438242848,860.875,21,4.094668420841458,962.952380952381,25,4.138049831296879,835.64
Huh7_Phase_A12_2_00d08h00m_2.tif,Huh7,0.09924389368443713,8.0,31,4.251387494232948,999.6451612903226,33,4.131182191534338,887.2727272727273,19,4.285926344626432,1521.7368421052631,20,4.102227916326667,1384.15,25,4.238585416935681,1065.88
Huh7_Phase_A12_1_04d00h00m_2.tif,Huh7,0.24143551423185844,96.0,33,4.425287753964389,1482.2727272727273,66,4.468491323651102,1053.1060606060605,12,5.326578039700285,3742.3333333333335,29,4.507297204709674,1707.0,34,4.4477403343615745,1709.764705882353
Huh7_Phase_A12_2_02d00h00m_3.tif,Huh7,0.1703237822333923,48.0,34,4.229982761966566,1409.235294117647,57,4.264890903948787,961.8070175438596,13,3.9578629265680396,1893.923076923077,20,4.033087038093844,1842.5,37,3.9653727899351896,995.081081081081
Huh7_Phase_A12_2_02d20h00m_4.tif,Huh7,0.32114998361013597,68.0,45,4.220053026406348,2005.0444444444445,78,4.3665595146073555,1217.820512820513,9,4.195115741199512,3639.0,29,4.388677235712231,2935.3793103448274,35,4.098229350724253,2024.0
Huh7_Phase_A12_1_00d20h00m_1.tif,Huh7,0.2355095968094369,20.0,55,4.208992745596818,1394.8727272727272,80,4.164320582510635,926.7625,23,4.470951141572557,3048.8695652173915,51,4.256462140160377,1381.6666666666667,57,4.162960179892141,1191.0877192982457
Huh7_Phase_A12_2_00d20h00m_1.tif,Huh7,0.15342711743334145,20.0,46,4.280941169279939,1016.5869565217391,55,4.190172721853734,886.2727272727273,19,4.326864334003485,2194.684210526316,32,4.245778675392671,1231.375,44,4.190339503032228,1004.25
Huh7_Phase_A12_2_02d08h00m_1.tif,Huh7,0.19044766526442797,56.0,31,4.12352522321151,1661.7096774193549,58,4.240788185296855,1000.4310344827586,11,4.377279905024529,4507.181818181818,23,4.23852957484735,2204.9565217391305,32,4.167455123993303,1640.5
Huh7_Phase_A12_2_03d00h00m_1.tif,Huh7,0.22689155375873646,72.0,26,4.246689427427032,2208.0,74,4.285002898459191,972.972972972973,9,4.361727389322617,5797.888888888889,24,4.274296061825777,2494.4166666666665,32,4.140655863820182,1954.4375
Huh7_Phase_A12_1_03d20h00m_1.tif,Huh7,0.39742089611560527,92.0,57,4.357982564450441,1987.157894736842,124,4.389895547944282,1111.4193548387098,4,4.379139900459444,5651.0,41,4.554217759998024,2747.5853658536585,69,4.271426684384543,1767.8260869565217
Huh7_Phase_A12_1_00d12h00m_1.tif,Huh7,0.19013072456839397,12.0,57,4.199313394316359,1017.0350877192982,71,4.105977665975354,950.0140845070423,24,4.359685450395705,1714.4166666666667,49,4.1424361656334545,1222.142857142857,60,4.168471285268235,1084.5
Huh7_Phase_A12_2_01d12h00m_4.tif,Huh7,0.22686899994536638,36.0,48,4.274675492202808,1421.8333333333333,61,4.172774394521964,1190.8688524590164,13,4.174283446712757,3873.076923076923,35,4.137875800349858,1901.6571428571428,47,4.078258196851713,1441.0851063829787
Huh7_Phase_A12_1_02d04h00m_3.tif,Huh7,0.17317402056927206,52.0,37,4.243943670226324,1324.7027027027027,52,4.285519384939222,992.4807692307693,14,4.746532278484639,3193.214285714286,31,4.307789047686628,1601.1935483870968,35,4.131723127906391,1183.1714285714286
Huh7_Phase_A12_1_02d00h00m_3.tif,Huh7,0.1763823938756496,48.0,37,4.218270005364711,1365.3783783783783,47,4.268497937206287,1149.7021276595744,12,4.123448773436453,3203.5833333333335,32,4.0796756125397415,1408.125,33,4.019264557442254,1365.7575757575758
Huh7_Phase_A12_2_03d08h00m_1.tif,Huh7,0.2592411120520073,80.0,36,4.285382162835552,1765.3055555555557,64,4.335747730693361,1195.9375,11,4.205731512240853,5182.0,27,4.3240329083523745,2098.296296296296,37,4.192979273720061,2059.054054054054
Huh7_Phase_A12_1_03d08h00m_3.tif,Huh7,0.20983613609047078,80.0,36,4.276632859999602,1460.75,43,4.554841895706643,1332.3488372093022,11,5.044317740231119,3255.090909090909,25,4.569046666742208,2058.44,26,4.043071651036492,1867.6153846153845
Huh7_Phase_A12_1_03d00h00m_1.tif,Huh7,0.3945554176682715,72.0,81,4.285509612863105,1455.8641975308642,96,4.433099459991645,1289.5520833333333,7,4.416527769407745,3236.714285714286,41,4.481574703645719,2783.7804878048782,58,4.202245989244936,1716.103448275862
Huh7_Phase_A12_2_03d04h00m_3.tif,Huh7,0.19516301259287283,76.0,38,4.090560897383099,1361.2368421052631,49,4.439230319586657,1125.857142857143,13,4.053398982629218,1982.4615384615386,17,4.2454792435262485,2039.0,28,4.034761990184175,1727.2857142857142
Huh7_Phase_A12_1_02d04h00m_2.tif,Huh7,0.1725481743061661,52.0,25,4.193689560745803,1728.56,50,4.218125738160738,1009.5,12,5.149564749397779,2856.5833333333335,25,4.381481894600451,1756.36,34,4.160834182616628,1244.1176470588234
Huh7_Phase_A12_1_00d16h00m_3.tif,Huh7,0.10312721222137634,16.0,33,4.17587921632141,1011.1515151515151,44,4.146661423469468,953.0227272727273,17,4.371913687455151,2030.8823529411766,29,4.13099289264484,1169.7931034482758,31,4.1964322224276405,1130.483870967742
Huh7_Phase_A12_1_03d12h00m_4.tif,Huh7,0.2366094393301972,84.0,36,4.260088925901676,1791.861111111111,55,4.3401327202522735,1294.418181818182,8,4.624520557322816,6497.375,29,4.41304517132871,2251.103448275862,36,4.300254512741858,1672.9444444444443
Huh7_Phase_A12_1_03d20h00m_4.tif,Huh7,0.23937419607736093,92.0,38,4.254855406417282,1836.2631578947369,61,4.398402153935855,1253.344262295082,10,4.591659348266972,2247.0,30,4.363819094124484,2086.7,38,4.2851386438086125,1699.4473684210527
Huh7_Phase_A12_1_00d12h00m_4.tif,Huh7,0.10464142837631212,12.0,27,4.309046109982252,1106.4814814814815,38,4.190897038537128,722.8684210526316,15,4.169716351651546,901.0666666666667,24,4.274519454406689,1036.0416666666667,26,4.251037988842796,996.8076923076923
Huh7_Phase_A12_2_01d20h00m_4.tif,Huh7,0.21605170686734942,44.0,39,4.142313643362974,1486.1538461538462,62,4.242972854902825,1228.2096774193549,11,4.32274150671025,3583.909090909091,34,4.253570293702374,2111.0,41,4.029466668513339,1462.780487804878
Huh7_Phase_A12_2_04d00h00m_2.tif,Huh7,0.21770867583587988,96.0,35,4.387097481531376,1523.6571428571428,78,4.400375344860424,1021.7307692307693,8,4.915795511859615,6040.625,31,4.422178462821964,2027.741935483871,35,4.262215129416816,1722.0
Huh7_Phase_A12_2_00d12h00m_3.tif,Huh7,0.1491778358555509,12.0,48,4.143161088171731,1064.1041666666667,52,4.0835429657807545,986.2307692307693,21,4.166669876069953,1985.6666666666667,35,4.1323225019907275,1429.6857142857143,46,4.182673815123472,1080.891304347826
Huh7_Phase_A12_2_00d20h00m_3.tif,Huh7,0.15778175180287926,20.0,46,4.083272901590404,1066.2173913043478,59,4.104214385628533,888.8305084745763,19,4.088671421633168,1915.2631578947369,40,4.136489394171366,1269.0,45,4.057902918734321,1065.9555555555555
Huh7_Phase_A12_1_03d08h00m_1.tif,Huh7,0.3772376850688415,80.0,61,4.440589602791705,1769.4262295081967,97,4.547021504391269,1327.319587628866,7,4.352912496010512,1289.0,28,4.598690394743315,3374.3571428571427,57,4.268706471439815,1789.6140350877192
Huh7_Phase_A12_1_01d20h00m_2.tif,Huh7,0.16627861451049014,44.0,39,4.166186482588346,1221.051282051282,51,4.295951672577341,1093.2745098039215,14,4.559391250266874,2830.1428571428573,26,4.230787906470339,1846.8846153846155,39,4.218148873664272,1325.3333333333333
Huh7_Phase_A12_1_01d16h00m_2.tif,Huh7,0.15847134779283023,40.0,47,4.18061207242256,945.5106382978723,53,4.234810816677147,953.6415094339623,15,4.360921303746559,2747.6,29,4.179745333505528,1356.5862068965516,37,4.138205638378508,1113.7567567567567
Huh7_Phase_A12_1_00d20h00m_2.tif,Huh7,0.25385965485686396,20.0,40,4.174561209116168,1103.1,46,4.188980049194987,925.2391304347826,19,4.389082463212472,2010.1052631578948,26,4.184897022864229,1366.0384615384614,35,4.147089499925199,1089.0
Huh7_Phase_A12_1_03d04h00m_3.tif,Huh7,0.19364769640516355,76.0,34,4.120807866730479,1568.4117647058824,43,4.534261938740718,1272.3255813953488,9,5.00104452976404,3834.8888888888887,25,4.725236555789778,2012.0,29,4.0370934053567025,1695.1379310344828
Huh7_Phase_A12_1_03d16h00m_1.tif,Huh7,0.41444007880790906,88.0,86,4.356188585473356,1425.8139534883721,121,4.4173901929858435,1111.793388429752,4,3.9549835667623205,936.25,47,4.485363885537705,2258.7872340425533,72,4.2619958606890815,1569.2777777777778
Huh7_Phase_A12_2_01d16h00m_3.tif,Huh7,0.16111376502403332,40.0,39,4.228734457908039,1143.820512820513,57,4.2493209107069285,856.8245614035088,15,3.843698168848754,1572.5333333333333,19,4.030208565093461,1860.6315789473683,30,4.063292398538851,1018.8666666666667
Huh7_Phase_A12_1_03d08h00m_4.tif,Huh7,0.2485800206239085,80.0,54,4.267301545655203,1324.648148148148,54,4.283840760405332,1314.3703703703704,11,4.530813404236201,4918.545454545455,27,4.346227890740881,2338.777777777778,41,4.21885966421599,1639.2439024390244
Huh7_Phase_A12_1_03d12h00m_2.tif,Huh7,0.24950648942855033,84.0,41,4.340327045897326,1604.7073170731708,73,4.4636348453357275,1002.2739726027397,11,5.1399988166064805,4704.272727272727,24,4.54997883985843,2467.8333333333335,38,4.370917070826207,1682.157894736842
Huh7_Phase_A12_1_01d00h00m_3.tif,Huh7,0.16068734129151957,24.0,53,4.396924835848613,955.0377358490566,52,4.19246475292904,998.9230769230769,12,4.4276800310051,2860.75,33,4.192154896326079,1375.121212121212,39,4.186721621934974,1247.6410256410256
Huh7_Phase_A12_1_01d20h00m_4.tif,Huh7,0.15217936079545097,44.0,35,4.125393550876778,1261.1714285714286,44,4.206981904086468,1034.4545454545455,10,4.635841505017037,3170.8,27,4.189302795139854,1680.0,35,4.09732456812459,1283.9142857142858
Huh7_Phase_A12_2_01d12h00m_1.tif,Huh7,0.13577380709134249,36.0,34,4.182656322850239,1158.4117647058824,45,4.137253601766659,989.1777777777778,16,4.292351033614154,2564.6875,31,4.127182719531352,1396.741935483871,30,4.097866951520202,1387.2333333333333
Huh7_Phase_A12_2_03d08h00m_3.tif,Huh7,0.2111739622486897,80.0,39,4.135477798353332,1275.7692307692307,59,4.328851357690027,999.3898305084746,12,4.08855676782472,2321.5833333333335,20,4.242725979316091,1711.6,29,4.0942870182839,1641.7241379310344
Huh7_Phase_A12_1_00d16h00m_4.tif,Huh7,0.0972927454381594,16.0,28,4.343871792200127,1059.75,34,4.159268613605521,889.7352941176471,18,4.302081924893848,1492.7222222222222,27,4.139175775605146,1044.3703703703704,33,4.191400309978567,881.3636363636364
Huh7_Phase_A12_2_03d20h00m_2.tif,Huh7,0.23962551942198346,92.0,32,4.406227509232828,1906.5,74,4.354026423058548,1082.9864864864865,6,5.269029786988057,6041.166666666667,29,4.384059943869143,2460.0,30,4.314275995418723,2195.3
Huh7_Phase_A12_2_03d00h00m_2.tif,Huh7,0.20966182255243587,72.0,46,4.290860384792886,1593.7826086956522,64,4.320924645819025,1197.84375,7,4.555500576014218,7309.714285714285,29,4.262787217006859,2593.689655172414,40,4.228223508567243,1877.55
Huh7_Phase_A12_2_00d16h00m_1.tif,Huh7,0.13526534213833652,16.0,43,4.166752639594588,975.5348837209302,53,4.1748904622839005,821.3207547169811,20,4.303301550689979,1957.85,33,4.2104809113833275,1240.4242424242425,37,4.130290656042961,1001.8918918918919
Huh7_Phase_A12_2_01d08h00m_2.tif,Huh7,0.13775311175152746,32.0,41,4.1963693464884155,1016.439024390244,48,4.134785549763669,874.4791666666666,15,4.6331986690389275,2564.133333333333,28,4.18231710288775,1367.75,34,4.106869082006085,1095.3235294117646
Huh7_Phase_A12_1_00d08h00m_1.tif,Huh7,0.21036780826594473,8.0,59,4.189517337706039,1123.2033898305085,71,4.177248655140294,900.830985915493,27,4.306481398378923,2009.5925925925926,47,4.191568274585734,1226.063829787234,56,4.243541136203821,1086.767857142857
Huh7_Phase_A12_1_03d20h00m_3.tif,Huh7,0.24568324205092,92.0,28,4.199474283172881,2204.75,62,4.349633042032819,1151.741935483871,8,4.991014667637598,4709.375,21,4.396579512838782,2777.6666666666665,28,4.143318878405194,2184.0714285714284
Huh7_Phase_A12_1_01d08h00m_4.tif,Huh7,0.14470544006774455,32.0,36,4.3236392173985045,1219.7222222222222,43,4.249543136434881,1043.9302325581396,12,4.488730955069831,2672.5,29,4.260645243726767,1542.2413793103449,39,4.16624317461662,1212.5128205128206
Huh7_Phase_A12_1_01d08h00m_3.tif,Huh7,0.1841753037587402,32.0,42,4.117619258756707,1324.7619047619048,53,4.162317046887856,1109.0188679245282,11,4.5506662265311775,3478.2727272727275,37,4.127289662764587,1448.2702702702702,36,4.126998891092147,1378.5277777777778
Huh7_Phase_A12_2_00d16h00m_3.tif,Huh7,0.16812832809768224,16.0,55,4.270788147641458,1038.909090909091,57,4.1094157144178345,983.2280701754386,21,4.0922067615668745,1865.095238095238,41,4.1029888046849186,1205.2682926829268,49,4.074813579861744,1121.8775510204082
Huh7_Phase_A12_2_03d12h00m_2.tif,Huh7,0.21787903368115863,84.0,30,4.434903776642354,2092.733333333333,52,4.370834770223677,1189.1346153846155,9,4.627108917350044,2904.4444444444443,23,4.288618749104018,2654.478260869565,29,4.287488743816542,2186.310344827586
Huh7_Phase_A12_2_04d00h00m_1.tif,Huh7,0.25358970798732655,96.0,27,4.358207579437443,2392.8888888888887,90,4.465316385075402,1040.7555555555555,8,4.567512237337553,8632.25,26,4.44749836427424,2891.3076923076924,33,4.206675711307633,2497.4545454545455
Huh7_Phase_A12_2_00d20h00m_2.tif,Huh7,0.12427154829545645,20.0,32,4.315595666776512,1085.9375,38,4.236839671320336,939.6315789473684,14,4.68324485603302,2320.4285714285716,20,4.314892830402425,1322.15,29,4.27756939029659,1164.551724137931
Huh7_Phase_A12_1_00d20h00m_3.tif,Huh7,0.29952075024585023,20.0,45,4.3422810811654085,1099.0666666666666,54,4.101819750129295,911.8888888888889,16,4.443814394776741,2444.375,32,4.099722878577524,1319.0625,40,4.204429999604891,1172.65
Huh7_Phase_A12_1_01d12h00m_3.tif,Huh7,0.1696239474978146,36.0,38,4.214910647174766,1355.1315789473683,48,4.148415470663801,1159.625,11,4.565489089687544,3464.6363636363635,33,4.128614702320945,1594.2121212121212,40,4.120791330655164,1391.325
Huh7_Phase_A12_1_01d12h00m_2.tif,Huh7,0.15330910647945528,36.0,40,4.1833699853883655,1121.55,49,4.187030898314214,994.0,15,4.541977586480346,2674.3333333333335,28,4.157695214471301,1439.142857142857,39,4.096828070904919,1157.6923076923076
Huh7_Phase_A12_2_02d16h00m_4.tif,Huh7,0.2833264514586933,64.0,38,4.226663954167603,2028.5,63,4.43816643963149,1345.3809523809523,10,4.658856908247797,3925.7,28,4.432844816125639,2681.0,38,4.0543800983515785,1881.7105263157894
Huh7_Phase_A12_2_02d16h00m_1.tif,Huh7,0.18139789253714703,64.0,27,4.372573719452303,1898.5185185185185,51,4.2405668949979,1085.078431372549,10,4.455008912649236,4590.7,23,4.191329964872345,1911.8260869565217,25,4.202702774108598,1541.96
Huh7_Phase_A12_2_02d04h00m_4.tif,Huh7,0.3089321010434858,52.0,50,4.169765811026575,1648.14,76,4.280002255706783,1207.7763157894738,11,4.278018031904014,5414.090909090909,37,4.255347114018872,2112.810810810811,43,4.057642576142134,1876.5116279069769
Huh7_Phase_A12_2_00d12h00m_2.tif,Huh7,0.0952185701212839,12.0,34,4.24250057616537,913.8235294117648,34,4.2029283529785495,857.3529411764706,20,4.432478536400473,1436.4,25,4.281680563076822,1135.88,29,4.345384742437696,985.0689655172414
Huh7_Phase_A12_2_00d12h00m_4.tif,Huh7,0.19096092329544806,12.0,53,4.266542288767564,1112.2830188679245,56,4.240131166881571,1032.875,19,4.514616629757237,2232.7368421052633,37,4.260379459621852,1474.1891891891892,49,4.355769820540193,1250.1836734693877
Huh7_Phase_A12_2_00d08h00m_1.tif,Huh7,0.12069251761910002,8.0,42,4.26477644795444,919.1190476190476,44,4.256072113016156,822.25,18,4.37818333929885,1616.611111111111,26,4.311216583527677,1166.0,35,4.262543800934258,978.5142857142857
Huh7_Phase_A12_2_02d12h00m_4.tif,Huh7,0.2634302958369809,60.0,40,4.09305248788218,1802.625,63,4.333106054503092,1305.3492063492063,11,3.880935679496712,1872.0,28,4.291656229364877,2721.0714285714284,36,4.010067511376634,1717.9722222222222
Huh7_Phase_A12_2_02d00h00m_4.tif,Huh7,0.2778640463833069,48.0,57,4.295900766169864,1543.5263157894738,65,4.393274350142559,1350.8153846153846,12,4.24718653904588,4136.083333333333,26,4.295513266348218,3126.4615384615386,44,4.1113215095671025,1791.2045454545455
Huh7_Phase_A12_2_03d08h00m_2.tif,Huh7,0.24678504247704458,80.0,40,4.307955380219909,2048.575,75,4.328339306953573,1128.2,6,4.720781711009816,5525.833333333333,31,4.325265946622367,2489.3870967741937,41,4.179626499743985,1994.8536585365853
Huh7_Phase_A12_1_00d12h00m_3.tif,Huh7,0.1548300666521002,12.0,34,4.310317226168039,1182.235294117647,49,4.22425741553117,937.8979591836735,22,4.4779780887500555,1646.9545454545455,31,4.194634622412367,1193.6451612903227,38,4.261986676801418,1168.8157894736842
Huh7_Phase_A12_1_03d00h00m_3.tif,Huh7,0.14777242897726675,72.0,32,4.32967581559284,1341.40625,46,4.40077048567418,1239.2826086956522,9,4.9141152204419445,3910.4444444444443,17,4.50038784838555,2599.529411764706,24,4.1691632480013245,1467.4583333333333
Huh7_Phase_A12_2_01d04h00m_1.tif,Huh7,0.16872671287696617,28.0,47,4.154230052172508,1113.063829787234,57,4.129043799293907,906.6842105263158,18,4.303860484911822,2463.0,37,4.216316322091399,1302.918918918919,38,4.1628141139977695,1228.578947368421
Huh7_Phase_A12_2_03d16h00m_3.tif,Huh7,0.16782727901004796,88.0,28,4.064508663201075,1416.9642857142858,59,4.398545756080971,1058.6440677966102,12,3.8979517126026084,2722.8333333333335,19,4.4050272450073615,2501.6315789473683,31,4.018525319984378,1797.9032258064517
Huh7_Phase_A12_2_03d00h00m_4.tif,Huh7,0.2687058808184017,72.0,35,4.235806635869471,1904.2,71,4.402881685497643,1397.9859154929577,7,4.222383511098835,4847.285714285715,23,4.440059957636339,3268.9565217391305,35,4.091314766650403,2309.3142857142857
Huh7_Phase_A12_1_02d16h00m_3.tif,Huh7,0.18248057473776222,64.0,37,4.349905838772686,1426.5135135135135,49,4.380716406246764,1165.5102040816328,13,4.729168477218584,3623.076923076923,19,4.411868250447321,2357.842105263158,29,4.121225244556409,1571.7931034482758
Huh7_Phase_A12_1_01d00h00m_2.tif,Huh7,0.13610011431927418,24.0,33,4.231239980616337,1233.7272727272727,38,4.10688920249337,1100.2894736842106,18,4.461899092066639,2042.6666666666667,33,4.118160634616202,1194.121212121212,35,4.106832349087503,1162.3428571428572
Huh7_Phase_A12_1_01d08h00m_2.tif,Huh7,0.1511459399584881,32.0,55,4.2815272955776535,858.4545454545455,45,4.21994501107732,1037.8444444444444,17,4.372869404511919,2194.5882352941176,32,4.20659850978733,1337.75,37,4.1623847157289875,1160.2702702702702
Huh7_Phase_A12_2_03d12h00m_1.tif,Huh7,0.2671573761199705,84.0,33,4.378501603951335,2247.181818181818,78,4.4224189557628355,1091.1025641025642,8,4.506012736249666,6989.875,37,4.419376670601466,1952.3243243243244,34,4.198982600583337,1904.3823529411766
Huh7_Phase_A12_1_01d16h00m_4.tif,Huh7,0.13987943687172869,40.0,36,4.164977758923538,1260.888888888889,48,4.129766501727171,1054.1666666666667,13,4.1855708098568325,2628.769230769231,29,4.204577270898597,1663.0344827586207,38,4.110295875292146,1293.7631578947369
Huh7_Phase_A12_2_00d16h00m_2.tif,Huh7,0.11680206484920644,16.0,35,4.232790984286136,1137.0,40,4.105961975496207,820.225,17,4.548074243254897,1858.7058823529412,27,4.163200397155772,1161.4814814814815,29,4.208375226397412,1329.6206896551723
Huh7_Phase_A12_1_03d00h00m_2.tif,Huh7,0.20974730769229882,72.0,39,4.290433949833715,1436.2820512820513,61,4.414591620611252,1095.2622950819673,11,4.93241285583328,4134.545454545455,30,4.332104764850997,1915.0333333333333,37,4.23892647539191,1479.0
Huh7_Phase_A12_2_02d00h00m_1.tif,Huh7,0.1542677997978574,48.0,34,4.121159171386606,1118.8823529411766,51,4.14488211743294,950.9019607843137,11,4.4706331894203055,3529.090909090909,27,4.194354838613315,1703.4074074074074,33,4.065217897200856,1193.6666666666667
Huh7_Phase_A12_1_02d08h00m_4.tif,Huh7,0.15809445216892873,56.0,44,4.218470910658602,1084.8636363636363,50,4.253469123881303,965.68,14,4.461524643861168,2764.785714285714,22,4.237264706010418,1757.6363636363637,33,4.207441468830358,1322.2727272727273
Huh7_Phase_A12_2_01d20h00m_3.tif,Huh7,0.1394487071132011,44.0,36,4.144764332710029,1077.0,52,4.239436755955987,1052.8076923076924,14,3.9184477025021756,1787.5,29,4.346121837261096,1856.344827586207,35,4.015084385067885,1074.6285714285714
Huh7_Phase_A12_1_02d12h00m_3.tif,Huh7,0.18671426873906946,60.0,36,4.32549778568754,1510.5,48,4.226737953821683,1201.8958333333333,12,4.53689839133041,4119.25,30,4.297804310088677,1863.7666666666667,34,4.164783233957819,1450.4117647058824
Huh7_Phase_A12_1_04d00h00m_4.tif,Huh7,0.23917440764313302,96.0,38,4.453279914349828,1777.2894736842106,57,4.4538168692248,1260.8947368421052,8,4.742633772222899,2681.0,28,4.526559089516526,2258.214285714286,37,4.3364884468983504,1694.3783783783783
Huh7_Phase_A12_1_01d00h00m_4.tif,Huh7,0.10511547011582208,24.0,32,4.230444702294759,1127.46875,41,4.148230697978698,914.1219512195122,16,4.202979709355029,2237.4375,27,4.143872722233589,1274.3333333333333,33,4.112448009968144,986.7575757575758
Huh7_Phase_A12_2_00d08h00m_4.tif,Huh7,0.1740064674388103,8.0,50,4.325410826722178,1145.06,55,4.18559643891273,1009.0727272727273,22,4.639420769813267,2228.5454545454545,42,4.219811355579157,1265.3095238095239,48,4.234177464107037,1143.2083333333333
Huh7_Phase_A12_2_01d04h00m_4.tif,Huh7,0.21601668719952324,28.0,59,4.3544620856397644,1091.0169491525423,67,4.231554785180768,919.0746268656717,13,4.341893828325241,2713.6153846153848,41,4.225014777804722,1397.5853658536585,50,4.222953499992497,1227.68
Huh7_Phase_A12_1_01d08h00m_1.tif,Huh7,0.2733935830965909,32.0,87,4.279662162448026,981.2873563218391,82,4.23939625064358,1019.8170731707318,16,4.584617939641623,2951.5,42,4.306656398050798,1903.7142857142858,59,4.214250980306174,1215.1186440677966
Huh7_Phase_A12_1_03d16h00m_4.tif,Huh7,0.24498185779065285,88.0,39,4.275583079644709,1666.923076923077,59,4.4379292245190065,1247.7966101694915,9,4.908759405743367,2020.4444444444443,29,4.400338947107722,2131.5862068965516,35,4.217625676110547,1628.6
Huh7_Phase_A12_1_03d00h00m_4.tif,Huh7,0.19057553458260568,72.0,41,4.445646094289655,1388.7560975609756,59,4.44189409714737,1067.4915254237287,10,4.652088003396802,4529.9,19,4.473148986985337,2754.157894736842,36,4.227392453016705,1420.3055555555557
Huh7_Phase_A12_1_03d08h00m_2.tif,Huh7,0.2373383783599242,80.0,38,4.369042656037011,1698.421052631579,73,4.447835169355928,981.4657534246576,10,5.281370904358086,5338.8,30,4.499563192584968,2157.633333333333,43,4.32725522210969,1589.6279069767443
Huh7_Phase_A12_1_01d16h00m_1.tif,Huh7,0.31297646224869063,40.0,112,4.312462157478584,821.0446428571429,93,4.437686115041712,982.483870967742,20,4.859663619955041,2841.85,33,4.489427486483681,2251.121212121212,62,4.218702024334959,1401.3548387096773
Huh7_Phase_A12_2_03d20h00m_1.tif,Huh7,0.25909046806708924,92.0,35,4.279530146270758,2239.4,88,4.439741095161154,1014.6363636363636,9,4.452017803140831,7604.555555555556,21,4.167664071878197,3449.3333333333335,29,4.147404209378069,2484.0689655172414
Huh7_Phase_A12_1_02d12h00m_4.tif,Huh7,0.16304352272727385,60.0,38,4.356632243235192,1320.5526315789473,59,4.213829711829214,924.6610169491526,11,4.53851834163047,3658.090909090909,30,4.275370100196806,1747.1,39,4.232174364849715,1303.2307692307693
Huh7_Phase_A12_2_02d08h00m_4.tif,Huh7,0.30728655853911174,56.0,42,4.31081076391205,1902.642857142857,69,4.310034828617508,1241.0579710144928,11,4.20470654394414,2613.0,30,4.291203652911451,2358.133333333333,41,4.139773027941769,1657.6829268292684
Huh7_Phase_A12_1_03d12h00m_3.tif,Huh7,0.21753627813592769,84.0,28,4.078252326606775,2003.7142857142858,51,4.597105316962058,1310.2745098039215,8,5.236993460948153,4190.5,18,4.728453840812773,3080.8888888888887,27,4.248101900467376,1891.6296296296296
Huh7_Phase_A12_2_03d20h00m_3.tif,Huh7,0.1468831187172204,92.0,19,4.157158654453674,2057.842105263158,63,4.506194662725067,1081.857142857143,12,3.7572118390664087,2676.1666666666665,17,4.266171892637046,1725.0588235294117,36,4.067232129749532,1797.4722222222222
Huh7_Phase_A12_1_00d16h00m_1.tif,Huh7,0.2241985325611865,16.0,52,4.179972686566386,1321.8846153846155,67,4.211824075919092,1043.55223880597,22,4.396990674439369,2953.0,45,4.175987201785665,1457.3333333333333,58,4.176684239315731,1146.7413793103449
Huh7_Phase_A12_1_02d04h00m_1.tif,Huh7,0.27324606998469686,52.0,53,4.383739675847774,1487.3962264150944,89,4.296697056875449,1148.6966292134832,12,4.467369251974436,3958.1666666666665,45,4.287381892092194,1812.8222222222223,62,4.1702817879504765,1335.2903225806451
Huh7_Phase_A12_2_02d12h00m_3.tif,Huh7,0.17250872896634895,60.0,40,4.177784355800907,1143.45,49,4.215273361147917,1056.142857142857,13,3.783728426298533,1458.6153846153845,21,4.108869261011541,1762.2380952380952,34,4.016171286401926,1207.235294117647
Huh7_Phase_A12_2_01d04h00m_2.tif,Huh7,0.12536457468313036,28.0,38,4.230920324784182,1042.5,40,4.157252811723341,971.125,16,4.538429568917203,2350.125,23,4.246657299354078,1617.4347826086957,33,4.16567518179774,1122.909090909091
Huh7_Phase_A12_1_02d20h00m_1.tif,Huh7,0.3939242852655185,68.0,91,4.328185233512867,1200.2747252747254,94,4.460708824263128,1251.563829787234,8,4.464930278267861,3883.125,37,4.609280508351515,2635.972972972973,63,4.20972717857181,1587.3015873015872
Huh7_Phase_A12_2_01d20h00m_1.tif,Huh7,0.13645338546219432,44.0,31,4.108990148167472,1418.1290322580646,53,4.1571948273785315,932.0188679245283,15,4.433625407129066,2683.9333333333334,23,4.148243510154956,1560.5217391304348,28,4.096017450373626,1206.75
Huh7_Phase_A12_2_03d12h00m_4.tif,Huh7,0.26889338969623444,84.0,37,4.310741282014563,2148.5405405405404,83,4.38119148693897,1150.698795180723,8,4.907899171308792,4273.75,22,4.548183364967934,3988.5454545454545,30,4.094934540238231,2415.9
Huh7_Phase_A12_2_03d20h00m_4.tif,Huh7,0.2547140694656889,92.0,40,4.400265269676541,1861.025,73,4.411207919132707,1326.7123287671234,9,4.706040984065991,1987.6666666666667,31,4.471979763155732,2788.064516129032,36,4.280531558103908,2182.027777777778
Huh7_Phase_A12_1_03d12h00m_1.tif,Huh7,0.4240123363745661,84.0,57,4.352911328230395,2105.2982456140353,105,4.463463351102693,1227.2190476190476,6,4.141723366893209,985.5,37,4.4883437187268,2758.108108108108,63,4.332393547345174,1909.873015873016
Huh7_Phase_A12_2_01d04h00m_3.tif,Huh7,0.17057048117897636,28.0,45,4.133122272575869,1239.1777777777777,56,4.0895660085366385,916.2678571428571,17,4.131029601238394,2649.9411764705883,37,4.069883077010788,1386.7837837837837,45,4.004969575102016,1049.4
Huh7_Phase_A12_2_03d04h00m_2.tif,Huh7,0.2371893778682309,76.0,46,4.324241807519587,1550.2173913043478,71,4.321211112435801,1119.0140845070423,7,4.735893567994005,4894.0,37,4.3160638666069,2055.4594594594596,38,4.2261832423588785,2024.921052631579
Huh7_Phase_A12_1_01d04h00m_2.tif,Huh7,0.1379813797530624,28.0,35,4.157130101386625,1258.4857142857143,45,4.14849798783067,1021.6222222222223,20,4.4279066415540145,1999.15,35,4.186091493085819,1259.4571428571428,33,4.138413972937296,1295.909090909091
Huh7_Phase_A12_1_03d04h00m_1.tif,Huh7,0.40439618157232443,76.0,74,4.341301861452676,1599.8918918918919,93,4.442256866969427,1333.8709677419354,8,4.275901718052665,1479.0,42,4.489210336211226,2318.3809523809523,57,4.2477597465821875,1810.5438596491229
SkBr3_Phase_G3_1_01d04h00m_3.tif,SkBr3,0.20655540127841288,28.0,169,3.776684266214655,390.41420118343194,189,3.8390680214473396,418.43386243386243,65,4.2026722911960945,1049.0307692307692,172,3.8308518356899453,451.9186046511628,172,3.7859773384010507,427.19767441860466
SkBr3_Phase_G3_2_01d20h00m_4.tif,SkBr3,0.35836753441870717,44.0,265,3.9119725316470495,424.0188679245283,278,3.855621232186864,404.9568345323741,54,4.679898396004915,1579.537037037037,264,3.864999085232676,419.5568181818182,268,3.869005329314498,421.10074626865674
SKOV3_Phase_E4_2_02d00h00m_1.tif,SK-OV-3,0.8336367919580312,48.0,140,5.040958294328514,1697.6714285714286,215,4.49846256722399,1192.660465116279,0,,,127,4.628365429718248,1822.007874015748,133,4.696094210904098,1790.2255639097743
SKOV3_Phase_F4_2_02d16h00m_1.tif,SK-OV-3,0.9446921402425666,64.0,202,4.600123859539741,1318.6287128712872,288,4.400578759005619,1002.0798611111111,0,,,163,4.595924200527553,1612.6748466257668,193,4.409899973707329,1442.2849740932643
SkBr3_Phase_G3_1_02d20h00m_2.tif,SkBr3,0.5477818668050606,68.0,418,4.006207465552682,407.2607655502392,448,3.973453666499109,392.93080357142856,19,4.9754784707772215,2090.684210526316,404,3.978263535400421,422.4579207920792,411,3.9522492591019116,405.5158150851581
SkBr3_Phase_G3_1_01d20h00m_1.tif,SkBr3,0.2853632318072552,44.0,263,3.84142531782371,352.91634980988596,285,3.911686286129911,408.23859649122807,46,4.700846940330448,1388.9347826086957,257,3.9390369612291347,439.36964980544747,280,3.856719994444236,401.89642857142854
SkBr3_Phase_G3_1_03d00h00m_3.tif,SkBr3,0.49605373907341455,72.0,316,4.028573444245042,500.253164556962,352,3.9343248966724698,454.125,31,4.6051676913134365,1232.1290322580646,314,3.950267738648121,501.0796178343949,311,3.9359261956222844,494.6881028938907
SkBr3_Phase_G3_1_03d12h00m_2.tif,SkBr3,0.6285576287969953,84.0,443,4.082666261274624,423.40406320541763,529,3.9929626915639806,380.70132325141776,15,3.8788180458643735,560.2666666666667,460,4.011253257472999,430.27608695652174,482,3.997385727041433,404.746887966805
SkBr3_Phase_G3_2_02d00h00m_3.tif,SkBr3,0.42508633645653354,48.0,344,3.9690316163035257,389.1860465116279,355,3.877458806639363,368.7661971830986,59,4.8023109263798585,1595.0169491525423,334,3.8789448594687306,387.1646706586826,341,3.885131950909339,379.44281524926686
SKOV3_Phase_E4_2_01d16h00m_1.tif,SK-OV-3,0.7014637301955845,40.0,113,5.09244552336655,1798.0176991150443,191,4.558344443324025,1165.9424083769634,0,,,114,4.7235467919682845,1788.6140350877192,110,4.777652241314663,1883.790909090909
SkBr3_Phase_G3_1_03d08h00m_4.tif,SkBr3,0.588541255736461,80.0,391,4.1139172021424075,462.0690537084399,461,3.9771234621646347,413.1041214750542,19,4.010699595670422,709.2631578947369,414,3.995664381632512,447.95652173913044,423,4.002011518220527,442.89125295508273
SkBr3_Phase_G3_2_02d16h00m_4.tif,SkBr3,0.46839622896635746,64.0,326,4.051699211649593,446.7269938650307,361,3.9597789830857133,413.6204986149584,30,5.715125977947907,3139.766666666667,322,3.9732411500975173,453.5900621118012,328,3.94838306448405,443.8475609756098
SkBr3_Phase_G3_2_03d12h00m_3.tif,SkBr3,0.6886190432419088,84.0,544,4.0527029680552555,384.46691176470586,578,3.9343965969633605,365.3961937716263,13,4.307881015510749,820.5384615384615,526,3.9614763665677017,395.60076045627375,550,3.9527274780423283,374.3781818181818
SkBr3_Phase_G3_1_02d08h00m_1.tif,SkBr3,0.41492632648601013,56.0,316,3.947602044517008,425.4810126582278,337,3.9490237130214982,418.6617210682493,43,4.95711281018316,1679.1860465116279,298,3.962537814224122,462.4463087248322,314,3.9085298446181165,435.44267515923565
SkBr3_Phase_G3_2_01d12h00m_4.tif,SkBr3,0.2652523145214181,36.0,235,3.8790613475163083,365.4765957446809,254,3.845023808704602,387.5551181102362,60,4.545699476010666,1370.7166666666667,237,3.844482071200565,408.1729957805907,247,3.854568704948102,406.90283400809716
SkBr3_Phase_G3_1_02d12h00m_1.tif,SkBr3,0.426920551518792,60.0,329,3.9473729807194653,418.4741641337386,346,3.9347754616329382,424.78034682080926,37,5.023440603468204,1740.7027027027027,313,3.9419585498051184,463.3897763578275,331,3.9148835638574235,431.6404833836858
SkBr3_Phase_G3_2_00d12h00m_2.tif,SkBr3,0.18653616176791815,12.0,200,3.83086949424988,311.225,193,3.738701859975824,323.86528497409324,78,4.213078103429176,768.1923076923077,184,3.729849760764831,335.8478260869565,189,3.7227156296032646,316.07936507936506
SkBr3_Phase_G3_1_01d16h00m_4.tif,SkBr3,0.6023045966728742,40.0,246,3.974425782486844,407.3617886178862,273,3.9158970882203867,429.27106227106225,48,4.765686982654425,2123.375,254,3.916143162535296,457.45669291338584,262,3.9326921915378916,446.1832061068702
SkBr3_Phase_G3_2_01d04h00m_4.tif,SkBr3,0.24820141922529973,28.0,221,3.823038663152029,369.552036199095,227,3.796402857211852,368.488986784141,74,4.330351545705746,1024.6756756756756,216,3.804899059446319,384.75925925925924,224,3.8024945899170954,372.4642857142857
SkBr3_Phase_G3_1_03d12h00m_3.tif,SkBr3,0.5660523296820615,84.0,357,4.015699813361983,504.2464985994398,416,3.9762448004545146,452.1706730769231,18,4.46812238682126,1251.5,367,3.9758826979438564,493.1008174386921,372,3.9756343059295514,510.88709677419354
SkBr3_Phase_G3_2_00d16h00m_3.tif,SkBr3,0.2213465003551083,16.0,225,3.7368919568309495,310.21777777777777,226,3.7399769716199356,318.87610619469024,100,4.254027172795088,691.97,223,3.7363176472986135,317.6502242152466,229,3.7324713295269136,306.2489082969432
SkBr3_Phase_G3_1_01d16h00m_1.tif,SkBr3,0.27181855441433783,40.0,249,3.8298612597667896,352.55823293172693,273,3.870065498439801,395.8791208791209,58,4.714249381448671,1247.1896551724137,254,3.8761651675551,424.57086614173227,268,3.8319921744214587,394.92164179104475
SkBr3_Phase_G3_2_02d08h00m_3.tif,SkBr3,0.4355258050153108,56.0,384,3.9195552189651988,361.0963541666667,402,3.863098138915495,364.6169154228856,51,4.637242350805094,1378.0980392156862,377,3.8775200903973213,383.0636604774536,395,3.889426200120065,383.50126582278483
SKOV3_Phase_E4_2_02d08h00m_1.tif,SK-OV-3,0.942481924989085,56.0,178,4.610668047916916,1565.5898876404494,254,4.472880073366286,1131.6456692913387,0,,,167,4.564547689435772,1622.5389221556886,165,4.465287787441544,1645.418181818182
SkBr3_Phase_G3_2_03d08h00m_1.tif,SkBr3,0.6328579001857547,80.0,507,4.079410127556247,389.8777120315582,543,3.9998631139628182,357.8489871086556,21,4.485368324528354,952.5238095238095,490,4.022300609337972,395.83469387755105,507,3.9857648335141453,382.879684418146
SkBr3_Phase_G3_1_03d08h00m_2.tif,SkBr3,0.582243915810755,80.0,435,4.092983726049286,412.8574712643678,510,3.9684528869062965,373.61176470588236,14,4.0848200009405256,609.5,451,3.98173454163919,409.17960088691797,467,3.9608550708200507,399.3233404710921
SkBr3_Phase_G3_2_01d04h00m_2.tif,SkBr3,0.2698067688756692,28.0,223,3.853944155618164,392.92825112107624,235,3.815115248866497,384.92765957446807,66,4.431932897379141,1177.3484848484848,218,3.8008533599400622,409.1880733944954,227,3.820108446973493,395.48458149779736
SkBr3_Phase_G3_2_02d04h00m_2.tif,SkBr3,0.3737473778955423,52.0,279,3.907076020417876,411.6200716845878,316,3.923143049634524,398.32911392405066,49,4.744140050681185,1857.3877551020407,286,3.9323738693262706,431.04545454545456,293,3.9154277669168875,422.57679180887374
SkBr3_Phase_G3_2_03d00h00m_4.tif,SkBr3,0.9690075793542616,72.0,372,3.9970445663404646,441.19086021505376,415,3.948158212503337,396.36626506024095,25,5.263951711703995,2350.36,368,3.98455066864204,443.2173913043478,377,3.965288474710522,419.0424403183024
SkBr3_Phase_G3_1_00d08h00m_1.tif,SkBr3,0.15633777425700351,8.0,178,3.6842946401444734,295.8314606741573,181,3.7117970454290115,344.30939226519337,96,3.9951161557035575,588.0208333333334,176,3.7006490953898523,338.65909090909093,179,3.702772466327223,352.3184357541899
SkBr3_Phase_G3_2_02d08h00m_4.tif,SkBr3,0.4182442595880819,56.0,306,3.9923852375246702,431.2516339869281,330,3.898293427411122,401.1181818181818,45,4.984108565798931,1997.2222222222222,311,3.910730691893296,423.572347266881,308,3.918787164614266,428.737012987013
SkBr3_Phase_G3_1_00d08h00m_4.tif,SkBr3,0.17852780853911948,8.0,171,3.7251368104585425,349.53801169590645,173,3.736245204274428,370.60693641618496,89,4.098435313777162,697.8089887640449,167,3.727681892260128,386.19161676646706,170,3.725718591992622,372.2470588235294
SkBr3_Phase_G3_2_03d04h00m_4.tif,SkBr3,1.0339681583260298,76.0,389,4.0216051477164365,457.24164524421593,435,3.989365299059597,406.2252873563218,20,5.877769241679616,3521.4,386,3.999298892256214,444.3056994818653,389,3.987480976354635,443.77120822622106
SkBr3_Phase_G3_2_03d04h00m_2.tif,SkBr3,0.9915397284746462,76.0,405,4.036813048815497,426.6123456790123,444,3.98679778522809,385.76126126126127,20,4.725190527691967,2000.25,405,4.017005037880977,423.32345679012343,410,3.985631172455186,406.8219512195122
SkBr3_Phase_G3_1_01d20h00m_3.tif,SkBr3,0.31418102955638094,44.0,218,3.871362410107862,458.5229357798165,242,3.8878080415075047,425.6942148760331,53,4.61111069793282,1649.301886792453,215,3.887297022433679,459.3488372093023,225,3.8713387525289695,452.2577777777778
SkBr3_Phase_G3_2_00d12h00m_1.tif,SkBr3,0.19784159391390627,12.0,212,3.7946497510217503,312.97641509433964,210,3.7054132580211845,312.27142857142854,99,4.104939459278261,620.8484848484849,203,3.7060626956921725,317.9704433497537,210,3.7243933218765117,313.5190476190476
SkBr3_Phase_G3_1_00d12h00m_2.tif,SkBr3,0.19246319001310477,12.0,200,3.7102021880676985,319.21,199,3.720511894377865,336.3718592964824,86,4.211032963874311,704.546511627907,195,3.7213764814185826,338.0051282051282,198,3.7115849317826046,324.4343434343434
SkBr3_Phase_G3_1_01d08h00m_4.tif,SkBr3,0.2678101598011316,32.0,230,3.8920181866520758,396.0173913043478,265,3.8624036372117403,404.85283018867926,52,4.425753295086153,1287.1346153846155,243,3.8563951815168878,440.156378600823,245,3.8648128071131085,430.3795918367347
SkBr3_Phase_G3_2_01d08h00m_1.tif,SkBr3,0.25585376393137804,32.0,239,3.8297881581012865,336.1673640167364,264,3.821590674558813,367.530303030303,70,4.564606803568605,1199.3285714285714,249,3.825925179539096,380.3734939759036,257,3.8275639812909814,374.8365758754864
SkBr3_Phase_G3_1_00d12h00m_3.tif,SkBr3,0.16324447402207848,12.0,155,3.7608463482389123,348.7935483870968,163,3.742192964299014,355.9509202453988,74,4.067327982285867,742.7837837837837,153,3.7481949459842405,370.078431372549,154,3.7327040026721594,367.1363636363636
SkBr3_Phase_G3_1_00d08h00m_2.tif,SkBr3,0.1721243744536689,8.0,185,3.8196538341209965,299.4972972972973,197,3.8291627088921434,327.3197969543147,91,4.353776915557523,677.5384615384615,191,3.813585043642977,335.6649214659686,190,3.7040921216784706,311.0157894736842
SkBr3_Phase_G3_2_03d08h00m_2.tif,SkBr3,0.5677904742132884,80.0,435,4.082030178118402,403.5057471264368,476,3.9901515046798766,366.83613445378154,26,4.938257680181011,2265.769230769231,420,4.014819357099407,407.98571428571427,427,3.9845449456454096,389.5058548009368
SkBr3_Phase_G3_1_01d16h00m_2.tif,SkBr3,0.3151884260271037,40.0,269,3.839030889885123,371.4386617100372,302,3.8787363318577266,404.4801324503311,45,4.909531241773004,1854.5333333333333,277,3.8793356595621455,421.11191335740074,285,3.8726203457275785,425.04561403508774
SkBr3_Phase_G3_2_01d16h00m_4.tif,SkBr3,0.3402541066160248,40.0,254,3.945338668365347,417.66141732283467,270,3.8858765622997,405.4074074074074,57,4.663566511805984,1315.4561403508771,244,3.885499943773269,441.44262295081967,256,3.876620593468708,419.84375
SKOV3_Phase_E4_2_01d20h00m_4.tif,SK-OV-3,0.7161308775404319,44.0,114,4.897647322115843,1845.9561403508771,174,4.505844781341949,1236.4655172413793,0,,,116,4.693135162325874,1784.9568965517242,103,4.63617308722829,1974.8252427184466
SkBr3_Phase_G3_1_01d04h00m_2.tif,SkBr3,0.24990667681927248,28.0,250,3.783148212756084,329.06,260,3.8168730709275756,362.99615384615385,62,4.57493468448544,1164.8870967741937,242,3.8103288887173936,370.3264462809917,250,3.7752020729018043,362.312
SkBr3_Phase_G3_2_02d20h00m_3.tif,SkBr3,0.5459001929905974,68.0,441,3.9979303504480175,386.2358276643991,474,3.928251072683576,367.5295358649789,38,4.338594704620782,878.0,441,3.9416776867865524,391.0294784580499,452,3.938619891754363,381.29424778761063
SKOV3_Phase_E4_2_02d04h00m_2.tif,SK-OV-3,0.881423988472449,52.0,164,4.680641790955202,1474.3353658536585,241,4.430636540158329,1136.1618257261412,0,,,165,4.491692266741246,1515.3393939393939,165,4.4640248832350835,1547.0727272727272
SkBr3_Phase_G3_2_02d00h00m_1.tif,SkBr3,0.38106698713395554,48.0,321,4.010830804145716,376.09034267912773,339,3.9042564316291326,374.2772861356932,44,4.626680250082607,1458.5227272727273,305,3.9121280909456293,412.7737704918033,318,3.9073161550426714,393.09119496855345
SkBr3_Phase_G3_1_01d12h00m_1.tif,SkBr3,0.24374952237216488,36.0,220,3.83857326494041,360.6045454545455,264,3.9513810882501335,407.6780303030303,60,4.604182550494254,1110.8333333333333,240,3.9405949922285592,442.0125,248,3.8479497268974066,396.56854838709677
SKOV3_Phase_E4_2_02d00h00m_3.tif,SK-OV-3,0.6907657217001881,48.0,122,5.06727762742333,1630.8032786885246,189,4.516684724097569,1065.2063492063492,1,4.0909902576697315,576.0,115,4.828513080896349,1601.1130434782608,107,4.866398787091705,1783.7196261682243
SkBr3_Phase_G3_1_02d16h00m_2.tif,SkBr3,0.5216151144558213,64.0,392,4.015058744236965,412.9515306122449,424,3.9510628620484756,400.14858490566036,19,4.613713896753655,1655.7894736842106,373,3.969423648100744,433.21447721179624,390,3.9639568049452394,441.8897435897436
SkBr3_Phase_G3_1_02d00h00m_2.tif,SkBr3,0.40917841455419474,48.0,315,4.025994504527776,423.4190476190476,326,3.8942924281445435,409.73312883435585,42,4.667516333469913,1424.452380952381,302,3.8874393648480337,425.5860927152318,312,3.8741821676047468,415.05128205128204
SKOV3_Phase_E4_2_02d04h00m_4.tif,SK-OV-3,0.8229494083260273,52.0,138,4.682911089775968,1735.1739130434783,206,4.4657331775269915,1275.106796116505,0,,,132,4.571978983747214,1805.7424242424242,133,4.542395577957568,1847.984962406015
SkBr3_Phase_G3_1_00d16h00m_4.tif,SkBr3,0.2147118424934479,16.0,202,3.7737789245806144,358.3910891089109,210,3.7775266281103907,359.6380952380952,69,4.481845615916827,1054.4202898550725,200,3.7786552947731424,371.7,201,3.777209367449834,377.1741293532338
SKOV3_Phase_F4_2_02d16h00m_3.tif,SK-OV-3,0.943415497159092,64.0,197,4.670145842449526,1382.9187817258883,263,4.426094009752502,1124.6501901140684,0,,,172,4.547847236046562,1558.0,175,4.492428682317852,1596.84
SKOV3_Phase_F4_2_02d12h00m_2.tif,SK-OV-3,0.9283730833424411,60.0,156,4.635845385114054,1615.9551282051282,239,4.501271166026668,1203.3598326359834,0,,,137,4.61254227263209,1855.058394160584,147,4.41883572196162,1811.6462585034014
SKOV3_Phase_F4_2_02d20h00m_2.tif,SK-OV-3,1.0044729478529297,68.0,172,4.520822096024167,1622.360465116279,275,4.50441221977259,1078.28,0,,,153,4.633540251359845,1702.562091503268,171,4.425747177303926,1614.842105263158
SKOV3_Phase_E4_2_01d20h00m_3.tif,SK-OV-3,0.6507790103255818,44.0,117,5.439725414078254,1625.7008547008547,198,4.608863088778665,978.9545454545455,0,,,114,4.944557486183163,1546.6315789473683,95,5.134139705735204,1895.1684210526316
SKOV3_Phase_F4_2_03d00h00m_2.tif,SK-OV-3,0.9773370663516192,72.0,190,4.587568173920714,1383.4368421052632,289,4.450639149030926,1031.840830449827,0,,,168,4.617805681958851,1527.5416666666667,180,4.477779121847122,1490.9722222222222
SkBr3_Phase_G3_1_00d08h00m_3.tif,SkBr3,0.16684545085773822,8.0,152,3.751798702810789,355.10526315789474,161,3.745593143873766,356.832298136646,79,4.037410699244994,689.0253164556962,150,3.744728866673413,371.88,153,3.7417476492656263,366.37908496732024
SKOV3_Phase_F4_2_02d12h00m_3.tif,SK-OV-3,0.9406769860412967,60.0,174,4.644217318973059,1505.4310344827586,232,4.527076375163936,1212.103448275862,0,,,156,4.616231358324673,1681.8333333333333,164,4.413996512495549,1639.5792682926829
SkBr3_Phase_G3_1_01d04h00m_4.tif,SkBr3,0.26204821541738377,28.0,227,3.880411853539817,392.568281938326,251,3.8719498503521335,399.9083665338645,60,4.724286654720641,1619.7666666666667,232,3.8777705020150277,429.0818965517241,232,3.8713414370176857,424.87931034482756
SkBr3_Phase_G3_2_00d20h00m_2.tif,SkBr3,0.23034488622705573,20.0,205,3.7882461226662567,372.38048780487804,205,3.7540876984057583,366.01951219512193,75,4.303337916928066,958.4,200,3.7614847790372874,374.305,208,3.7519388616309888,370.2692307692308
SkBr3_Phase_G3_2_01d08h00m_4.tif,SkBr3,0.25520562663897317,32.0,221,3.857107116813497,369.99095022624437,243,3.8311260811218193,388.4732510288066,63,4.5476121104295855,1328.7301587301588,232,3.837842704149867,406.10775862068965,233,3.8431819260175843,406.13304721030045
SkBr3_Phase_G3_2_01d04h00m_1.tif,SkBr3,0.27474573563155286,28.0,253,3.8672248160921603,352.1106719367589,255,3.8139118555992004,358.42745098039217,78,4.392707077193761,957.4871794871794,241,3.8179039970622033,371.253112033195,253,3.8213472419675387,361.10671936758894
SKOV3_Phase_F4_2_03d00h00m_4.tif,SK-OV-3,0.9746573411549224,72.0,190,4.539899720667194,1420.0736842105264,273,4.39959852614604,1080.003663003663,0,,,167,4.5474868749572215,1592.0479041916167,180,4.435026988367029,1513.5388888888888
SKOV3_Phase_F4_2_02d16h00m_2.tif,SK-OV-3,0.9303284484265658,64.0,164,4.602380820059951,1546.939024390244,257,4.541081394050113,1109.2645914396887,0,,,153,4.663327405784032,1711.4705882352941,152,4.511251431971241,1742.9144736842106
SkBr3_Phase_G3_2_00d12h00m_4.tif,SkBr3,0.1910039259178467,12.0,190,3.751799054690703,331.86842105263156,185,3.725160642525369,338.1621621621622,90,4.1052193097880405,662.9666666666667,180,3.7242019745465944,346.18333333333334,190,3.7210164327933404,326.8315789473684
SkBr3_Phase_G3_2_02d20h00m_2.tif,SkBr3,0.49137717616367405,68.0,354,4.043836630844878,431.9858757062147,404,3.948716936859453,379.0792079207921,32,4.712090914288526,1694.59375,364,3.967340587557977,412.18131868131866,361,3.9735909156258096,421.2049861495845
SkBr3_Phase_G3_2_03d12h00m_4.tif,SkBr3,0.6037668222792922,84.0,416,4.046332118283547,423.3076923076923,460,3.986168599888715,395.3195652173913,15,4.27781498077938,906.6,410,3.991378938811782,428.5682926829268,418,3.9742003240573216,431.35406698564594
SKOV3_Phase_F4_2_02d12h00m_4.tif,SK-OV-3,0.9125200599595606,60.0,136,4.7150645153806545,1907.1691176470588,210,4.478868634998179,1317.8238095238096,0,,,133,4.591710161110073,1939.8496240601503,123,4.572587926977475,2174.9268292682927
SkBr3_Phase_G3_1_01d04h00m_1.tif,SkBr3,0.23105903422748167,28.0,215,3.820193876428112,348.95813953488374,228,3.8651198259074424,378.69736842105266,70,4.474009268694747,961.3857142857142,208,3.8873577430190593,408.7548076923077,217,3.8110178257773137,378.5806451612903
SkBr3_Phase_G3_1_01d00h00m_2.tif,SkBr3,0.23316393274694755,24.0,230,3.751985051148318,340.6695652173913,238,3.781351483907153,366.0378151260504,71,4.417459279335924,988.830985915493,223,3.781125169663134,378.30941704035877,231,3.769561996679773,369.97835497835496
SkBr3_Phase_G3_1_03d00h00m_4.tif,SkBr3,0.5266078038953319,72.0,371,4.083354221510774,449.7574123989218,438,3.9618525499409203,414.38812785388126,31,4.318006572067425,844.8064516129032,379,3.9857049989629756,463.12664907651714,390,3.9964328757505627,442.74871794871797
SkBr3_Phase_G3_2_01d00h00m_1.tif,SkBr3,0.25776018752730784,24.0,238,3.8378734568109536,350.218487394958,244,3.7924279633141125,345.5655737704918,77,4.278837553716331,910.025974025974,229,3.801703124881004,367.07860262008734,235,3.8019131970558444,355.4936170212766
SkBr3_Phase_G3_1_03d04h00m_2.tif,SkBr3,0.556425103256129,76.0,425,4.056260352995954,408.28,469,3.9679230261821856,397.727078891258,17,4.592118855846942,1896.3529411764705,427,3.9801896410075157,422.9953161592506,440,3.9604155244326034,412.4818181818182
SkBr3_Phase_G3_2_01d04h00m_3.tif,SkBr3,0.2831740664608851,28.0,261,3.8274870916586954,344.7011494252874,265,3.8069381181367494,353.86037735849055,77,4.475724806968616,1100.2987012987012,252,3.808819765029167,368.8015873015873,261,3.790629347112627,353.17241379310343
SkBr3_Phase_G3_1_03d00h00m_2.tif,SkBr3,0.5667703512893293,72.0,406,4.127270459130169,444.6847290640394,454,3.9844289112599607,399.3325991189427,19,4.656152519624235,1968.421052631579,412,3.9966096463955676,423.27669902912623,412,3.9768506156309105,430.8980582524272
SkBr3_Phase_G3_2_01d12h00m_1.tif,SkBr3,0.2781137515023954,36.0,252,3.8750703507760744,339.8690476190476,284,3.8276045679965223,368.05281690140845,63,4.583552925268807,1193.2698412698412,269,3.8405246550957326,384.92193308550185,275,3.8475427696653086,376.0254545454545
SkBr3_Phase_G3_2_03d04h00m_1.tif,SkBr3,1.127378899420882,76.0,484,4.035797346126478,400.24380165289256,515,3.9741337259867686,364.1650485436893,16,4.519475708756671,1479.1875,473,3.9984872179377637,397.04016913319236,489,3.9851573554586106,385.31083844580775
SkBr3_Phase_G3_2_00d08h00m_4.tif,SkBr3,0.17669778764204183,8.0,175,3.7645931325408895,334.90285714285716,171,3.6967667515453018,339.4035087719298,90,4.043011727812393,615.1444444444444,169,3.6976516248563143,342.18934911242604,172,3.7111766412474876,336.13953488372096
SkBr3_Phase_G3_2_02d20h00m_4.tif,SkBr3,0.49300073809002426,68.0,336,4.0546141953037775,460.74107142857144,383,3.955133309088791,399.45169712793734,21,5.056174504449251,1712.047619047619,342,3.9751055977212513,440.687134502924,343,3.9606158716256252,433.42857142857144
SkBr3_Phase_G3_1_00d16h00m_2.tif,SkBr3,0.19550358459898753,16.0,208,3.7515021382737035,312.7019230769231,216,3.755422237525652,336.81018518518516,85,4.184805841530405,766.0,205,3.7575891904639454,349.65365853658534,207,3.741278656582393,338.94685990338166
SkBr3_Phase_G3_1_01d12h00m_4.tif,SkBr3,0.2965024202360113,36.0,242,3.913582756112705,420.94214876033055,273,3.908266096852148,437.7362637362637,48,5.046720583955534,2419.7083333333335,257,3.918888576100357,461.7237354085603,253,3.9094589243901456,457.89328063241106
SkBr3_Phase_G3_1_02d16h00m_3.tif,SkBr3,0.4361513237543797,64.0,292,3.9366754803626183,456.736301369863,312,3.943580623360758,453.8814102564103,39,4.508528076816185,1902.3589743589744,272,3.9409354399105534,494.25,290,3.9105190549032613,470.3
SkBr3_Phase_G3_2_02d08h00m_1.tif,SkBr3,0.4126753135926555,56.0,351,3.9741477111627503,364.35897435897436,378,3.9364240935359667,374.0,35,4.923490588094804,1894.4,345,3.9509879408194712,402.1797101449275,363,3.929150698633644,386.9449035812672
SkBr3_Phase_G3_1_02d20h00m_4.tif,SkBr3,0.48855065217985205,68.0,364,3.932437211464277,440.28846153846155,415,3.961409102941606,433.8072289156627,31,4.222116728353341,778.5483870967741,369,3.9768837885268873,479.9593495934959,380,3.9656146537401336,467.2368421052632
SKOV3_Phase_E4_2_01d20h00m_2.tif,SK-OV-3,0.7742269517591724,44.0,163,5.039756277309642,1339.3312883435583,192,4.525659136006173,1234.2083333333333,0,,,127,4.680004769243025,1703.0393700787401,115,4.707813082833329,1858.8608695652174
SkBr3_Phase_G3_1_02d12h00m_3.tif,SkBr3,0.4035445263330401,60.0,292,3.9444343343059955,434.36301369863014,302,3.9076561588346794,432.47350993377484,36,4.5486311315041235,1331.4166666666667,268,3.9117614166649286,475.32835820895525,279,3.9076334933730634,458.4193548387097
SkBr3_Phase_G3_1_01d12h00m_2.tif,SkBr3,0.29160635557801695,36.0,253,3.8452186809157705,377.6877470355731,286,3.859145460533326,393.493006993007,65,4.454639228008261,1259.6923076923076,262,3.845611468203667,415.7709923664122,274,3.857367336121333,405.36861313868616
SkBr3_Phase_G3_2_02d12h00m_3.tif,SkBr3,0.5048875575011075,60.0,421,4.002748131004474,391.3895486935867,435,3.9138769321470184,368.71954022988507,45,4.582277636022119,1824.5111111111112,405,3.923074387345183,385.0246913580247,424,3.93309611039863,380.0306603773585
SkBr3_Phase_G3_1_02d00h00m_4.tif,SkBr3,0.401183196295885,48.0,302,4.100813201875366,437.74834437086093,306,3.9248130880191483,420.66993464052285,39,4.811631705584066,2173.4615384615386,276,3.9493779780808995,467.55434782608694,295,3.9673979414750464,443.0169491525424
SkBr3_Phase_G3_1_01d20h00m_2.tif,SkBr3,0.3910550695203352,44.0,293,3.9108071538804268,454.42320819112626,318,3.8960497510165193,421.8930817610063,40,4.667172343095666,1659.825,290,3.9024953645576996,448.47241379310344,303,3.8895382022410256,431.5247524752475
SKOV3_Phase_F4_2_02d20h00m_3.tif,SK-OV-3,0.9761545734538992,68.0,186,4.65383586445209,1435.6344086021506,299,4.459037669911144,964.9966555183946,0,,,172,4.650666578969129,1534.6337209302326,184,4.533225688451841,1458.1304347826087
SkBr3_Phase_G3_1_03d00h00m_1.tif,SkBr3,0.4970858544580423,72.0,390,4.0993311582408065,410.9102564102564,409,3.9771328195465583,397.0048899755501,30,4.785610455993821,1513.2333333333333,355,4.0021392043121535,450.8507042253521,382,3.9405784209223484,418.3848167539267
SkBr3_Phase_G3_1_03d04h00m_3.tif,SkBr3,0.5184860193127206,76.0,323,4.037115305782281,491.56656346749224,369,3.9543968354521914,449.0975609756098,20,4.565906550306908,1314.4,329,3.9795442592027075,494.29787234042556,327,3.961615623578033,494.10091743119267
SkBr3_Phase_G3_1_02d12h00m_4.tif,SkBr3,0.4848960055179133,60.0,367,3.9990529914748065,428.81471389645776,397,3.9439607076206635,416.7758186397985,36,4.456655413992191,919.9444444444445,354,3.972446905714302,456.34180790960454,361,3.973739605444286,450.0498614958449
SkBr3_Phase_G3_2_00d16h00m_1.tif,SkBr3,0.21854199177775632,16.0,216,3.7656942188120723,330.85648148148147,218,3.7317991213749746,323.29357798165137,97,4.145221623792457,689.8865979381443,206,3.7120257677116806,333.9854368932039,213,3.738743320083649,328.84507042253523
SkBr3_Phase_G3_1_00d20h00m_1.tif,SkBr3,0.21395566392591692,20.0,189,3.775573443122668,368.3862433862434,193,3.7937254149408917,372.31088082901556,92,4.209060604223163,775.2065217391304,182,3.793072570314894,392.85714285714283,188,3.741799314493052,381.9148936170213
SkBr3_Phase_G3_1_02d08h00m_2.tif,SkBr3,0.47833929482627185,56.0,343,4.07722591159726,432.22157434402334,369,3.957336961425345,407.0271002710027,29,4.6981630399059995,1199.4827586206898,336,3.939392359279712,430.50892857142856,339,3.918659772523351,439.2212389380531
SKOV3_Phase_E4_2_02d00h00m_4.tif,SK-OV-3,1.6274972862488997,48.0,158,5.899550794378541,1508.3481012658228,188,4.479257155148422,1316.3085106382978,1,3.5931953907419287,433.0,127,4.626686870801918,1876.2047244094488,118,4.6193101029510295,2014.0
SkBr3_Phase_G3_2_02d04h00m_1.tif,SkBr3,0.4156692604075583,52.0,347,4.007033139714046,367.9654178674352,377,3.9318368873632643,361.45092838196285,34,5.027529915214848,1757.9411764705883,346,3.951585482083757,382.59248554913296,347,3.931856950599736,384.0691642651297
SkBr3_Phase_G3_2_01d08h00m_2.tif,SkBr3,0.268538749043929,32.0,232,3.840129932179762,365.2801724137931,245,3.8382855539462932,406.38775510204084,64,4.505569413740001,1368.71875,230,3.830533462429296,424.4130434782609,232,3.8313394507511345,415.6163793103448
SkBr3_Phase_G3_2_00d20h00m_4.tif,SkBr3,0.21605842370519973,20.0,207,3.8029960436761545,336.5217391304348,201,3.753222599325228,346.5323383084577,79,4.279591695383896,809.7848101265823,195,3.746985816917833,354.42051282051284,204,3.750138180103302,342.0882352941176
SkBr3_Phase_G3_1_02d16h00m_4.tif,SkBr3,0.49693854908760343,64.0,367,4.002737962581102,432.05449591280654,400,3.9670639325751047,417.3375,33,4.398657727686596,826.0909090909091,365,3.970525141902873,453.1945205479452,358,3.9664163796138934,454.9804469273743
SKOV3_Phase_F4_2_02d20h00m_4.tif,SK-OV-3,0.9428706046492612,68.0,157,4.626058686532098,1666.9299363057326,265,4.459952879329722,1106.0641509433963,0,,,164,4.598648013908576,1635.4939024390244,156,4.502618456768022,1694.448717948718
SkBr3_Phase_G3_2_01d08h00m_3.tif,SkBr3,0.2781882167832071,32.0,263,3.841239309345781,330.2699619771863,279,3.813756013196741,363.0752688172043,76,4.608190342876121,1201.0131578947369,272,3.817370136111264,368.49264705882354,268,3.8042979338368212,363.9850746268657
SKOV3_Phase_F4_2_03d00h00m_3.tif,SK-OV-3,0.9868333660675295,72.0,216,4.591059594512808,1206.662037037037,328,4.403797236089918,902.4817073170732,0,,,188,4.592435735858217,1447.0585106382978,209,4.499854800895438,1296.5933014354066
SkBr3_Phase_G3_1_02d04h00m_1.tif,SkBr3,0.3876396252185394,52.0,314,4.0515974157832595,412.687898089172,321,3.9256135355271327,399.81931464174454,51,4.877280595763393,1647.3529411764705,290,3.9392095707444357,438.3758620689655,299,3.920610526771268,422.8428093645485
SkBr3_Phase_G3_1_01d20h00m_4.tif,SkBr3,0.3707000770323373,44.0,282,3.940116416665902,443.3085106382979,311,3.914660575899627,400.4372990353698,49,4.700285778121028,2069.816326530612,282,3.931462163017419,436.968085106383,288,3.940599750989906,429.39930555555554
SkBr3_Phase_G3_1_01d08h00m_3.tif,SkBr3,0.23346199669471093,32.0,177,3.8569394511242794,415.26553672316385,207,3.8685031274643906,407.6811594202899,65,4.346919526084308,1163.3846153846155,184,3.8658766900174975,454.83152173913044,194,3.877597174542409,444.4072164948454
SkBr3_Phase_G3_1_02d08h00m_4.tif,SkBr3,0.45422548049605976,56.0,340,3.986520673294657,447.86176470588236,362,3.932661367816401,429.1325966850829,33,4.84399009368402,1420.2121212121212,334,3.9428342265421157,460.97305389221555,335,3.9245245513426203,448.95522388059703
SkBr3_Phase_G3_2_02d04h00m_4.tif,SkBr3,0.35689719733394304,52.0,287,3.9380266169839575,386.21254355400697,307,3.879948792218989,398.4918566775244,54,4.78349621416205,1732.0185185185185,286,3.8870822443335205,419.493006993007,293,3.8939754751317066,418.2662116040956
SkBr3_Phase_G3_1_02d04h00m_2.tif,SkBr3,0.4421935171273996,52.0,334,4.066401644141449,440.49101796407183,339,3.9064149403850785,409.2772861356932,37,4.387595110783923,1006.1621621621622,313,3.898317995470376,421.4217252396166,328,3.8958319515273607,432.8201219512195
SkBr3_Phase_G3_1_02d04h00m_4.tif,SkBr3,0.4341970864291885,52.0,328,4.124746851401095,445.3231707317073,330,3.9402283227316524,424.92121212121214,34,4.938330627649924,1293.4411764705883,311,3.9525727799909034,449.05466237942125,313,3.958823240873415,451.94249201277955
SkBr3_Phase_G3_2_03d12h00m_2.tif,SkBr3,0.6053984486997303,84.0,437,4.105775443292407,424.7940503432494,489,4.002562078570581,380.47852760736197,15,4.555969072108207,1460.2666666666667,427,4.012923199916873,430.4918032786885,438,4.012190829227349,418.48173515981733
SkBr3_Phase_G3_2_01d16h00m_1.tif,SkBr3,0.30602748142483094,40.0,275,3.916860242734365,347.48,315,3.85754444208587,366.42857142857144,60,4.71398708571127,1369.4333333333334,286,3.850411853771082,393.2132867132867,296,3.8552350081010576,383.8378378378378
SkBr3_Phase_G3_1_02d20h00m_1.tif,SkBr3,0.47639944178867516,68.0,367,3.9752801608794535,406.12534059945506,378,3.9761831704550015,413.43386243386243,29,4.66052928372204,1329.896551724138,339,3.986516016182184,452.4542772861357,368,3.942916535950673,416.04619565217394
SKOV3_Phase_E4_2_02d08h00m_4.tif,SK-OV-3,0.8925774987707534,56.0,154,4.627691394459127,1730.6363636363637,222,4.458021087843628,1294.0,0,,,148,4.607345129579766,1795.3175675675675,145,4.517745014109671,1923.8827586206896
SkBr3_Phase_G3_2_02d12h00m_1.tif,SkBr3,0.4716283182637696,60.0,372,4.040006904843211,401.2768817204301,392,3.9371075645125733,372.8698979591837,29,5.163114602408871,1958.8620689655172,364,3.946657105407103,391.0631868131868,377,3.9274342973199614,385.2705570291777
SkBr3_Phase_G3_1_02d08h00m_3.tif,SkBr3,0.3700325166630271,56.0,274,3.946697852978476,427.17518248175185,299,3.9183537152810652,407.371237458194,43,4.766319847205584,1855.4418604651162,263,3.925919370815803,445.2509505703422,262,3.9081478646763346,450.5496183206107
SkBr3_Phase_G3_1_03d08h00m_3.tif,SkBr3,0.5395844816706757,80.0,326,4.0506603807217205,515.9723926380368,376,3.980471572145456,476.8005319148936,16,4.678694135172811,1454.0625,329,3.988015058548845,536.3981762917933,339,3.97073263806037,522.9115044247787
SkBr3_Phase_G3_1_03d08h00m_1.tif,SkBr3,0.5390726027097884,80.0,381,4.0952102951024525,432.2257217847769,447,4.001716247745647,397.49217002237134,23,5.017343682388828,2478.0434782608695,403,4.003162864662354,431.1042183622829,420,3.9690643099393226,412.78809523809525
SkBr3_Phase_G3_2_02d00h00m_2.tif,SkBr3,0.39469046738417335,48.0,294,3.987999772215133,435.3809523809524,318,3.9388847270815717,406.4433962264151,47,4.829879983103252,2026.5531914893618,289,3.9124379050184444,432.11418685121106,291,3.900536838930746,430.3917525773196
SKOV3_Phase_E4_2_01d16h00m_4.tif,SK-OV-3,0.675217279829543,40.0,128,5.052791794020322,1550.7890625,162,4.495092433941878,1272.6543209876543,2,3.6353405181513216,479.5,104,4.617767808385472,1840.8461538461538,88,4.695451043059186,2134.9772727272725
SKOV3_Phase_E4_2_02d08h00m_3.tif,SK-OV-3,0.8169037991695806,56.0,145,4.883404480418094,1657.4620689655173,217,4.487591889658496,1135.5668202764978,0,,,135,4.731125230829855,1699.5333333333333,123,4.70517797970732,1911.3089430894308
SkBr3_Phase_G3_2_01d00h00m_4.tif,SkBr3,0.21974408681162477,24.0,207,3.8207810214557747,355.9903381642512,207,3.7985164259183626,357.15458937198065,75,4.376975878196757,939.0133333333333,202,3.804807858422212,363.73762376237624,212,3.7957069325649626,352.9198113207547
SkBr3_Phase_G3_1_00d20h00m_3.tif,SkBr3,0.20601047981315818,20.0,164,3.7963261942137616,397.280487804878,181,3.8013598553894448,381.98342541436466,83,3.9873694282521845,775.3614457831326,169,3.8050197651479376,399.44970414201185,166,3.7951632635380963,402.6385542168675
SKOV3_Phase_E4_2_02d00h00m_2.tif,SK-OV-3,1.7578185351562428,48.0,168,5.29031328955376,1382.9761904761904,238,4.429968246611487,1107.357142857143,0,,,150,4.573783652599563,1617.0133333333333,136,4.4849808571029,1694.5294117647059
SkBr3_Phase_G3_2_03d04h00m_3.tif,SkBr3,1.147073879206737,76.0,494,3.990163561139014,395.7773279352227,526,3.9496975672035353,365.9467680608365,22,4.228081711059594,694.7727272727273,483,3.975403019421092,389.9544513457557,507,3.965872128730375,377.76528599605524
SKOV3_Phase_E4_2_01d16h00m_3.tif,SK-OV-3,0.5551304556381411,40.0,100,5.586176977379928,1552.85,155,4.604823230908216,1047.0709677419354,1,4.835491343294228,1775.0,84,5.080919594015841,1757.3214285714287,86,5.189219065661526,1809.093023255814
SkBr3_Phase_G3_2_02d16h00m_1.tif,SkBr3,0.4994222103092321,64.0,391,4.0589686377528515,397.8081841432225,424,3.948666619666626,371.35849056603774,24,5.4148868730990385,2630.625,380,3.9829700523770235,412.87105263157895,398,3.957273941386954,389.03015075376885
SKOV3_Phase_F4_2_02d20h00m_1.tif,SK-OV-3,0.9471109288953243,68.0,217,4.628815316732262,1240.225806451613,323,4.366519760483407,909.8049535603715,0,,,175,4.550676871700445,1545.0285714285715,200,4.428691591437969,1360.955
SkBr3_Phase_G3_2_01d16h00m_3.tif,SkBr3,0.3755668034309442,40.0,306,3.8769638165938356,384.0882352941176,303,3.8397456052333037,387.6930693069307,59,4.780881329008085,1632.6440677966102,294,3.8386036785151347,391.8843537414966,301,3.840523999596783,379.9501661129568
SkBr3_Phase_G3_1_02d20h00m_3.tif,SkBr3,0.4140923115166091,68.0,293,3.9112990975785396,439.2866894197952,329,3.9270013793916267,446.7659574468085,39,4.4103474886540805,1176.0,288,3.938654765109835,502.1770833333333,291,3.9365968821509805,488.88659793814435
SkBr3_Phase_G3_2_01d00h00m_2.tif,SkBr3,0.25079023328234884,24.0,213,3.8389870954687,377.76056338028167,216,3.809634537497342,377.0833333333333,58,4.572773310256195,1182.344827586207,207,3.7941551831018776,392.951690821256,212,3.796899073562085,381.3443396226415
SkBr3_Phase_G3_2_02d20h00m_1.tif,SkBr3,0.5431049725469721,68.0,431,4.079430088636036,393.6125290023202,454,3.977342233463732,373.27753303964755,22,4.356509048833754,1177.2272727272727,408,3.9808128068733484,414.5514705882353,435,3.9747036872373753,386.0896551724138
SkBr3_Phase_G3_2_01d12h00m_3.tif,SkBr3,0.29087262688483756,36.0,272,3.8593625412582506,337.9779411764706,288,3.8483619555105313,372.52430555555554,66,4.699520104483257,1409.7121212121212,276,3.842120804900341,376.92391304347825,282,3.8388272323996726,373.6241134751773
SkBr3_Phase_G3_1_01d12h00m_3.tif,SkBr3,0.2535568146306825,36.0,179,3.835615064962271,447.77653631284915,213,3.859526337968058,435.5868544600939,65,4.199392510324547,1131.123076923077,186,3.8451114724318423,489.13978494623655,193,3.831260728081104,458.46632124352334
SkBr3_Phase_G3_2_03d00h00m_1.tif,SkBr3,1.0611830713232218,72.0,441,4.0553476853308785,407.0249433106576,480,3.980201275376857,374.3645833333333,18,4.761268478009558,1668.111111111111,438,3.986347171734835,404.49771689497715,455,3.979749170773824,386.51868131868133
SkBr3_Phase_G3_2_01d12h00m_2.tif,SkBr3,0.2715401909418753,36.0,233,3.8474447027696432,357.58369098712444,252,3.8342781524440377,393.1388888888889,52,4.404467253876919,1021.4423076923077,235,3.823984497977487,414.5702127659574,241,3.8495193399231065,412.7593360995851
SkBr3_Phase_G3_2_00d20h00m_1.tif,SkBr3,0.24335050931491833,20.0,222,3.7839709101926684,361.6171171171171,222,3.7610938766291855,354.2072072072072,92,4.1259104055709885,796.1086956521739,213,3.7690393197882703,366.32394366197184,222,3.767415289245003,356.7432432432432
SkBr3_Phase_G3_1_00d12h00m_1.tif,SkBr3,0.18566201253823622,12.0,189,3.7335245398042507,319.5767195767196,183,3.733637729412117,362.53005464480873,93,4.11101099790697,668.8924731182796,180,3.7383204841477533,366.81666666666666,181,3.7253743958023486,359.49723756906076
SKOV3_Phase_E4_2_02d08h00m_2.tif,SK-OV-3,0.9452978044416522,56.0,179,4.541936482407109,1494.6927374301677,238,4.419917650021784,1235.5294117647059,0,,,158,4.456831438720115,1659.607594936709,173,4.441816378767399,1581.7225433526012
SkBr3_Phase_G3_1_01d00h00m_1.tif,SkBr3,0.23815265283544979,24.0,198,3.891380560629474,386.1515151515151,207,3.8281354965040726,361.8792270531401,86,4.2527048293718765,794.7674418604652,197,3.831653225105797,376.71065989847716,198,3.7715884992914104,365.75757575757575
SkBr3_Phase_G3_2_02d08h00m_2.tif,SkBr3,0.38272003496502904,56.0,297,3.9780678509703575,401.6734006734007,330,3.9374542053448196,399.4818181818182,36,4.5480888244204385,1603.888888888889,301,3.9658610952702835,433.27906976744185,309,3.937032298353708,422.8543689320388
SkBr3_Phase_G3_2_02d12h00m_4.tif,SkBr3,0.4475986351343969,60.0,317,4.026758999346334,439.794952681388,350,3.9330223017900847,413.5514285714286,34,5.4260081322355,2790.0,313,3.9501080113963756,445.63897763578274,315,3.9177544379256903,441.6857142857143
SkBr3_Phase_G3_2_02d00h00m_4.tif,SkBr3,0.3691355949519238,48.0,274,3.884583485867739,422.2299270072993,297,3.900195986335377,409.1885521885522,54,4.756096716068644,1811.537037037037,272,3.8974690425750103,441.30514705882354,278,3.8913290388631148,433.0431654676259
SkBr3_Phase_G3_1_03d12h00m_4.tif,SkBr3,0.6312674093094284,84.0,431,4.072497781375641,453.08352668213456,485,4.003237575422127,415.62268041237115,15,4.327876667787365,1119.0,437,4.014229316141226,444.6407322654462,437,4.023573634984267,455.70022883295195
SkBr3_Phase_G3_1_02d00h00m_3.tif,SkBr3,0.3352176300262214,48.0,242,3.999735253529037,434.08677685950414,257,3.89210156504843,415.2996108949416,50,4.667284077187112,1804.74,236,3.8820006283583854,445.3728813559322,235,3.8819989672520148,449.331914893617
SkBr3_Phase_G3_1_01d08h00m_1.tif,SkBr3,0.25303962562826704,32.0,213,3.8486041513466005,377.13615023474176,244,3.8888741039622476,385.47131147540983,66,4.490790821937117,1066.121212121212,220,3.908886092838659,421.2090909090909,231,3.8533132072234864,401.965367965368
SKOV3_Phase_F4_2_03d00h00m_1.tif,SK-OV-3,0.9647359566215052,72.0,216,4.554813021796625,1283.5416666666667,307,4.414047008778467,965.7654723127035,0,,,163,4.591769985009678,1601.0613496932515,213,4.348901938393256,1284.2394366197184
SkBr3_Phase_G3_2_00d08h00m_3.tif,SkBr3,0.1942143762292344,8.0,207,3.731264539587038,297.22222222222223,206,3.690168926127617,294.9514563106796,110,4.080518548484407,538.7181818181818,204,3.6903530569116203,300.3970588235294,204,3.68517595065832,292.21078431372547
SkBr3_Phase_G3_2_02d16h00m_2.tif,SkBr3,0.4600719540810675,64.0,342,4.047864582633562,423.0029239766082,374,3.9717578284236605,384.64973262032083,42,4.482968987040716,1366.0714285714287,343,3.9833660941277844,419.134110787172,343,3.959365297056749,411.33527696793004
SKOV3_Phase_E4_2_01d16h00m_2.tif,SK-OV-3,0.7317690346372377,40.0,116,4.998742094898621,1753.094827586207,173,4.497416679859093,1245.6647398843932,0,,,109,4.6229456269698685,1758.2935779816514,103,4.658353064595682,1984.3009708737864
SkBr3_Phase_G3_1_02d00h00m_1.tif,SkBr3,0.3875148574082176,48.0,310,4.072791246012,402.39677419354837,305,3.9267085677631646,405.44590163934424,54,4.846630899601162,1478.2777777777778,280,3.9277230889482198,429.0607142857143,298,3.869807255405725,398.86241610738256
SkBr3_Phase_G3_1_00d16h00m_1.tif,SkBr3,0.18820795003823648,16.0,188,3.7483352418104716,339.0,190,3.8087534136833505,356.9947368421053,87,4.294761241026543,745.8965517241379,180,3.79631584883345,365.43333333333334,189,3.735557646374045,366.12698412698415
SkBr3_Phase_G3_2_01d20h00m_3.tif,SkBr3,0.39147439794579153,44.0,322,3.892560804454675,371.5496894409938,328,3.8554761927365044,371.3963414634146,57,4.9642707774265435,1675.421052631579,309,3.8572391171973877,376.8187702265372,324,3.8531008452267277,369.75308641975306
SkBr3_Phase_G3_2_00d08h00m_2.tif,SkBr3,0.16890212822333855,8.0,170,3.7774146513957256,325.63529411764705,168,3.722904371502665,321.7916666666667,81,4.148720401603773,628.7407407407408,162,3.727077280451769,325.12345679012344,170,3.707613639728536,318.5764705882353
SkBr3_Phase_G3_2_03d08h00m_3.tif,SkBr3,0.6520741213669229,80.0,510,4.03192909405988,385.85490196078433,556,3.9399953694431735,365.71942446043164,18,4.1595721177199225,766.1111111111111,514,3.9520059304272097,389.3852140077821,523,3.944649970454896,381.6347992351816
SKOV3_Phase_E4_2_01d20h00m_1.tif,SK-OV-3,0.7295544576321905,44.0,131,5.076047501181434,1599.381679389313,184,4.583826641983066,1182.891304347826,0,,,110,4.787262432890227,1825.9272727272728,112,4.741690050290454,1851.3839285714287
SkBr3_Phase_G3_2_00d20h00m_3.tif,SkBr3,0.23974358077470292,20.0,235,3.7778678132514383,323.59574468085106,241,3.7624233250692494,324.64315352697093,89,4.391110403228688,843.4606741573034,233,3.759778078204515,333.14592274678114,237,3.744255300591796,316.42194092827003
SkBr3_Phase_G3_2_00d08h00m_1.tif,SkBr3,0.1687440564903805,8.0,198,3.705270738208008,292.1313131313131,201,3.6951972681372456,309.2089552238806,101,4.040629974019256,591.8514851485148,198,3.694226409412013,312.92929292929296,201,3.6916035579674635,309.5721393034826
SkBr3_Phase_G3_2_01d20h00m_1.tif,SkBr3,0.39333435983938453,44.0,316,3.9723937786408583,394.49050632911394,328,3.9168840309644306,374.905487804878,47,4.703509880500307,1578.7446808510638,298,3.932236002440791,405.9563758389262,316,3.8945203298262037,390.2721518987342
SkBr3_Phase_G3_2_02d16h00m_3.tif,SkBr3,0.5265928178267154,64.0,435,3.993147097802096,373.00229885057473,450,3.917934764845292,365.86,38,4.672637520447487,1538.578947368421,429,3.9289364343709248,379.83449883449885,432,3.90744312424201,370.82175925925924
SKOV3_Phase_E4_2_02d04h00m_3.tif,SK-OV-3,0.7612629919689756,52.0,131,4.915618579947379,1695.8625954198474,201,4.574651802426596,1180.3880597014925,0,,,118,4.822604188325335,1767.415254237288,118,4.801429781142684,1807.0
SkBr3_Phase_G3_2_02d04h00m_3.tif,SkBr3,0.3784471567690063,52.0,345,3.880083182551994,332.831884057971,376,3.8832010478687127,354.47340425531917,54,4.718638016167666,1750.8148148148148,347,3.8811959325584637,375.1815561959654,360,3.8935288586712065,369.68611111111113
SkBr3_Phase_G3_1_02d16h00m_1.tif,SkBr3,0.4499923132921771,64.0,338,3.9968270384165487,426.43195266272187,356,3.9491750604168367,419.44943820224717,38,5.047704342066539,1871.2631578947369,312,3.9629447977788956,468.0,348,3.925610157329186,429.91379310344826
SkBr3_Phase_G3_1_02d04h00m_3.tif,SkBr3,0.3498962396197598,52.0,253,4.012239533205614,441.4150197628459,273,3.887335364688614,411.1794871794872,48,4.699409408720363,1419.1666666666667,246,3.886057666143896,441.9512195121951,254,3.8880178879833593,427.3307086614173
SkBr3_Phase_G3_2_03d00h00m_2.tif,SkBr3,0.94541568905704,72.0,389,4.030271504186547,423.0025706940874,422,3.973732263647353,383.563981042654,29,4.915900056550585,2450.862068965517,384,3.9950036389649206,419.7421875,400,3.96238932518263,407.5675
SKOV3_Phase_F4_2_02d12h00m_1.tif,SK-OV-3,0.9145100620083034,60.0,190,4.77642080625615,1287.2,263,4.472003294378581,1017.2889733840304,0,,,161,4.6816120578143785,1551.055900621118,161,4.599494118862681,1536.0621118012423
SkBr3_Phase_G3_1_00d16h00m_3.tif,SkBr3,0.1785353134560709,16.0,156,3.7399985133938163,371.56410256410254,164,3.7521361171842376,381.8414634146341,80,4.046563769604888,755.15,156,3.737060844174129,402.9423076923077,160,3.7418851233514774,392.675
SkBr3_Phase_G3_2_00d12h00m_3.tif,SkBr3,0.2027041037478136,12.0,221,3.7200963929853774,297.7873303167421,217,3.694107210507393,300.3087557603687,104,4.174187922910679,589.6826923076923,215,3.698158005659774,303.26976744186044,219,3.6940442158199027,299.1232876712329
SkBr3_Phase_G3_1_00d12h00m_4.tif,SkBr3,0.18789492242134317,12.0,179,3.769275839997311,355.9217877094972,187,3.7663823832849825,368.427807486631,78,4.3465659846993185,871.2820512820513,179,3.765523279780698,383.2849162011173,178,3.754015953464778,378.1123595505618
SkBr3_Phase_G3_2_00d16h00m_4.tif,SkBr3,0.1956306480823826,16.0,190,3.756466226625852,331.7736842105263,191,3.732033980326361,336.0732984293194,81,4.0978240519737055,720.9876543209876,184,3.732277787424568,349.14130434782606,192,3.739681176060493,330.7239583333333
SkBr3_Phase_G3_2_02d12h00m_2.tif,SkBr3,0.44170379821349753,60.0,326,4.0620055816095535,431.4079754601227,351,3.9843567152066237,393.9145299145299,37,4.703656315381311,1692.8108108108108,321,3.9903894647913094,432.5919003115265,325,3.961728391556332,419.81538461538463
SkBr3_Phase_G3_2_01d20h00m_2.tif,SkBr3,0.3633205235194399,44.0,281,3.9467302130429447,404.69395017793596,299,3.877683494550245,388.7759197324415,49,4.880325924740421,1781.1224489795918,278,3.8835702081845374,408.92446043165467,280,3.8841399129688674,399.1642857142857
SkBr3_Phase_G3_1_01d00h00m_4.tif,SkBr3,0.24116641184986543,24.0,211,3.8027490912490505,378.29857819905214,229,3.822093645937499,390.77292576419217,61,4.554650410449539,1282.016393442623,220,3.820322390207919,406.6636363636364,215,3.823685838498748,421.4418604651163
SkBr3_Phase_G3_2_03d12h00m_1.tif,SkBr3,0.6631666312008384,84.0,524,4.070207419806928,399.2290076335878,569,3.972536063631965,368.5623901581722,11,4.27518853298572,670.7272727272727,518,3.9922063614921273,403.2722007722008,536,3.9721597494923007,382.2220149253731
SkBr3_Phase_G3_2_00d16h00m_2.tif,SkBr3,0.2116685184932284,16.0,201,3.7494072189440613,348.2835820895522,204,3.7290303535677216,345.23039215686276,82,4.196022820341287,837.719512195122,199,3.731798137658655,354.4221105527638,202,3.723075199879954,341.4306930693069
SkBr3_Phase_G3_1_03d04h00m_1.tif,SkBr3,0.50117313551682,76.0,396,4.073606454659241,395.47474747474746,440,3.9871765491359397,391.5977272727273,21,4.667766263799556,1697.6190476190477,382,4.003172582090312,430.85602094240835,407,3.9591019190201324,393.4152334152334
SkBr3_Phase_G3_1_01d16h00m_3.tif,SkBr3,0.25569160142592623,40.0,193,3.8673742682690895,426.24870466321244,228,3.8872698570936675,418.80263157894734,65,4.218220125192207,1254.5846153846153,194,3.865740167320422,464.57216494845363,207,3.855473662816537,449.0048309178744
SkBr3_Phase_G3_2_01d16h00m_2.tif,SkBr3,0.2967571959680919,40.0,253,3.908218005162304,364.87351778656125,279,3.877121495156575,383.1541218637993,49,4.759744156076362,1532.061224489796,261,3.873315331039433,405.42911877394636,267,3.8828065864552435,394.2247191011236
SkBr3_Phase_G3_2_03d00h00m_3.tif,SkBr3,1.1084849950830156,72.0,489,4.013292954002536,395.1431492842536,520,3.9448725892932437,365.14230769230767,32,4.668784139833161,1087.03125,473,3.957444247313944,389.0338266384778,489,3.952201029281848,380.241308793456
SKOV3_Phase_F4_2_02d16h00m_4.tif,SK-OV-3,0.9272560158981569,64.0,144,4.737567635617377,1750.4444444444443,230,4.513865041209328,1223.1608695652174,0,,,132,4.635275421700098,1890.8030303030303,129,4.543992919254615,2000.6976744186047
SkBr3_Phase_G3_1_01d00h00m_3.tif,SkBr3,0.19822438346809734,24.0,173,3.7406280374811955,370.7919075144509,190,3.8166367251736584,390.7315789473684,81,4.126670058420608,875.6913580246913,176,3.8210736354921524,424.15909090909093,174,3.7730194345238606,399.7471264367816
SkBr3_Phase_G3_1_03d04h00m_4.tif,SkBr3,0.5716937606534208,76.0,390,4.077047673323124,441.60769230769233,458,3.987855617167433,402.68558951965065,27,4.394415081473253,930.0,394,3.997819764873178,449.9238578680203,415,4.011377991728146,434.6433734939759
SkBr3_Phase_G3_2_01d00h00m_3.tif,SkBr3,0.26467478515625537,24.0,256,3.788290422377373,342.47265625,250,3.775079225627741,345.16,77,4.455006504595064,950.7272727272727,238,3.780188229723951,361.2436974789916,252,3.7772051150088486,342.531746031746
SkBr3_Phase_G3_1_02d12h00m_2.tif,SkBr3,0.49783810273712037,60.0,364,3.988178791275874,412.25274725274727,392,3.9421194394867585,406.76785714285717,25,4.816002989857666,1810.72,357,3.9514792576531668,426.2633053221289,360,3.9268002439738803,424.84166666666664
SkBr3_Phase_G3_2_03d08h00m_4.tif,SkBr3,0.5923533996667588,80.0,404,4.039222387598812,438.25,448,3.969716227520725,395.5111607142857,15,4.940534882005313,1839.5333333333333,395,3.988017426741304,439.8683544303797,410,3.9770618120233343,432.24146341463415
SkBr3_Phase_G3_1_01d08h00m_2.tif,SkBr3,0.2739775275895836,32.0,253,3.8141102563284086,333.399209486166,267,3.818953662603735,370.14606741573033,60,4.430142642012322,1177.3833333333334,247,3.815992533147607,388.668016194332,260,3.8231121573189264,372.65
SkBr3_Phase_G3_1_00d20h00m_4.tif,SkBr3,0.24477952305507186,20.0,206,3.8631882658862446,394.22330097087377,220,3.8376516231796782,378.1318181818182,56,4.649214610009801,1427.3214285714287,203,3.840691724349387,408.1625615763547,209,3.826412650485813,395.42105263157896
SkBr3_Phase_G3_1_03d12h00m_1.tif,SkBr3,0.5846398194383888,84.0,424,4.109359489383998,427.0448113207547,484,4.009281634261302,401.0929752066116,21,4.340634234073262,1553.857142857143,415,4.030784751086488,461.36626506024095,455,3.9741527153875422,405.6307692307692
SkBr3_Phase_G3_1_00d20h00m_2.tif,SkBr3,0.2296670953070358,20.0,222,3.7697094309564574,340.6081081081081,221,3.759563298936588,351.5203619909502,80,4.26682227288272,852.0875,207,3.75111951430425,368.6328502415459,215,3.7390592055954914,355.846511627907
SKOV3_Phase_E4_2_02d04h00m_1.tif,SK-OV-3,1.8455899213286795,52.0,176,5.335445861303477,1457.215909090909,252,4.440084781941907,1066.6904761904761,0,,,155,4.584699741248086,1644.2322580645161,152,4.49507450130135,1690.6644736842106
SKOV3_Phase_F4_2_02d08h00m_1.tif,SK-OV-3,0.9056494286767847,56.0,156,4.744970725632286,1565.0,249,4.480191084247842,1065.710843373494,0,,,168,4.619309695383497,1501.154761904762,157,4.639053630908431,1630.7070063694268
SKOV3_Phase_E4_1_03d00h00m_2.tif,SK-OV-3,0.9628453340799775,72.0,268,4.45569752025822,1068.3432835820895,360,4.365962733986704,863.8666666666667,0,,,208,4.531810157098073,1326.5721153846155,247,4.3510185546011915,1164.0242914979758
SKOV3_Phase_F4_1_02d16h00m_2.tif,SK-OV-3,0.9518558769941151,64.0,204,4.999691909183593,1348.6078431372548,303,4.4132778791452125,977.996699669967,0,,,162,4.676112227891003,1700.5185185185185,188,4.480506413593994,1434.3031914893618
SKOV3_Phase_F4_2_02d12h00m_1.tif,SK-OV-3,0.9270919525786765,60.0,179,4.961990470864648,1456.2849162011173,263,4.472003294378581,1017.2889733840304,0,,,161,4.6816120578143785,1551.055900621118,161,4.599494118862681,1536.0621118012423
SKOV3_Phase_E4_2_01d08h00m_4.tif,SK-OV-3,0.5601732431435771,32.0,90,4.991839801148372,1727.7888888888888,143,4.573435129735119,1180.5384615384614,2,4.854538182655841,1658.0,95,4.69988895670081,1586.5684210526315,85,4.890950743179213,1837.105882352941
SKOV3_Phase_F4_1_01d04h00m_2.tif,SK-OV-3,0.6217941093476907,28.0,95,5.193761440152341,1760.378947368421,190,4.651980588268175,1061.1947368421052,0,,,101,4.884277874128853,1759.950495049505,92,4.916456893302555,1961.5652173913043
SKOV3_Phase_E4_2_01d00h00m_1.tif,SK-OV-3,0.3847628451431418,24.0,67,5.441529011392002,1450.0298507462687,133,4.629177554226604,845.781954887218,7,6.876266905706023,4534.714285714285,64,5.211759630432025,1491.703125,64,5.269660912364854,1656.9375
SKOV3_Phase_F4_2_01d04h00m_2.tif,SK-OV-3,0.5718804329654678,28.0,72,5.269885142837942,2033.0694444444443,165,4.582632360736692,1028.3272727272727,2,5.970110219837844,2457.5,87,4.9063147157254745,1645.057471264368,71,5.003161942196962,2123.8028169014083
SKOV3_Phase_F4_1_00d12h00m_1.tif,SK-OV-3,0.37694196555398957,12.0,51,5.531845826458939,1927.9803921568628,113,4.525692595611765,986.4424778761062,7,5.39967133395288,1296.142857142857,62,4.807000954846966,1605.9354838709678,50,5.118484082303464,2056.28
SKOV3_Phase_F4_2_00d08h00m_4.tif,SK-OV-3,0.2762251001147293,8.0,43,5.5249005580333455,1990.6511627906978,90,4.541457073783151,970.2,8,6.884627514071049,9236.25,56,4.832535851120644,1488.3214285714287,43,5.309113619819505,1988.7441860465117
SKOV3_Phase_F4_2_02d04h00m_3.tif,SK-OV-3,0.8483520141772122,52.0,130,4.870623509472128,1702.1538461538462,212,4.502163796917187,1165.9575471698113,0,,,130,4.701669214971774,1773.3461538461538,132,4.733630825868875,1764.659090909091
SKOV3_Phase_F4_2_02d04h00m_2.tif,SK-OV-3,0.8856566496394166,52.0,131,4.69750333045284,1819.4580152671756,231,4.483828302118878,1151.060606060606,0,,,125,4.690804725459423,1850.944,126,4.618292985756249,1908.7619047619048
SKOV3_Phase_F4_1_02d12h00m_1.tif,SK-OV-3,0.9554634995082938,60.0,177,4.873991840481183,1527.4689265536724,253,4.442586640978801,1130.4743083003953,0,,,149,4.556683089357824,1763.979865771812,158,4.515478507142788,1761.6835443037974
SKOV3_Phase_E4_1_01d04h00m_2.tif,SK-OV-3,1.086798912123036,28.0,106,5.705176332340302,1607.0943396226414,185,4.632926423105245,966.8648648648649,3,4.587459667137129,2761.6666666666665,113,4.983297212765122,1503.5486725663716,96,5.13876351191333,1775.6875
SKOV3_Phase_F4_1_02d04h00m_2.tif,SK-OV-3,0.9604198753004853,52.0,156,4.645430431900925,1713.4423076923076,251,4.457835881348357,1151.8446215139443,0,,,143,4.652988073216877,1797.7342657342658,151,4.510524766556273,1764.8145695364237
SKOV3_Phase_E4_1_02d20h00m_4.tif,SK-OV-3,0.9645908563701785,68.0,189,4.596487013554615,1375.4074074074074,265,4.441982851406264,1110.7433962264151,0,,,164,4.512251668521589,1539.8597560975609,182,4.408689065584808,1480.7142857142858
SKOV3_Phase_F4_1_03d00h00m_1.tif,SK-OV-3,0.9383792011309028,72.0,229,4.844634672366583,1239.0960698689955,343,4.381135002264015,880.195335276968,0,,,153,4.555043603312239,1664.424836601307,214,4.360579512743791,1300.8691588785048
SKOV3_Phase_F4_2_02d16h00m_1.tif,SK-OV-3,0.9738746149748669,64.0,199,4.731676630188657,1408.4824120603016,288,4.400578759005619,1002.0798611111111,0,,,163,4.595924200527553,1612.6748466257668,193,4.409899973707329,1442.2849740932643
SKOV3_Phase_E4_1_01d08h00m_3.tif,SK-OV-3,1.05193565600415,32.0,80,5.324314687167672,1872.5125,142,4.510634560524286,1123.338028169014,4,5.120098515539153,1645.5,81,4.799607746506159,1698.1604938271605,72,4.83871158069335,1966.9722222222222
SKOV3_Phase_F4_2_02d20h00m_1.tif,SK-OV-3,0.9465271271306839,68.0,220,4.623885711491377,1225.8681818181817,323,4.366519760483407,909.8049535603715,0,,,175,4.550676871700445,1545.0285714285715,200,4.428691591437969,1360.955
SKOV3_Phase_E4_1_02d00h00m_3.tif,SK-OV-3,0.8065019625491612,48.0,118,4.662616837117813,1884.6101694915253,201,4.472369959656785,1209.865671641791,0,,,124,4.606856182931734,1838.1854838709678,114,4.513793235330746,1867.6929824561403
SKOV3_Phase_F4_2_02d08h00m_3.tif,SK-OV-3,0.8677490965089631,56.0,154,4.640295888997611,1514.0454545454545,258,4.415183894324185,1022.8062015503876,0,,,158,4.5597791381641235,1505.867088607595,146,4.534537536343931,1633.376712328767
SKOV3_Phase_E4_2_02d16h00m_2.tif,SK-OV-3,0.9727463610413193,64.0,208,4.697859475981672,1344.860576923077,295,4.381354618963758,1030.8033898305084,0,,,198,4.494403925467038,1396.5454545454545,209,4.4466505827155745,1379.0622009569379
SKOV3_Phase_E4_2_02d08h00m_1.tif,SK-OV-3,0.9646933294635011,56.0,166,4.680585823552692,1636.710843373494,254,4.472880073366286,1131.6456692913387,0,,,167,4.564547689435772,1622.5389221556886,165,4.465287787441544,1645.418181818182
SKOV3_Phase_F4_1_00d20h00m_2.tif,SK-OV-3,0.5676078940395611,20.0,77,5.141314677040867,1945.2467532467533,156,4.533231423208879,1078.7692307692307,3,5.2185434333568494,1867.3333333333333,78,4.919473237680471,1901.4615384615386,71,5.0258663732451145,2122.830985915493
SKOV3_Phase_F4_2_01d00h00m_3.tif,SK-OV-3,0.47937794771634623,24.0,69,5.3040023351844425,1996.0144927536232,151,4.625436005396838,1017.0264900662252,2,3.8009386170941535,431.5,87,4.927066743041929,1701.0114942528735,67,5.182855885199908,2063.686567164179
SKOV3_Phase_F4_2_02d00h00m_4.tif,SK-OV-3,0.6737558230441388,48.0,91,5.185477586505779,1972.2857142857142,175,4.5546482635900025,1130.8514285714286,2,4.9385065342972,1778.5,100,4.885614143201754,1747.02,86,5.100098773324151,2002.7093023255813
SKOV3_Phase_E4_1_02d16h00m_2.tif,SK-OV-3,0.8982656349705043,64.0,244,4.529557931774121,1098.922131147541,294,4.4282107176072065,1028.4795918367347,0,,,200,4.564360974634823,1355.0,209,4.4264375066919905,1337.8851674641148
SKOV3_Phase_E4_2_00d12h00m_1.tif,SK-OV-3,0.3216652086975548,12.0,55,5.667254424077701,1656.9272727272728,106,4.672481678851642,1005.8018867924528,8,6.310645406911763,3082.0,60,5.239259106551472,1591.8666666666666,52,5.434858267245567,1845.5961538461538
SKOV3_Phase_F4_2_03d00h00m_2.tif,SK-OV-3,0.9579728739619696,72.0,193,4.684016934604748,1358.440414507772,289,4.450639149030926,1031.840830449827,0,,,168,4.617805681958851,1527.5416666666667,180,4.477779121847122,1490.9722222222222
SKOV3_Phase_E4_1_00d16h00m_4.tif,SK-OV-3,0.45540584052666433,16.0,47,5.7346977331709805,2582.0851063829787,121,4.712011100751896,1160.3223140495868,6,6.166011191596406,3653.3333333333335,49,5.314084321581383,2319.4285714285716,47,5.470698817719117,2524.5106382978724
SKOV3_Phase_E4_2_02d20h00m_1.tif,SK-OV-3,0.9668173081020323,68.0,225,4.508677836393574,1233.0222222222221,307,4.413360341628393,1003.1400651465798,0,,,186,4.5134652726124385,1474.1129032258063,207,4.370524020524549,1377.2753623188405
SKOV3_Phase_E4_2_02d04h00m_2.tif,SK-OV-3,0.9134023990657855,52.0,166,4.638225736879942,1490.9156626506024,241,4.430636540158329,1136.1618257261412,0,,,165,4.491692266741246,1515.3393939393939,165,4.4640248832350835,1547.0727272727272
SKOV3_Phase_F4_2_02d12h00m_4.tif,SK-OV-3,0.9298464380736309,60.0,133,4.8180365344877565,2033.9248120300751,210,4.478868634998179,1317.8238095238096,0,,,133,4.591710161110073,1939.8496240601503,123,4.572587926977475,2174.9268292682927
SKOV3_Phase_E4_1_01d16h00m_1.tif,SK-OV-3,0.8747186774748732,40.0,164,4.76541576028347,1452.2439024390244,234,4.486288559696919,1137.6410256410256,0,,,141,4.654660458874039,1676.77304964539,146,4.608259291951132,1646.958904109589
SKOV3_Phase_E4_2_03d00h00m_4.tif,SK-OV-3,0.9635182689576035,72.0,219,4.469445520668281,1244.8721461187215,275,4.382672036617019,1066.0290909090909,0,,,175,4.539713009852979,1529.8971428571429,202,4.376298342332424,1392.0
SKOV3_Phase_F4_1_00d16h00m_3.tif,SK-OV-3,0.3377671096481662,16.0,45,5.628044074759785,2069.088888888889,95,4.6860529461952405,1141.2736842105264,6,5.968856001421486,4447.666666666667,48,5.133448377051742,2040.0,39,5.468524148858167,2610.5897435897436
SKOV3_Phase_F4_2_01d12h00m_4.tif,SK-OV-3,0.5393909876256637,36.0,81,5.569428067593988,1832.1604938271605,145,4.5896786295376275,1072.9103448275862,3,4.591023480369,2317.3333333333335,81,5.020417923591277,1733.79012345679,70,5.2775011337555435,2094.9857142857145
SKOV3_Phase_E4_2_00d20h00m_3.tif,SK-OV-3,0.2875487717165458,20.0,54,5.856844111554718,1586.2222222222222,108,4.644364930215134,841.9351851851852,13,5.3583005604013145,2845.3846153846152,55,5.148588814251003,1517.3454545454545,51,5.559016280315915,1747.764705882353
SKOV3_Phase_E4_1_01d20h00m_1.tif,SK-OV-3,0.9355459170126792,44.0,174,4.660792573388269,1413.4540229885058,267,4.496473515393789,1054.314606741573,0,,,161,4.648101432018297,1491.5031055900622,156,4.593770192863967,1566.1858974358975
SKOV3_Phase_F4_2_01d16h00m_1.tif,SK-OV-3,0.753197284200172,40.0,95,4.918214416048552,2128.8842105263157,185,4.510621651880354,1204.6108108108108,2,6.303643552045509,1074.0,124,4.684712615785182,1649.0483870967741,96,4.861186845467282,2165.4166666666665
SKOV3_Phase_E4_1_02d16h00m_4.tif,SK-OV-3,0.9103713070913428,64.0,189,4.428591197996232,1413.8412698412699,263,4.450074541879916,1142.768060836502,0,,,179,4.480120986872734,1597.391061452514,164,4.391762719178836,1720.9756097560976
SKOV3_Phase_F4_1_03d00h00m_2.tif,SK-OV-3,0.9470022620738517,72.0,259,4.910642691807353,1070.07722007722,343,4.3890152951129595,892.6122448979592,0,,,161,4.5923104775639265,1632.9254658385094,240,4.3427099117250245,1168.2
SKOV3_Phase_E4_2_02d12h00m_1.tif,SK-OV-3,0.9667090814849129,60.0,193,4.840246687102454,1438.7046632124352,294,4.412918640323659,1008.6904761904761,0,,,167,4.5478617593224975,1590.7245508982037,176,4.45831006205311,1592.1306818181818
SKOV3_Phase_E4_1_01d12h00m_3.tif,SK-OV-3,0.6235553223339139,36.0,86,5.125274046460723,1833.3255813953488,157,4.600801303099569,1191.7070063694268,0,,,89,4.876512685296569,1860.0449438202247,88,4.9202560182749115,1914.3181818181818
SKOV3_Phase_E4_2_01d08h00m_2.tif,SK-OV-3,0.6527932312609303,32.0,104,4.916279851916748,1738.5673076923076,159,4.569706373258315,1222.691823899371,1,6.642352253547352,2380.0,106,4.765548826656979,1753.7735849056603,100,4.7260078556400815,1832.6
SKOV3_Phase_F4_1_02d12h00m_3.tif,SK-OV-3,0.9619713054523736,60.0,163,4.645142327922682,1653.3251533742332,238,4.473779394281081,1239.0714285714287,0,,,154,4.5283403063798,1728.2467532467533,160,4.448060916100374,1740.65625
SKOV3_Phase_F4_1_00d08h00m_1.tif,SK-OV-3,0.3591223821295922,8.0,52,5.269316271355388,1724.3076923076924,84,4.677591616418827,1007.0833333333334,13,5.179888586199218,1412.4615384615386,51,4.935050443189089,1451.6470588235295,47,5.122752055377651,1788.0425531914893
SKOV3_Phase_F4_2_01d08h00m_2.tif,SK-OV-3,0.6631317093258323,32.0,80,5.028783940571781,2227.55,165,4.537083510469192,1228.8181818181818,0,,,105,4.640173019243317,1743.6761904761904,82,4.76707064332072,2230.5853658536585
SKOV3_Phase_F4_2_00d20h00m_1.tif,SK-OV-3,0.45888362133958965,20.0,64,5.674544396490641,2095.125,146,4.6336087990751,990.931506849315,3,5.156655290740123,7292.0,82,5.0542890123056985,1635.0121951219512,61,5.396640958418627,2266.065573770492
SKOV3_Phase_E4_2_01d08h00m_3.tif,SK-OV-3,0.41973737611997014,32.0,65,5.461861769897279,1820.7846153846153,135,4.669818844113796,951.7333333333333,2,4.481964614802136,3557.0,63,5.313040525760371,1845.2063492063492,61,5.3597218257983394,1946.2295081967213
SKOV3_Phase_F4_1_00d12h00m_3.tif,SK-OV-3,0.2952660022399518,12.0,38,5.709114679536805,2141.842105263158,97,4.5350676514082755,983.1443298969073,8,7.4154548441290675,7079.25,51,4.95200524001349,1697.9803921568628,39,5.293521652017138,2293.3846153846152
SKOV3_Phase_E4_2_02d00h00m_1.tif,SK-OV-3,0.8242871586811626,48.0,139,4.86673014941403,1673.8561151079136,215,4.49846256722399,1192.660465116279,0,,,127,4.628365429718248,1822.007874015748,133,4.696094210904098,1790.2255639097743
SKOV3_Phase_F4_1_02d12h00m_2.tif,SK-OV-3,0.9628708347902095,60.0,188,4.529477745192362,1530.8085106382978,269,4.466978397129968,1098.9776951672864,0,,,155,4.603710262264318,1713.5032258064516,179,4.436715946869656,1624.195530726257
SKOV3_Phase_F4_2_00d16h00m_4.tif,SK-OV-3,0.3453774674934339,16.0,49,5.240310133328421,2176.4897959183672,102,4.529035818956881,1031.5392156862745,7,4.794463053258755,1531.5714285714287,56,4.930124192305166,1794.8214285714287,47,5.1041419950130935,2293.191489361702
SKOV3_Phase_F4_2_01d00h00m_4.tif,SK-OV-3,0.3571306183074748,24.0,51,5.4727575459852185,1743.3921568627452,104,4.57259965861205,978.3846153846154,6,6.509452579593713,3263.5,59,4.918605586523937,1535.8983050847457,48,5.224694854871491,1927.0416666666667
SKOV3_Phase_E4_2_01d12h00m_3.tif,SK-OV-3,0.48250468285620496,36.0,64,5.3696551163327815,1898.09375,124,4.68450186345717,1107.0967741935483,3,5.1930707383791175,2193.0,63,5.183585051315961,1881.2857142857142,65,5.3515380542686275,1996.0923076923077
SKOV3_Phase_F4_1_00d20h00m_1.tif,SK-OV-3,0.508702640679665,20.0,67,5.541087227322041,2083.4477611940297,136,4.656620488935057,1122.5,4,5.180459041667683,853.0,65,5.232220342747262,2038.123076923077,58,5.419012951940307,2401.3793103448274
SKOV3_Phase_F4_1_02d00h00m_3.tif,SK-OV-3,0.854729042968741,48.0,132,4.9864376976021125,1878.7651515151515,206,4.574015206026617,1262.2427184466019,0,,,141,4.738377446636193,1754.3333333333333,125,4.781078875106976,2039.648
SKOV3_Phase_E4_1_02d12h00m_3.tif,SK-OV-3,0.9339451140461158,60.0,168,4.704980930636005,1561.2559523809523,246,4.491025563224807,1171.4756097560976,0,,,154,4.613856608329106,1705.7987012987012,165,4.537593179424743,1652.6545454545455
SKOV3_Phase_E4_1_01d00h00m_1.tif,SK-OV-3,0.6279902730277525,24.0,102,5.188847827444599,1740.1176470588234,171,4.523237209204135,1040.970760233918,0,,,100,4.9222140877784195,1642.47,98,5.008219425008146,1819.3877551020407
SKOV3_Phase_F4_1_01d08h00m_1.tif,SK-OV-3,0.5914801953124817,32.0,83,5.2764196491466295,2080.5180722891564,171,4.585608785970103,1157.8070175438597,1,3.658003845672587,225.0,82,5.041618251188426,2115.6585365853657,83,4.972923054648047,2208.2168674698796
SKOV3_Phase_F4_1_01d04h00m_3.tif,SK-OV-3,0.46300594460227623,28.0,71,5.400031917551274,1817.7605633802816,130,4.649027396909137,1090.5230769230768,3,6.022879924200836,1133.0,78,4.976076731989552,1688.525641025641,69,5.091722683156613,1973.7391304347825
SKOV3_Phase_F4_2_01d04h00m_4.tif,SK-OV-3,0.38646407738746497,28.0,62,5.527913174774438,1811.983870967742,134,4.535108220002823,980.7089552238806,2,7.187169605375873,1947.5,82,4.883422789121032,1466.8292682926829,56,5.380407575995728,2125.6964285714284
SKOV3_Phase_E4_2_02d00h00m_3.tif,SK-OV-3,0.6877820675808564,48.0,116,5.091143834889723,1627.103448275862,189,4.516684724097569,1065.2063492063492,1,4.0909902576697315,576.0,115,4.828513080896349,1601.1130434782608,107,4.866398787091705,1783.7196261682243
SKOV3_Phase_F4_1_00d16h00m_4.tif,SK-OV-3,0.27472596918706654,16.0,31,5.768623468642557,2542.7096774193546,84,4.752683180753721,1123.8809523809523,4,6.579642565735961,5281.25,34,5.195025895689359,2469.4411764705883,32,5.204545004389818,2656.0
SKOV3_Phase_E4_2_00d16h00m_2.tif,SK-OV-3,0.46530028805178386,16.0,57,5.327069250568545,2172.3333333333335,126,4.57609456323717,998.015873015873,5,6.6569311267489155,3246.2,67,5.084057433095449,1773.3283582089553,58,5.228368800062225,2032.396551724138
SKOV3_Phase_E4_1_02d12h00m_2.tif,SK-OV-3,0.9833821398328153,60.0,219,4.5960570177158955,1279.0684931506848,305,4.391867243739894,971.7672131147541,0,,,189,4.525965533925249,1406.5873015873017,207,4.392371762149005,1358.5265700483092
SKOV3_Phase_F4_2_00d12h00m_1.tif,SK-OV-3,0.4051475106534029,12.0,52,5.891419483484993,2128.5,140,4.628377483306378,901.6857142857143,4,6.458830050772249,5059.75,78,5.054696819156974,1518.8461538461538,53,5.51529141623581,2123.8490566037735
SKOV3_Phase_E4_2_01d20h00m_4.tif,SK-OV-3,0.7115287370246992,44.0,107,4.815561505262985,1900.7009345794393,174,4.505844781341949,1236.4655172413793,0,,,116,4.693135162325874,1784.9568965517242,103,4.63617308722829,1974.8252427184466
SKOV3_Phase_E4_1_00d20h00m_3.tif,SK-OV-3,0.4509111220225145,20.0,57,5.325578895726475,2038.859649122807,106,4.6561026451259915,1141.9528301886792,5,6.164326740264238,3243.0,57,5.1310305197465516,1857.701754385965,47,5.341424403604954,2305.1063829787236
SKOV3_Phase_F4_1_01d12h00m_4.tif,SK-OV-3,0.4802109660456805,36.0,65,5.1916287454478365,2134.8307692307694,136,4.666322526312833,1076.1617647058824,0,,,62,5.033251603887486,2249.1935483870966,58,5.0962859291766245,2465.9655172413795
SKOV3_Phase_E4_1_01d08h00m_1.tif,SK-OV-3,1.4309039688046428,32.0,137,5.6835209509551845,1479.5328467153286,195,4.618395279709704,1096.3128205128205,1,5.555354711755026,2696.0,115,4.906517813528372,1607.4782608695652,114,5.019914073112483,1665.061403508772
SKOV3_Phase_E4_2_02d08h00m_4.tif,SK-OV-3,0.9469085851453218,56.0,148,4.822800544254305,1832.2364864864865,222,4.458021087843628,1294.0,0,,,148,4.607345129579766,1795.3175675675675,145,4.517745014109671,1923.8827586206896
SKOV3_Phase_E4_2_00d20h00m_1.tif,SK-OV-3,0.44975497363965233,20.0,62,5.617472675147826,1856.725806451613,138,4.666434465267739,997.268115942029,5,4.64686588958748,771.2,69,5.178677250354865,1799.7391304347825,57,5.452196078322597,2084.6140350877195
SKOV3_Phase_F4_1_00d20h00m_3.tif,SK-OV-3,0.41587856438483767,20.0,48,5.379331051484329,2162.0625,115,4.591662730660094,1015.8,7,5.5373200908207165,3356.5714285714284,56,5.010900236689756,1840.857142857143,48,5.24541691438188,2335.3541666666665
SKOV3_Phase_E4_2_00d08h00m_3.tif,SK-OV-3,0.29317648710662647,8.0,47,6.492343459503118,1763.0212765957447,91,4.961617708125351,1008.0,13,7.047162623777637,3586.153846153846,47,5.702423673697899,1892.5106382978724,43,6.1845419633938015,1991.2093023255813
SKOV3_Phase_E4_1_01d08h00m_4.tif,SK-OV-3,0.578536625191212,32.0,77,5.080314643321359,2183.012987012987,165,4.5128680043089195,1125.581818181818,1,3.6910763008169267,635.0,82,4.752328943578765,1999.6463414634147,75,4.826553926013227,2262.8933333333334
SKOV3_Phase_F4_1_01d00h00m_2.tif,SK-OV-3,0.5206657349486425,24.0,81,5.208315326539637,1909.9012345679012,159,4.607484037898459,1101.5094339622642,0,,,80,5.001140827251459,1956.45,79,5.08901358789622,2176.987341772152
SKOV3_Phase_E4_2_01d04h00m_2.tif,SK-OV-3,0.5345277313701963,28.0,96,5.066989626495836,1507.75,157,4.452932751915347,1003.7643312101911,2,5.372018178217045,2143.0,104,4.688754947038134,1416.326923076923,89,4.786633361378807,1628.314606741573
SKOV3_Phase_E4_2_01d16h00m_2.tif,SK-OV-3,0.728647390461094,40.0,94,5.0640224376215,2045.5744680851064,173,4.497416679859093,1245.6647398843932,0,,,109,4.6229456269698685,1758.2935779816514,103,4.658353064595682,1984.3009708737864
SKOV3_Phase_F4_2_03d00h00m_3.tif,SK-OV-3,0.9418268142209397,72.0,229,4.669901331808572,1165.7292576419213,328,4.403797236089918,902.4817073170732,0,,,188,4.592435735858217,1447.0585106382978,209,4.499854800895438,1296.5933014354066
SKOV3_Phase_F4_2_02d08h00m_4.tif,SK-OV-3,0.8594606438483443,56.0,112,4.746719458353072,2055.7410714285716,209,4.538704076208056,1216.6746411483255,0,,,125,4.6824712742370656,1812.32,112,4.693513210292534,2113.8660714285716
SKOV3_Phase_F4_2_01d16h00m_2.tif,SK-OV-3,0.7502237183129415,40.0,85,4.836716621676476,2485.0588235294117,189,4.512945014254089,1177.6243386243386,2,7.069716888249124,1896.5,92,4.691950439104495,2167.2391304347825,87,4.727792808324666,2561.2528735632186
SKOV3_Phase_F4_2_02d16h00m_3.tif,SK-OV-3,0.9564704112488954,64.0,180,4.716496162906951,1482.9166666666667,263,4.426094009752502,1124.6501901140684,0,,,172,4.547847236046562,1558.0,175,4.492428682317852,1596.84
SKOV3_Phase_F4_1_02d08h00m_4.tif,SK-OV-3,0.8387258058348002,56.0,117,4.762300250792047,2020.3760683760684,218,4.537861053917778,1157.619266055046,1,3.7193693353382424,229.0,113,4.643430294102471,2019.7079646017698,108,4.566557525513089,2213.1296296296296
SKOV3_Phase_E4_1_01d00h00m_2.tif,SK-OV-3,1.0621845337084854,24.0,84,5.665021081885873,1875.9404761904761,146,4.680743511114754,1129.6780821917807,1,4.67496666898372,1256.0,82,5.101104309111237,1826.1341463414635,79,5.209945989306301,1964.8987341772151
SKOV3_Phase_F4_1_00d08h00m_2.tif,SK-OV-3,0.47724969610468027,8.0,58,5.447163870393579,2074.0344827586205,130,4.612209294861303,1035.2769230769231,7,6.039149602723506,3109.714285714286,69,5.07702472733538,1780.5072463768115,54,5.42758873311011,2197.425925925926
SKOV3_Phase_E4_1_02d04h00m_3.tif,SK-OV-3,0.8425109044471066,52.0,137,4.644700991702144,1734.087591240876,196,4.536369415670004,1294.4285714285713,0,,,131,4.622171000334076,1842.2671755725191,133,4.523797226277333,1846.7443609022557
SKOV3_Phase_E4_1_00d16h00m_1.tif,SK-OV-3,0.6298035022399546,16.0,84,5.498098413645058,1862.5357142857142,161,4.648094750533219,1065.2732919254659,2,4.022720668116284,472.0,87,5.111895061745464,1665.5402298850574,76,5.3495944684413415,2049.1710526315787
SKOV3_Phase_E4_1_01d20h00m_2.tif,SK-OV-3,0.802569250027304,44.0,145,4.801826457710989,1654.703448275862,228,4.461717178751882,1101.7631578947369,0,,,147,4.6871690190315425,1622.1360544217687,135,4.6535402603136635,1790.1407407407407
SKOV3_Phase_E4_1_02d04h00m_4.tif,SK-OV-3,0.8748609851671748,52.0,142,4.718641900359639,1800.5281690140846,229,4.513110445301979,1174.7467248908297,0,,,151,4.54494686511852,1738.6953642384105,139,4.511385947357872,1897.9712230215828
SKOV3_Phase_E4_1_01d08h00m_2.tif,SK-OV-3,0.6242974883905273,32.0,115,5.356266074100422,1675.2608695652175,186,4.569531810898677,1092.3548387096773,1,5.668538520546151,1406.0,103,4.929572745127592,1753.3592233009708,111,4.927664881930381,1778.1081081081081
SKOV3_Phase_E4_1_01d00h00m_4.tif,SK-OV-3,0.4465856183074776,24.0,52,5.473894461147974,2246.576923076923,105,4.747101197050779,1202.5619047619048,3,4.293245245107127,1325.3333333333333,56,5.034776077983213,1959.642857142857,54,5.106808623319352,2150.5185185185187
SKOV3_Phase_F4_1_00d16h00m_1.tif,SK-OV-3,0.40397554387019735,16.0,59,5.476712832567903,1875.8813559322034,115,4.6508186768233415,1074.791304347826,4,5.130003074296892,2268.25,69,4.92320856704382,1697.0869565217392,57,5.284636503200211,2126.2631578947367
SKOV3_Phase_E4_1_02d16h00m_3.tif,SK-OV-3,0.8853151378114003,64.0,199,4.559370710249313,1329.713567839196,245,4.44759066982645,1213.1224489795918,0,,,162,4.522830615348622,1698.2592592592594,179,4.4531884824479775,1599.4301675977654
SKOV3_Phase_F4_1_02d04h00m_1.tif,SK-OV-3,0.8742432797475952,52.0,144,4.70258095772744,1731.5694444444443,232,4.440878285692789,1138.4094827586207,1,3.6557528874201193,235.0,145,4.6084008321351275,1675.2620689655173,143,4.580966209118491,1784.1748251748252
SKOV3_Phase_E4_2_01d12h00m_1.tif,SK-OV-3,0.6721831087467192,36.0,107,5.014607193367839,1806.411214953271,188,4.600314639389043,1101.9468085106382,0,,,113,4.819699378742846,1654.929203539823,110,4.961792222791737,1790.2818181818182
SKOV3_Phase_F4_1_00d16h00m_2.tif,SK-OV-3,0.47938272918487485,16.0,71,5.573915382448021,1847.6901408450703,154,4.615509098146042,1000.3961038961039,2,7.149097461277689,3295.5,78,5.079201937575092,1803.7435897435898,64,5.414766719112066,2183.8125
SKOV3_Phase_E4_2_00d08h00m_2.tif,SK-OV-3,0.3190905915373649,8.0,48,6.437322000346523,1727.0625,103,4.877007968370609,891.2330097087379,8,7.803725359959388,3690.5,49,5.599653508325992,1709.3469387755101,48,5.871485040217645,1821.1041666666667
SKOV3_Phase_E4_1_02d16h00m_1.tif,SK-OV-3,0.8843961714652426,64.0,286,4.513133729634691,913.0734265734266,334,4.386273039031523,879.0748502994012,0,,,171,4.524415706433978,1504.3859649122808,236,4.355335143770879,1112.0974576271187
SKOV3_Phase_E4_2_02d04h00m_4.tif,SK-OV-3,0.8348433190832483,52.0,134,4.677560398281362,1727.097014925373,206,4.4657331775269915,1275.106796116505,0,,,132,4.571978983747214,1805.7424242424242,133,4.542395577957568,1847.984962406015
SKOV3_Phase_E4_2_01d12h00m_4.tif,SK-OV-3,0.6228223931927431,36.0,86,4.997528069116236,1927.1511627906978,143,4.580622982141953,1300.3356643356644,0,,,92,4.779500601965131,1819.3152173913043,87,4.8400692845200055,1988.1264367816093
SKOV3_Phase_F4_2_02d00h00m_1.tif,SK-OV-3,0.8595048470279786,48.0,120,4.947633512563302,1912.3833333333334,235,4.480498324755797,1101.2297872340425,0,,,129,4.71462597617591,1815.937984496124,117,4.767278238068682,1989.3846153846155
SKOV3_Phase_F4_1_00d20h00m_4.tif,SK-OV-3,0.3175870808293248,20.0,34,5.8139549238878665,2520.235294117647,104,4.810903516176057,942.5769230769231,4,4.532487367271128,1870.5,32,5.310318216101478,2509.5,33,5.440323389204527,2710.818181818182
SKOV3_Phase_F4_1_02d20h00m_2.tif,SK-OV-3,0.9482641365275206,68.0,221,4.814086307769491,1245.0633484162895,308,4.410533688271071,967.2597402597403,0,,,157,4.588679141553839,1596.0509554140128,210,4.396356027505994,1321.8333333333333
SKOV3_Phase_E4_1_01d20h00m_3.tif,SK-OV-3,0.7303139457222537,44.0,108,4.79427460509985,1858.3333333333333,178,4.486690898562416,1225.247191011236,0,,,107,4.64303587598993,1760.4766355140187,104,4.645128956739104,2046.5576923076924
SKOV3_Phase_F4_1_02d00h00m_2.tif,SK-OV-3,0.8902451533817746,48.0,144,4.907184068562319,1708.2152777777778,254,4.525817483270844,1074.9173228346456,0,,,147,4.771381469799184,1659.3197278911564,141,4.6960140787101725,1784.7446808510638
SKOV3_Phase_F4_2_01d08h00m_3.tif,SK-OV-3,0.5544132434167359,32.0,97,5.102805539173124,1704.2886597938145,169,4.506744738186999,996.3491124260355,1,3.9515697032343446,183.0,102,4.865675289260831,1502.0392156862745,94,4.889071766830571,1766.2021276595744
SKOV3_Phase_F4_2_00d12h00m_2.tif,SK-OV-3,0.3995009952742528,12.0,48,5.831312421153293,2529.0625,123,4.680925737547713,983.8617886178862,2,7.122602558862684,3103.5,64,5.247296869524073,1783.859375,50,5.489708654018586,2418.42
SKOV3_Phase_E4_2_02d12h00m_3.tif,SK-OV-3,0.8898521802611433,60.0,142,4.891097585493467,1782.1267605633802,221,4.434891801204831,1228.4660633484164,0,,,139,4.557629219699265,1755.2661870503598,135,4.529492592786605,1886.674074074074
SKOV3_Phase_E4_1_02d08h00m_1.tif,SK-OV-3,0.9633143052065111,56.0,248,4.623002416400793,1128.0362903225807,306,4.437749827211117,956.8464052287582,0,,,170,4.557044481774755,1472.1882352941177,204,4.448331160113171,1298.0392156862745
SKOV3_Phase_F4_2_01d12h00m_3.tif,SK-OV-3,0.700756259560754,36.0,96,5.048496808046082,2114.1770833333335,199,4.525882578889128,1043.2613065326634,1,4.250235026515141,462.0,116,4.7743953197521725,1585.9655172413793,96,4.98980368400833,2056.3958333333335
SKOV3_Phase_F4_2_03d00h00m_1.tif,SK-OV-3,0.9563228355823842,72.0,234,4.5649523735640685,1164.8162393162393,307,4.414047008778467,965.7654723127035,0,,,163,4.591769985009678,1601.0613496932515,213,4.348901938393256,1284.2394366197184
SKOV3_Phase_E4_2_01d00h00m_4.tif,SK-OV-3,0.4399828396798561,24.0,66,5.907901257159937,1837.8181818181818,142,4.67722436741371,939.669014084507,0,,,72,5.324513612882631,1738.6805555555557,61,5.602592605246878,2028.655737704918
SKOV3_Phase_E4_1_00d12h00m_1.tif,SK-OV-3,0.5224228101780944,12.0,77,5.623053671453786,1814.6753246753246,138,4.764334013168087,989.3768115942029,2,4.008554549376067,473.5,73,5.374564934844705,1714.7260273972602,73,5.4298313980388,1862.945205479452
SKOV3_Phase_F4_2_02d08h00m_2.tif,SK-OV-3,0.9477773086483754,56.0,144,4.634386101553144,1851.0416666666667,239,4.559751726520283,1204.9539748953976,0,,,143,4.668126392679494,1817.2167832167831,143,4.544755311707711,1876.1608391608393
SKOV3_Phase_F4_2_01d04h00m_1.tif,SK-OV-3,0.533097207031253,28.0,75,5.355505937783422,1789.0133333333333,147,4.607456575935236,1079.3673469387754,5,5.403750572334257,2083.8,87,4.8841738376687385,1628.6206896551723,78,5.092775720972155,1776.6153846153845
SKOV3_Phase_F4_1_02d16h00m_3.tif,SK-OV-3,0.9560377522672544,64.0,181,4.828013153388714,1538.3149171270718,264,4.501759921039104,1098.4886363636363,0,,,159,4.618934863748719,1637.1635220125786,173,4.46168237850526,1622.9942196531792
SKOV3_Phase_E4_1_02d20h00m_3.tif,SK-OV-3,0.9734958764477577,68.0,198,4.5774768513714745,1388.1565656565656,269,4.426493924234406,1097.5762081784387,0,,,172,4.537052655173676,1615.3372093023256,187,4.416968539197127,1434.197860962567
SKOV3_Phase_E4_2_00d20h00m_4.tif,SK-OV-3,0.41676203452796334,20.0,58,5.729912723247015,1964.3793103448277,126,4.5960055106554965,1040.3809523809523,4,4.979589170708566,1944.0,70,5.074629500005795,1691.5857142857142,60,5.273581293936298,2039.65
SKOV3_Phase_E4_1_01d04h00m_1.tif,SK-OV-3,0.656888390242565,28.0,104,5.37060379518139,1646.1923076923076,190,4.559596683420205,1012.2315789473685,1,5.053822862508733,178.0,117,4.870288851021196,1508.7094017094016,103,4.946997132274222,1730.0776699029127
SKOV3_Phase_F4_2_00d20h00m_2.tif,SK-OV-3,0.5445032130955084,20.0,59,5.1514548204152915,2635.5254237288136,158,4.64907525619023,1059.0696202531647,3,4.471909202872481,1222.0,80,5.042346831854852,1966.825,61,5.158324797053851,2570.9180327868853
SKOV3_Phase_E4_2_03d00h00m_2.tif,SK-OV-3,0.9354242395104795,72.0,258,4.479669450949125,1076.4651162790697,341,4.378986976323477,879.5395894428152,0,,,161,4.585643617797708,1575.3726708074535,242,4.361854637691979,1135.8223140495868
SKOV3_Phase_F4_1_01d16h00m_2.tif,SK-OV-3,0.7648322964925806,40.0,122,5.016138025197153,1649.2459016393443,220,4.575409316447158,1060.509090909091,0,,,114,4.868087327139231,1821.1666666666667,115,4.850777091833892,1858.2173913043478
SKOV3_Phase_F4_1_01d20h00m_2.tif,SK-OV-3,0.8408024883905232,44.0,121,4.897545478415879,1916.388429752066,223,4.50250485309386,1174.3497757847533,0,,,123,4.71091471538708,1811.0243902439024,119,4.698684530575546,1980.8655462184875
SKOV3_Phase_F4_1_01d08h00m_3.tif,SK-OV-3,0.5676324791029105,32.0,75,5.361813994627538,2103.6666666666665,163,4.520827198027991,1089.9877300613498,3,4.67731052444211,2585.3333333333335,82,4.964652626871386,1921.5731707317073,76,5.118670750463437,2250.6052631578946
SKOV3_Phase_E4_1_01d12h00m_2.tif,SK-OV-3,0.7613590420126803,36.0,116,5.06644668356869,1945.801724137931,217,4.491737588791128,1131.5668202764978,0,,,126,4.733836923357455,1745.5238095238096,114,4.818560079369676,1949.780701754386
SKOV3_Phase_E4_1_00d20h00m_1.tif,SK-OV-3,0.6111803534746518,20.0,88,5.30904751636228,1914.5113636363637,184,4.547236059611594,1008.2336956521739,2,3.9575247510618983,744.0,100,4.946173530759421,1657.23,87,5.178169262864779,1971.2528735632184
SKOV3_Phase_F4_1_01d00h00m_3.tif,SK-OV-3,0.39749672667176306,24.0,54,5.710405103560889,1949.7592592592594,132,4.668323882646341,948.810606060606,7,6.3147977232358175,5045.285714285715,65,5.111638602549929,1754.0153846153846,54,5.34445809991167,2064.074074074074
SKOV3_Phase_E4_1_03d00h00m_3.tif,SK-OV-3,0.9653374640788854,72.0,215,4.450712632405594,1256.3720930232557,283,4.399451350638986,1025.0459363957598,0,,,173,4.498283194859425,1489.936416184971,201,4.339435577661093,1390.6567164179105
SKOV3_Phase_F4_1_01d04h00m_4.tif,SK-OV-3,0.32204690149694104,28.0,48,5.595284490063354,1923.25,102,4.747496444501441,1021.0784313725491,5,6.26325001080961,2193.2,53,5.145657962854789,1806.433962264151,50,5.180037317339722,1971.04
SKOV3_Phase_E4_2_02d12h00m_4.tif,SK-OV-3,0.9296038800262387,60.0,149,4.790829016900616,1748.9261744966443,238,4.46570090242972,1178.4495798319329,0,,,165,4.505146751268904,1625.6303030303031,158,4.44666917232044,1717.2848101265822
SKOV3_Phase_F4_1_02d16h00m_4.tif,SK-OV-3,0.8657914899748819,64.0,150,4.991014685454707,1705.52,231,4.551854897432729,1171.142857142857,0,,,136,4.704040839590791,1800.2941176470588,140,4.607662692226195,1810.3857142857144
SKOV3_Phase_E4_2_01d12h00m_2.tif,SK-OV-3,0.7214007267537199,36.0,99,4.851621673619995,1975.8484848484848,160,4.483022931197333,1320.46875,0,,,93,4.70277575882936,2028.3978494623657,96,4.756128964019037,2086.3125
SKOV3_Phase_E4_1_00d16h00m_3.tif,SK-OV-3,0.41145413898601557,16.0,53,5.257070749092034,1990.6037735849056,115,4.714477454446253,1047.017391304348,1,3.8847512678177685,786.0,66,5.048314071054067,1610.1363636363637,54,5.2185348888021075,2086.0555555555557
SKOV3_Phase_E4_1_00d20h00m_4.tif,SK-OV-3,0.4985569782561186,20.0,44,5.444257825427718,2773.409090909091,108,4.8243528319891595,1260.1296296296296,3,5.689121079897647,2375.3333333333335,47,5.071694402703403,2370.68085106383,43,5.327677311290241,2839.813953488372
SKOV3_Phase_E4_1_02d08h00m_3.tif,SK-OV-3,0.9003878379042887,56.0,150,4.5711191063722705,1684.94,235,4.466646767896904,1212.740425531915,0,,,132,4.58628030273969,1923.030303030303,145,4.547969209441639,1828.8137931034482
SKOV3_Phase_F4_1_02d00h00m_4.tif,SK-OV-3,0.6877749404501617,48.0,90,5.202052579053065,2063.7555555555555,196,4.6149996146877585,1020.7908163265306,1,3.702871512061726,213.0,84,4.96602653787419,2096.25,81,5.045255906241918,2311.0123456790125
SKOV3_Phase_E4_1_01d16h00m_3.tif,SK-OV-3,0.7178174923513944,40.0,87,4.9264887862392905,2084.2413793103447,146,4.653110796492099,1341.5684931506848,0,,,88,4.784540836273123,1920.465909090909,84,4.77725114787459,2098.5238095238096
SKOV3_Phase_F4_2_01d20h00m_4.tif,SK-OV-3,0.7213140099158617,44.0,80,5.302928843369928,2399.2,161,4.611226925411379,1241.2732919254659,0,,,98,4.891532385037761,1828.7142857142858,82,5.062148274283511,2266.2195121951218
SKOV3_Phase_F4_1_02d00h00m_1.tif,SK-OV-3,0.8550927596426976,48.0,125,4.695498345998571,1925.144,228,4.506921217601269,1146.4035087719299,0,,,143,4.59249251066608,1696.167832167832,121,4.55830760591932,1971.3553719008264
SKOV3_Phase_E4_1_01d16h00m_2.tif,SK-OV-3,0.7834062286931793,40.0,122,4.810591429825219,1850.5737704918033,188,4.580065798127063,1306.154255319149,0,,,128,4.743949152542144,1755.8359375,122,4.706015603481522,1873.204918032787
SKOV3_Phase_F4_1_02d08h00m_2.tif,SK-OV-3,0.9484073309112935,56.0,167,4.6138805891127905,1627.0119760479042,242,4.438125678271388,1190.6611570247933,0,,,143,4.644639496987555,1873.4475524475524,158,4.507093634221546,1755.5632911392406
SKOV3_Phase_E4_1_02d00h00m_2.tif,SK-OV-3,0.840112725497162,48.0,162,4.739974027259917,1537.4876543209878,249,4.457041840798196,1098.3654618473895,0,,,147,4.662404522920936,1685.5102040816328,153,4.628867765173139,1677.7843137254902
SKOV3_Phase_F4_2_01d04h00m_3.tif,SK-OV-3,0.43683120752293747,28.0,86,5.087365438513596,1499.0697674418604,145,4.58701287990279,1032.8137931034482,4,4.099142775464055,883.0,82,4.8574156082381785,1560.0731707317073,79,4.942407087431122,1751.012658227848
SKOV3_Phase_F4_2_02d20h00m_2.tif,SK-OV-3,0.9514541113964089,68.0,196,4.578804832182449,1361.8367346938776,275,4.50441221977259,1078.28,0,,,153,4.633540251359845,1702.562091503268,171,4.425747177303926,1614.842105263158
SKOV3_Phase_F4_2_00d16h00m_3.tif,SK-OV-3,0.38656598666958436,16.0,57,5.836008190689012,1969.4035087719299,147,4.5280398800023685,839.8163265306123,6,6.097183518781304,3880.5,74,5.039278237420525,1486.662162162162,62,5.42695610310966,1888.3387096774193
SKOV3_Phase_E4_2_00d20h00m_2.tif,SK-OV-3,0.4702835788625524,20.0,73,5.554996328337223,1777.7397260273972,125,4.652359340617915,1144.448,0,,,75,5.06213707328563,1745.2266666666667,68,5.2248190397910115,1943.1911764705883
SKOV3_Phase_E4_2_01d20h00m_3.tif,SK-OV-3,0.6391919927338373,44.0,105,5.240388188295411,1641.7238095238095,198,4.608863088778665,978.9545454545455,0,,,114,4.944557486183163,1546.6315789473683,95,5.134139705735204,1895.1684210526316
SKOV3_Phase_F4_2_02d04h00m_4.tif,SK-OV-3,0.7717986537095752,52.0,101,4.949727058057376,2014.2277227722773,192,4.524318420913068,1154.359375,0,,,116,4.791018667017416,1755.9568965517242,104,4.8891701402432375,1991.75
SKOV3_Phase_F4_2_00d20h00m_3.tif,SK-OV-3,0.47110751174606386,20.0,58,5.349777583235414,2227.362068965517,145,4.595159175976789,948.3103448275862,2,4.033403605461999,522.0,74,4.941584178160165,1704.6081081081081,59,5.284050436141585,2110.237288135593
SKOV3_Phase_E4_1_02d20h00m_2.tif,SK-OV-3,0.878217421874996,68.0,281,4.51011247292101,986.5516014234876,325,4.399112466475434,939.9046153846153,0,,,177,4.622501429009828,1539.819209039548,223,4.401334281440028,1260.8699551569507
SKOV3_Phase_F4_1_00d12h00m_4.tif,SK-OV-3,0.2874831672038954,12.0,33,5.855411381796238,2312.2727272727275,96,4.7929957675871036,977.90625,12,6.869569769467045,6041.5,49,5.147861471012453,1745.8979591836735,31,5.692906251441278,2671.3225806451615
SKOV3_Phase_E4_1_01d00h00m_3.tif,SK-OV-3,0.8531999426354961,24.0,68,5.601890500416655,1783.1323529411766,128,4.692395787434551,1036.9765625,2,8.026404773255585,6684.0,69,5.138281724800912,1696.608695652174,67,5.177648845588462,1814.55223880597
SKOV3_Phase_E4_2_02d20h00m_2.tif,SK-OV-3,0.9442259374999888,68.0,241,4.559049282489296,1144.091286307054,294,4.425981166385633,1011.125850340136,0,,,180,4.540965298586366,1501.9277777777777,225,4.415848079652788,1296.7155555555555
SKOV3_Phase_E4_2_02d00h00m_4.tif,SK-OV-3,0.8032072256064279,48.0,118,4.799074028869942,2000.1694915254238,188,4.479257155148422,1316.3085106382978,1,3.5931953907419287,433.0,127,4.626686870801918,1876.2047244094488,118,4.6193101029510295,2014.0
SKOV3_Phase_F4_2_02d00h00m_2.tif,SK-OV-3,0.8353401102218054,48.0,115,4.793512940472303,1854.6869565217391,220,4.512694536795351,1104.65,0,,,128,4.630047268170067,1660.796875,119,4.584399536036265,1862.3865546218487
SKOV3_Phase_F4_1_01d00h00m_1.tif,SK-OV-3,0.4601179048295441,24.0,69,5.4298860017882,1841.6521739130435,137,4.59288893953664,1037.4160583941605,2,4.1378498173124045,1303.0,65,5.034298141654266,1934.2769230769231,66,5.096373296951329,2107.151515151515
SKOV3_Phase_F4_2_01d16h00m_4.tif,SK-OV-3,0.6325858338341387,40.0,77,5.188179970474347,2241.4415584415583,156,4.625639268165164,1173.576923076923,0,,,96,4.837897192007211,1734.5104166666667,75,5.082628376505677,2298.6266666666666
SKOV3_Phase_F4_2_00d16h00m_1.tif,SK-OV-3,0.43511909036277185,16.0,59,6.2040907001057395,2054.7966101694915,147,4.816021686982711,921.7278911564625,1,3.8564287559031563,554.0,76,5.380313743401185,1655.9342105263158,56,5.825291550791396,2185.339285714286
SKOV3_Phase_E4_2_01d04h00m_4.tif,SK-OV-3,0.45651141567417314,28.0,84,5.5730872813529,1618.797619047619,144,4.575811162510718,994.3680555555555,4,8.156027368752625,5563.75,88,4.980494699585136,1540.0795454545455,76,5.272329926997359,1856.0394736842106
SKOV3_Phase_E4_2_02d04h00m_1.tif,SK-OV-3,0.8975688833042059,52.0,148,4.68414705416724,1676.2837837837837,252,4.440084781941907,1066.6904761904761,0,,,155,4.584699741248086,1644.2322580645161,152,4.49507450130135,1690.6644736842106
SKOV3_Phase_E4_1_00d12h00m_2.tif,SK-OV-3,0.497003901606216,12.0,67,5.571862202409401,1869.597014925373,140,4.701172277009901,906.9928571428571,3,5.705330075747607,2976.6666666666665,69,5.20886469844051,1568.144927536232,64,5.407318235407899,1784.625
SKOV3_Phase_E4_2_01d00h00m_3.tif,SK-OV-3,0.34780885366587244,24.0,53,6.2341756749447015,1773.9245283018868,121,4.72422231520164,856.6363636363636,5,5.707790903648389,1398.8,59,5.493844495635173,1620.0169491525423,57,5.629200895592789,1730.3508771929824
SKOV3_Phase_E4_2_00d08h00m_1.tif,SK-OV-3,0.31477249562936993,8.0,35,5.574166279297708,2307.657142857143,91,4.612926138695978,952.6043956043956,11,5.893957204902009,2583.3636363636365,44,4.994165344813531,1665.2954545454545,40,5.513016442511126,2137.5
SKOV3_Phase_F4_1_01d08h00m_2.tif,SK-OV-3,0.6946179788570714,32.0,106,5.140300396074803,1856.9056603773586,200,4.607282592058761,1144.445,0,,,114,4.847394682444564,1790.359649122807,97,4.863647206479556,2146.773195876289
SKOV3_Phase_F4_2_01d16h00m_3.tif,SK-OV-3,0.7404058577360174,40.0,95,4.824414173917633,2064.3473684210526,184,4.529810511081496,1201.0271739130435,1,4.083512469873359,425.0,99,4.78229937767523,1991.030303030303,92,4.8079138210040915,2168.6195652173915
SKOV3_Phase_F4_2_00d12h00m_4.tif,SK-OV-3,0.32473208110249036,12.0,46,5.228277681718559,2125.9565217391305,102,4.490852520814264,990.5,7,5.011380903148888,3509.8571428571427,62,4.689414413190434,1540.4032258064517,48,4.984091571441938,2092.8333333333335
SKOV3_Phase_F4_2_02d00h00m_3.tif,SK-OV-3,0.7544979139805473,48.0,115,5.143676324119,1743.017391304348,215,4.536609202864798,1028.2651162790698,1,4.7364399799613315,989.0,127,4.769589156392772,1558.0,111,4.890670868520615,1775.027027027027
SKOV3_Phase_F4_2_02d16h00m_2.tif,SK-OV-3,0.9856650207604958,64.0,155,4.7533838340134205,1731.9935483870968,257,4.541081394050113,1109.2645914396887,0,,,153,4.663327405784032,1711.4705882352941,152,4.511251431971241,1742.9144736842106
SKOV3_Phase_E4_2_03d00h00m_1.tif,SK-OV-3,0.9255785620629332,72.0,240,4.589636393235741,1129.9041666666667,351,4.409530760271026,882.2165242165242,0,,,185,4.604843868694894,1501.654054054054,217,4.432314412098203,1292.2350230414747
SKOV3_Phase_F4_2_01d20h00m_3.tif,SK-OV-3,0.7448415052720887,44.0,96,5.077205275643693,2052.3020833333335,191,4.587478218022743,1119.6806282722514,0,,,106,4.863758080515925,1842.6415094339623,94,4.9513705170779385,2093.478723404255
SKOV3_Phase_E4_1_03d00h00m_4.tif,SK-OV-3,0.9715239828725944,72.0,222,4.473030732485107,1282.581081081081,321,4.419895462535246,938.2149532710281,0,,,170,4.545148175262693,1549.5117647058823,208,4.366329586660059,1342.1971153846155
SKOV3_Phase_F4_2_02d12h00m_2.tif,SK-OV-3,0.9703363652753562,60.0,147,4.7246653416059745,1812.9455782312925,239,4.501271166026668,1203.3598326359834,0,,,137,4.61254227263209,1855.058394160584,147,4.41883572196162,1811.6462585034014
SKOV3_Phase_F4_2_02d04h00m_1.tif,SK-OV-3,0.8665933896962399,52.0,136,4.859060309046275,1775.3308823529412,256,4.453598963484416,1035.27734375,0,,,144,4.654574115951451,1681.0902777777778,135,4.695861218991647,1827.5703703703705
SKOV3_Phase_F4_1_02d08h00m_3.tif,SK-OV-3,0.9311272508741282,56.0,159,4.773648070947649,1750.9119496855346,234,4.40935203535718,1238.9700854700855,0,,,156,4.488044514150799,1773.2884615384614,141,4.442292197503548,1949.7659574468084
SKOV3_Phase_F4_2_03d00h00m_4.tif,SK-OV-3,0.9365658328780511,72.0,199,4.640993061850007,1336.4170854271356,273,4.39959852614604,1080.003663003663,0,,,167,4.5474868749572215,1592.0479041916167,180,4.435026988367029,1513.5388888888888
SKOV3_Phase_E4_1_01d12h00m_4.tif,SK-OV-3,0.6726948352819022,36.0,86,4.990218514592275,2068.4883720930234,146,4.5284114070647625,1321.376712328767,1,5.447223999645985,1547.0,84,4.719843463041965,2053.6666666666665,80,4.716595552548213,2185.325
SKOV3_Phase_E4_2_00d12h00m_3.tif,SK-OV-3,0.31650722874781484,12.0,55,6.198446616387335,1666.8,100,4.960572540454046,934.26,8,6.455952283325302,2611.5,60,5.52184702303868,1482.15,45,6.083685010795149,1960.9777777777779
SKOV3_Phase_E4_2_00d12h00m_4.tif,SK-OV-3,0.3226419625491812,12.0,47,5.6579630813175354,2108.68085106383,106,4.602746198973069,909.7830188679245,8,6.73033132250109,3367.875,65,4.994520674725681,1417.553846153846,52,5.343879182873413,1819.9423076923076
SKOV3_Phase_E4_2_01d20h00m_1.tif,SK-OV-3,0.7193748311844445,44.0,107,5.061049377235798,1846.5794392523364,184,4.583826641983066,1182.891304347826,0,,,110,4.787262432890227,1825.9272727272728,112,4.741690050290454,1851.3839285714287
SKOV3_Phase_F4_2_01d00h00m_2.tif,SK-OV-3,0.49952491518247755,24.0,65,5.411862116995893,2065.353846153846,134,4.6594176451197065,1139.8059701492537,1,6.503229752423195,1211.0,70,5.092878757265147,1935.7,62,5.234533591959538,2221.4193548387098
SKOV3_Phase_E4_1_01d20h00m_4.tif,SK-OV-3,0.7662621627786228,44.0,103,4.66477086698627,2031.1747572815534,196,4.591740336462128,1267.295918367347,0,,,111,4.745888062804754,1969.882882882883,99,4.660085409236804,2234.5252525252527
SKOV3_Phase_E4_2_01d04h00m_3.tif,SK-OV-3,0.36553174866149396,28.0,61,5.796347921686786,1648.6065573770493,131,4.619318987998846,856.1984732824427,6,5.631897649061277,1671.1666666666667,70,5.131503114026894,1433.3285714285714,61,5.519773103706402,1733.9016393442623
SKOV3_Phase_E4_1_00d08h00m_4.tif,SK-OV-3,0.430822157998244,8.0,61,5.340526021225206,2087.5245901639346,119,4.553493721493865,1009.1008403361344,7,5.038687171409404,2209.4285714285716,57,5.072917357614157,1975.3157894736842,58,5.220430720004086,2091.2241379310344
SKOV3_Phase_F4_1_02d20h00m_4.tif,SK-OV-3,0.9325781340144289,68.0,205,4.844926211434918,1345.6634146341464,293,4.4281291579169455,1020.6860068259385,0,,,163,4.56659853082118,1639.6134969325153,194,4.476514079721194,1458.2577319587629
SKOV3_Phase_E4_2_00d08h00m_4.tif,SK-OV-3,0.2811645287915253,8.0,48,5.5331519719505025,1697.0833333333333,91,4.7106775480641545,1007.2527472527472,11,5.317832402322636,2788.5454545454545,51,5.249107287306804,1586.1176470588234,50,5.229384028847495,1731.36
SKOV3_Phase_E4_2_02d20h00m_4.tif,SK-OV-3,1.857068169798937,68.0,218,5.206245108431612,1275.9495412844037,259,4.420795876767195,1141.4671814671815,0,,,166,4.505057378228753,1555.210843373494,186,4.367112887620851,1535.9032258064517
SKOV3_Phase_F4_1_01d16h00m_4.tif,SK-OV-3,0.5617371707003943,40.0,60,5.1099495399677926,2581.9,145,4.608063508612757,1115.3724137931035,2,4.326434998592864,1424.0,70,4.895523350496095,2163.6714285714284,62,4.888168581136745,2480.8387096774195
SKOV3_Phase_E4_1_00d08h00m_2.tif,SK-OV-3,0.41657129916957925,8.0,76,5.534548468024657,1549.3947368421052,134,4.551216402412894,894.1716417910447,7,7.445117482885068,6179.714285714285,69,5.11407752674723,1593.6376811594203,57,5.4266059423271775,2055.8947368421054
SKOV3_Phase_F4_1_03d00h00m_4.tif,SK-OV-3,0.9718608128004883,72.0,210,4.759974188826206,1359.2428571428572,275,4.547872287410595,1065.8654545454544,0,,,165,4.626454774821104,1628.1878787878788,195,4.373429430033347,1440.3179487179486
SKOV3_Phase_F4_1_01d12h00m_3.tif,SK-OV-3,0.6179608144394729,36.0,97,5.0894384635598096,1888.9381443298969,168,4.553881974009623,1211.9404761904761,1,5.855554169691504,277.0,101,4.809612483345559,1843.118811881188,88,4.9185289874089015,2210.9886363636365
SKOV3_Phase_F4_2_01d20h00m_1.tif,SK-OV-3,0.8217043819656913,44.0,102,5.1149737846647945,2119.401960784314,217,4.534020510375216,1100.8709677419354,0,,,134,4.805250683425152,1623.3283582089553,114,4.965279771032922,1997.0526315789473
SKOV3_Phase_E4_1_01d04h00m_3.tif,SK-OV-3,1.0487195716783193,28.0,75,5.298277044006217,1859.7866666666666,136,4.5321096222841675,1152.9779411764705,3,6.196325242988318,4255.666666666667,73,4.798627211834971,1906.027397260274,69,4.849297973740679,2077.536231884058
SKOV3_Phase_E4_2_00d12h00m_2.tif,SK-OV-3,0.36245184932255625,12.0,61,5.672556177695073,1577.5737704918033,111,4.705465234434401,993.4324324324324,3,6.290618210537406,3065.6666666666665,67,5.180809152151511,1549.8358208955224,56,5.603317762274287,1909.0535714285713
SKOV3_Phase_E4_1_02d00h00m_4.tif,SK-OV-3,0.8255020302939265,48.0,123,4.5868172470295,1925.7967479674796,222,4.46861781097413,1185.454954954955,0,,,131,4.515874940685971,1789.0381679389313,123,4.483279661064902,2012.138211382114
SKOV3_Phase_E4_2_01d16h00m_1.tif,SK-OV-3,0.7085560475852274,40.0,98,5.187867570063528,2036.8163265306123,191,4.558344443324025,1165.9424083769634,0,,,114,4.7235467919682845,1788.6140350877192,110,4.777652241314663,1883.790909090909
SKOV3_Phase_F4_2_01d20h00m_2.tif,SK-OV-3,0.8445495755026156,44.0,109,4.912693034759202,1997.4587155963302,222,4.5412684394219,1104.7162162162163,0,,,110,4.720604270276878,1935.490909090909,102,4.7307128642767955,2130.225490196078
SKOV3_Phase_E4_1_02d08h00m_4.tif,SK-OV-3,0.9068025946514414,56.0,159,4.624325667915391,1599.7232704402516,250,4.51934248640864,1112.012,1,4.781764802256132,2310.0,157,4.634806707214781,1646.2611464968154,152,4.519036902993594,1721.8552631578948
SKOV3_Phase_E4_1_01d04h00m_4.tif,SK-OV-3,0.4844538950502637,28.0,69,5.1045885519658505,1904.6376811594203,143,4.541196270773516,1022.6433566433567,7,4.54788501292374,1455.5714285714287,62,4.938505349918883,1952.6774193548388,65,4.955388987270948,2004.2307692307693
SKOV3_Phase_E4_1_00d16h00m_2.tif,SK-OV-3,0.4838496458424451,16.0,72,5.747959259954427,1856.9027777777778,145,4.682081022191098,1062.1310344827587,3,6.131734164442044,2305.0,75,5.290175378944356,1823.3333333333333,71,5.524872249932457,1945.9154929577464
SKOV3_Phase_F4_1_01d16h00m_3.tif,SK-OV-3,0.6817939892919428,40.0,99,5.065044746329948,2008.969696969697,179,4.611246656038038,1225.486033519553,0,,,104,4.935280732092357,1958.1057692307693,94,4.917150222215789,2257.6702127659573
SKOV3_Phase_F4_1_03d00h00m_3.tif,SK-OV-3,0.956994346590909,72.0,212,4.837568262727149,1308.5188679245282,277,4.453880891649985,1066.4296028880867,0,,,164,4.5427130843595815,1622.689024390244,201,4.378765801004865,1393.3830845771145
SKOV3_Phase_F4_2_02d20h00m_4.tif,SK-OV-3,0.9239100479403345,68.0,160,4.735068927956407,1624.70625,265,4.459952879329722,1106.0641509433963,0,,,164,4.598648013908576,1635.4939024390244,156,4.502618456768022,1694.448717948718
SKOV3_Phase_F4_2_00d12h00m_3.tif,SK-OV-3,0.3342511242078122,12.0,55,5.719988577461241,1805.4,119,4.6176971074187785,881.109243697479,9,6.764501153018677,3276.5555555555557,58,5.27487480312023,1652.3103448275863,56,5.3715843281584625,1818.2857142857142
SKOV3_Phase_F4_1_00d08h00m_3.tif,SK-OV-3,0.33875709544362276,8.0,41,4.812202894984901,2337.317073170732,78,4.541339129416213,1250.6538461538462,8,5.831304951980311,4590.375,48,4.852779545636393,1979.75,39,5.057050270363973,2466.230769230769
SKOV3_Phase_E4_1_00d20h00m_2.tif,SK-OV-3,0.5024353029392451,20.0,74,5.109185233791581,1870.0135135135135,141,4.638947080708959,1067.4397163120568,3,4.767605960775761,1291.6666666666667,82,4.993538200900239,1725.219512195122,68,5.169365676254181,2016.2205882352941
SKOV3_Phase_E4_2_01d04h00m_1.tif,SK-OV-3,0.5087538005353904,28.0,83,5.502059603833826,1725.012048192771,147,4.616984669244694,1064.3469387755101,2,4.373069083901962,1318.5,81,4.935779348739748,1689.9753086419753,79,5.036561956798083,1902.6962025316457
SKOV3_Phase_F4_2_02d20h00m_3.tif,SK-OV-3,0.9320988486123274,68.0,214,4.841295778651817,1231.088785046729,299,4.459037669911144,964.9966555183946,0,,,172,4.650666578969129,1534.6337209302326,184,4.533225688451841,1458.1304347826087
SKOV3_Phase_E4_1_00d08h00m_3.tif,SK-OV-3,0.3396358756282814,8.0,59,5.8460889982084305,1691.9322033898304,98,4.802260350532204,1008.5714285714286,6,6.307884028320814,2011.3333333333333,59,5.380434430360056,1668.4745762711864,55,5.480577234740874,1828.2181818181818
SKOV3_Phase_F4_2_00d08h00m_2.tif,SK-OV-3,0.3300738196569024,8.0,41,5.496668171450893,2191.0243902439024,115,4.606953680518391,967.2434782608696,2,3.687274096143338,856.5,48,5.145383151033052,2043.0208333333333,43,5.3100502652603625,2381.7906976744184
SKOV3_Phase_F4_2_02d12h00m_3.tif,SK-OV-3,0.9729249530157414,60.0,168,4.751841871617775,1644.6785714285713,232,4.527076375163936,1212.103448275862,0,,,156,4.616231358324673,1681.8333333333333,164,4.413996512495549,1639.5792682926829
SKOV3_Phase_F4_1_02d04h00m_4.tif,SK-OV-3,0.760124934986887,52.0,109,4.8337682603100305,2048.330275229358,225,4.577063984575083,1061.1555555555556,1,3.5465188834866987,188.0,110,4.7795890071668365,2026.6,103,4.70287587069434,2221.0388349514565
SKOV3_Phase_E4_1_03d00h00m_1.tif,SK-OV-3,0.9640401397235648,72.0,345,4.419813719893026,829.0173913043478,415,4.329468983314398,735.344578313253,0,,,205,4.51302062297896,1261.551219512195,283,4.303916016589161,900.3710247349824
SKOV3_Phase_F4_2_01d08h00m_4.tif,SK-OV-3,0.4859977007757773,32.0,63,5.516273491360932,2060.746031746032,141,4.6043619613193005,1011.8652482269504,1,6.201914727810074,1462.0,84,4.9599202800476245,1535.654761904762,67,5.217562370858796,1993.5671641791046
SKOV3_Phase_F4_2_01d00h00m_1.tif,SK-OV-3,0.47618232626751045,24.0,63,5.445974537259581,2142.6825396825398,147,4.65870205765408,1029.952380952381,1,5.057744277472333,3387.0,81,5.04415048165432,1718.716049382716,60,5.272227572967166,2299.3
SKOV3_Phase_F4_1_01d16h00m_1.tif,SK-OV-3,0.7415797521033699,40.0,107,4.855019023645453,1900.3831775700935,193,4.548273019410061,1209.4352331606217,0,,,117,4.780357113517035,1837.042735042735,100,4.797868629407165,2102.26
SKOV3_Phase_E4_2_02d20h00m_3.tif,SK-OV-3,1.8415509898109785,68.0,231,5.161510833348703,1172.4675324675325,273,4.4042230390552755,1060.8827838827838,0,,,173,4.541099152808156,1512.64161849711,187,4.452524644215441,1503.090909090909
SKOV3_Phase_F4_1_01d20h00m_1.tif,SK-OV-3,0.8357989570585695,44.0,102,4.6253697859864875,2260.774509803922,181,4.535431962666978,1405.8729281767955,0,,,100,4.691138488006758,2248.76,104,4.574266126913803,2249.105769230769
SKOV3_Phase_F4_1_00d12h00m_2.tif,SK-OV-3,0.47749394585882343,12.0,69,5.6909937896864955,2006.927536231884,144,4.637021358572892,1119.701388888889,2,3.937271373996002,659.0,82,5.0471444448001375,1807.0,66,5.4111067378564215,2246.212121212121
SKOV3_Phase_E4_2_01d20h00m_2.tif,SK-OV-3,0.7784260264149664,44.0,112,4.94901042243992,1887.1160714285713,192,4.525659136006173,1234.2083333333333,0,,,127,4.680004769243025,1703.0393700787401,115,4.707813082833329,1858.8608695652174
SKOV3_Phase_E4_2_03d00h00m_3.tif,SK-OV-3,1.8335949965854552,72.0,244,4.998949915040707,1148.377049180328,267,4.3878487434691,1090.812734082397,0,,,165,4.506853646281438,1674.9030303030304,200,4.3464523556765355,1374.655
SKOV3_Phase_F4_2_01d08h00m_1.tif,SK-OV-3,0.5188564316542802,32.0,91,5.2802101077984585,1652.978021978022,171,4.556865407418644,1051.157894736842,1,6.5834455936012155,2144.0,92,4.906174270000082,1743.858695652174,83,5.066827691771928,2023.1686746987953
SKOV3_Phase_F4_2_00d08h00m_1.tif,SK-OV-3,0.3537485019667814,8.0,52,5.818819166288529,1828.6153846153845,118,4.641787158137734,918.6779661016949,7,5.981197852291719,3238.714285714286,56,5.1411178062417475,1691.9642857142858,53,5.345742645781577,1920.7735849056603
SKOV3_Phase_F4_1_02d04h00m_3.tif,SK-OV-3,0.912798854621936,52.0,139,4.730202810728111,1858.7410071942445,222,4.493508885455922,1229.8963963963963,0,,,131,4.586373656915478,1845.0381679389313,135,4.546589081991386,1924.2
SKOV3_Phase_F4_1_02d08h00m_1.tif,SK-OV-3,0.9184109508850459,56.0,155,4.504742748113028,1810.4322580645162,257,4.4043738369239565,1127.7898832684825,0,,,148,4.510722319728302,1752.8581081081081,146,4.4248954644948055,1865.6438356164383
SKOV3_Phase_E4_1_02d04h00m_2.tif,SK-OV-3,0.8758011449683286,52.0,188,4.661013819989784,1380.9148936170213,266,4.466865432439142,1094.4022556390978,0,,,179,4.55381514086751,1471.9497206703911,172,4.487804595882013,1531.4186046511627
SKOV3_Phase_E4_2_02d16h00m_4.tif,SK-OV-3,1.8028434687773116,64.0,226,5.346569898607767,1231.8982300884957,276,4.409156384925616,1073.376811594203,0,,,173,4.517767425918873,1598.0982658959538,179,4.393304395326196,1583.8659217877096
SKOV3_Phase_E4_2_00d16h00m_4.tif,SK-OV-3,0.3690879098830901,16.0,53,6.11191482784797,1869.3962264150944,124,4.625314431748335,942.3709677419355,7,6.160882257558497,1894.2857142857142,66,5.247766903866977,1490.530303030303,49,5.733477562466144,2159.7551020408164
SKOV3_Phase_E4_2_02d08h00m_3.tif,SK-OV-3,0.8595252032342624,56.0,140,5.0042639872331725,1740.642857142857,217,4.487591889658496,1135.5668202764978,0,,,135,4.731125230829855,1699.5333333333333,123,4.70517797970732,1911.3089430894308
SKOV3_Phase_E4_2_01d16h00m_4.tif,SK-OV-3,0.6815534055397634,40.0,88,5.176454256887417,2151.8522727272725,162,4.495092433941878,1272.6543209876543,2,3.6353405181513216,479.5,104,4.617767808385472,1840.8461538461538,88,4.695451043059186,2134.9772727272725
SKOV3_Phase_E4_1_02d00h00m_1.tif,SK-OV-3,0.9090176134997876,48.0,201,4.642707390939535,1267.1442786069651,285,4.477262321011871,1008.4631578947368,0,,,165,4.64485393931984,1510.8666666666666,172,4.507166165528912,1455.4476744186047
SKOV3_Phase_F4_1_01d04h00m_1.tif,SK-OV-3,0.483207018274694,28.0,81,5.260401454135254,1746.5185185185185,147,4.6978176296116745,1149.2585034013605,1,4.584708691207961,256.0,71,5.141069253234592,2028.4929577464789,78,5.060971436451444,1993.5384615384614
SKOV3_Phase_E4_2_02d08h00m_2.tif,SK-OV-3,0.9780288402808321,56.0,172,4.636964140278327,1593.7674418604652,238,4.419917650021784,1235.5294117647059,0,,,158,4.456831438720115,1659.607594936709,173,4.441816378767399,1581.7225433526012
SKOV3_Phase_F4_1_01d12h00m_2.tif,SK-OV-3,0.7463622720443638,36.0,107,4.859223466822017,1853.271028037383,205,4.593147192155392,1176.2975609756097,1,5.958968227253618,1197.0,106,4.740556476070836,1937.066037735849,95,4.72738003788787,2247.3263157894735
SKOV3_Phase_E4_2_02d04h00m_3.tif,SK-OV-3,0.7648990682364512,52.0,125,4.948976076218888,1710.216,201,4.574651802426596,1180.3880597014925,0,,,118,4.822604188325335,1767.415254237288,118,4.801429781142684,1807.0
SKOV3_Phase_F4_1_01d00h00m_4.tif,SK-OV-3,0.2987956721208453,24.0,43,5.74111985124219,2019.5116279069769,96,4.660497791317084,1022.59375,5,7.560431102211666,9485.6,48,5.213061419534103,1913.75,40,5.379282685884688,2330.625
SKOV3_Phase_F4_1_01d12h00m_1.tif,SK-OV-3,0.6484742655976854,36.0,99,5.13253920608344,1856.3737373737374,168,4.608450261553658,1223.8988095238096,0,,,98,4.869213201211922,1885.857142857143,92,4.9765344669196825,2122.8695652173915
SKOV3_Phase_E4_2_02d16h00m_3.tif,SK-OV-3,0.9263536228419941,64.0,175,4.760214128149614,1494.9085714285713,254,4.4283382057072025,1081.8976377952756,0,,,158,4.63445063613443,1629.8544303797469,163,4.521751804261294,1633.2515337423313
SKOV3_Phase_F4_1_00d08h00m_4.tif,SK-OV-3,0.26557950775787326,8.0,37,5.96210939726454,2049.4324324324325,82,4.678518275340766,1097.2317073170732,5,9.24556412495362,10546.6,46,5.232748015620738,1917.9130434782608,34,5.538224381032005,2364.823529411765
SKOV3_Phase_E4_2_01d00h00m_2.tif,SK-OV-3,0.48437486683238734,24.0,85,5.073811387577833,1528.070588235294,145,4.519807265465013,1005.7724137931034,1,4.995885667104822,1026.0,86,4.801067038944683,1467.7093023255813,82,4.881186828489323,1578.5731707317073
SKOV3_Phase_F4_1_02d20h00m_3.tif,SK-OV-3,0.9567772053922625,68.0,205,4.8667586866841255,1339.0341463414634,273,4.387641496839887,1068.956043956044,0,,,148,4.504800588593637,1740.277027027027,183,4.424625081987261,1537.1967213114754
SKOV3_Phase_E4_2_00d16h00m_1.tif,SK-OV-3,0.4668090302666158,16.0,54,5.576179123685576,2473.5555555555557,125,4.685748924843757,1099.864,5,4.198011107014417,1522.8,62,5.231907982388718,1924.6129032258063,55,5.34846147776894,2325.7272727272725
SKOV3_Phase_E4_1_01d16h00m_4.tif,SK-OV-3,0.731462487571022,40.0,94,4.720857112013947,1990.7659574468084,164,4.5838520193522125,1332.0121951219512,0,,,104,4.703087753747491,1911.5961538461538,90,4.683160922879727,2214.5555555555557
SKOV3_Phase_E4_2_02d12h00m_2.tif,SK-OV-3,0.9688158869645876,60.0,188,4.770944411186727,1494.9468085106382,246,4.424121232216295,1195.8658536585365,0,,,176,4.518462320634239,1543.9545454545455,182,4.438812042435501,1549.7417582417581
SKOV3_Phase_E4_2_02d00h00m_2.tif,SK-OV-3,0.8664825786713447,48.0,140,4.745733908703114,1757.05,238,4.429968246611487,1107.357142857143,0,,,150,4.573783652599563,1617.0133333333333,136,4.4849808571029,1694.5294117647059
SKOV3_Phase_F4_1_01d20h00m_3.tif,SK-OV-3,0.7615641445858887,44.0,115,5.0591739534368525,1916.5826086956522,208,4.556666269785576,1091.1682692307693,0,,,110,4.8804930025739015,1902.9545454545455,101,4.984956885033389,2099.7128712871286
SKOV3_Phase_F4_1_01d20h00m_4.tif,SK-OV-3,0.5548291936188907,44.0,70,5.305283496033896,2097.3571428571427,155,4.6615799644969185,1055.374193548387,2,5.038143575513686,1359.5,76,5.109909827513514,1867.657894736842,76,5.07764379243195,2150.6184210526317
SKOV3_Phase_F4_1_01d08h00m_4.tif,SK-OV-3,0.399681734183782,32.0,60,5.089877038345942,1644.5666666666666,118,4.554230886969196,991.8389830508474,3,4.137731473942417,900.0,62,4.9246020085028634,1637.3225806451612,51,5.055710534509986,1927.8235294117646
SKOV3_Phase_E4_1_02d08h00m_2.tif,SK-OV-3,0.9514213973721617,56.0,201,4.967281965262246,1327.363184079602,282,4.453104010677484,1057.5212765957447,0,,,187,4.543212835429605,1382.716577540107,190,4.471818945933616,1424.0578947368422
SKOV3_Phase_E4_1_00d12h00m_3.tif,SK-OV-3,0.4095287990329923,12.0,49,5.427141673011957,2090.9795918367345,90,4.764431523910614,1212.7444444444445,7,5.87535678590045,2356.8571428571427,54,5.157041183980009,1907.9074074074074,52,5.298614988988143,1861.6538461538462
SKOV3_Phase_F4_1_02d16h00m_1.tif,SK-OV-3,0.9914788712849792,64.0,183,4.833092279334704,1544.0,320,4.375401864823731,962.15,0,,,165,4.561403048010084,1644.3939393939395,194,4.471859236718284,1543.5721649484535
SKOV3_Phase_F4_2_02d16h00m_4.tif,SK-OV-3,0.9367603866641162,64.0,135,4.700608407832725,1891.4222222222222,230,4.513865041209328,1223.1608695652174,0,,,132,4.635275421700098,1890.8030303030303,129,4.543992919254615,2000.6976744186047
SKOV3_Phase_E4_1_02d12h00m_4.tif,SK-OV-3,0.9388924400404097,60.0,163,4.623716532805672,1595.8588957055215,235,4.485768694380917,1209.7531914893616,0,,,156,4.518161793818638,1629.7628205128206,161,4.443440879475852,1693.3850931677018
SKOV3_Phase_E4_1_00d08h00m_1.tif,SK-OV-3,0.43408554892373313,8.0,81,5.847182891955223,1453.1604938271605,138,4.797515188300777,927.1594202898551,6,5.396920140126966,1724.1666666666667,68,5.418646434294217,1613.5882352941176,64,5.661421885830469,1718.984375
SKOV3_Phase_F4_1_02d20h00m_1.tif,SK-OV-3,0.9551900284090897,68.0,212,4.817975562674901,1364.4811320754718,314,4.4079199000178795,999.6050955414013,0,,,161,4.544950121982735,1619.6770186335405,201,4.385056214753847,1408.7014925373135
SKOV3_Phase_F4_1_02d12h00m_4.tif,SK-OV-3,0.8324900372869235,60.0,122,4.816754046495984,1908.2868852459017,189,4.688945483174332,1271.9417989417989,0,,,102,4.943145103851717,2153.0,118,4.695893451623668,2012.915254237288
SKOV3_Phase_E4_1_02d12h00m_1.tif,SK-OV-3,0.998658166247831,60.0,260,4.450699750707052,1043.326923076923,322,4.409740995912786,930.8074534161491,0,,,188,4.474947731606876,1302.1063829787233,212,4.316823282303818,1202.6792452830189
SKOV3_Phase_E4_1_02d20h00m_1.tif,SK-OV-3,0.8940869083260558,68.0,309,4.432149924565336,862.6116504854369,365,4.344844013548892,816.4684931506849,0,,,199,4.474257908825843,1280.1206030150754,258,4.341564320737039,1009.3333333333334
SKOV3_Phase_E4_2_02d16h00m_1.tif,SK-OV-3,0.9504658433949001,64.0,187,4.75414963758655,1453.6417112299466,284,4.402095135487489,1054.3521126760563,0,,,181,4.544015227173952,1530.1823204419888,189,4.438768444756015,1488.0582010582011
SKOV3_Phase_F4_2_00d20h00m_4.tif,SK-OV-3,0.37970676983173907,20.0,47,5.317750562738027,2261.531914893617,115,4.51754816319166,960.7130434782608,6,6.233466729520359,1932.1666666666667,65,4.82828673230692,1531.4923076923078,47,5.232366658996662,2175.68085106383
SKOV3_Phase_F4_2_01d12h00m_2.tif,SK-OV-3,0.7378427312336028,36.0,82,4.979865673405682,2472.951219512195,183,4.624805692187436,1208.4972677595629,2,6.070448223179653,1349.0,95,4.748652235769,1968.8,80,4.803155452706106,2472.525
SKOV3_Phase_F4_2_00d16h00m_2.tif,SK-OV-3,0.49230761104130827,16.0,52,6.088236446841827,2686.8653846153848,148,4.712693625341942,1015.4391891891892,4,4.908669680249411,1490.5,74,5.22427569458943,1890.472972972973,53,5.478389657122452,2566.4150943396226
SKOV3_Phase_F4_2_01d12h00m_1.tif,SK-OV-3,0.7039361254370582,36.0,94,5.030563006792002,2083.5106382978724,178,4.53362185592487,1158.4101123595506,2,6.475199458339386,1458.0,118,4.697358612443771,1623.3305084745762,89,4.902100206573755,2121.1573033707864
SKOV3_Phase_E4_1_02d04h00m_1.tif,SK-OV-3,0.9348097309331285,52.0,222,4.638288723303519,1201.5720720720722,299,4.42172808338935,988.9331103678929,0,,,180,4.574805959814618,1488.888888888889,196,4.469219813896975,1352.7908163265306
SKOV3_Phase_E4_2_01d16h00m_3.tif,SK-OV-3,0.5625551391772716,40.0,77,5.785239182518955,1951.2987012987012,155,4.604823230908216,1047.0709677419354,1,4.835491343294228,1775.0,84,5.080919594015841,1757.3214285714287,86,5.189219065661526,1809.093023255814
SKOV3_Phase_E4_1_00d12h00m_4.tif,SK-OV-3,0.4773384798404757,12.0,63,5.318896939626364,1926.6190476190477,120,4.734342949843894,1059.75,1,4.19117467478226,2292.0,57,5.123189660681338,1880.877192982456,51,5.235657217987371,2178.764705882353
SKOV3_Phase_F4_2_00d08h00m_3.tif,SK-OV-3,0.30663445790537625,8.0,52,6.00890310664319,1691.2692307692307,110,4.671793748588544,843.3181818181819,12,5.647381196302331,3245.25,52,5.4144623627007995,1639.2884615384614,51,5.636586562819055,1711.8235294117646
SKOV3_Phase_E4_1_01d12h00m_1.tif,SK-OV-3,0.8062707696405139,36.0,136,5.003797019434782,1664.1764705882354,239,4.480529774497241,1041.5564853556486,1,4.42850772207789,1018.0,133,4.720821267763518,1599.5263157894738,135,4.793226606523702,1704.9851851851852
SKOV3_Phase_E4_2_01d08h00m_1.tif,SK-OV-3,0.5916316678048532,32.0,97,5.2379695537977895,1730.2680412371135,157,4.660681838925248,1131.8216560509554,2,6.04619532480673,1722.0,92,5.058909082182626,1753.695652173913,96,5.078827505486114,1817.2604166666667
SKOV3_Phase_E4_2_00d16h00m_3.tif,SK-OV-3,0.3222342224377209,16.0,50,6.37733825910433,1669.06,104,4.805381764214754,937.1923076923077,7,8.158492134824467,8350.0,50,5.490538435464994,1638.78,46,5.858640611628011,1885.7608695652175
SHSY5Y_Phase_A10_1_02d04h00m_1.tif,SH-SY5Y,0.5744628777862822,52.0,450,5.823161236863392,369.82,491,5.30940727873354,325.73116089613035,2,4.486723973162354,438.0,303,5.922110333425222,516.0297029702971,351,5.523795198026128,383.02849002849
SHSY5Y_Phase_A10_1_00d16h00m_4.tif,SH-SY5Y,0.16430694506665025,16.0,173,5.763563135994052,296.4566473988439,162,5.939183544671201,363.537037037037,8,13.447676819961762,5075.75,123,6.372633430869837,477.7886178861789,115,6.380111799493863,373.8434782608696
SHSY5Y_Phase_A10_1_02d04h00m_2.tif,SH-SY5Y,0.5125826087194107,52.0,455,5.685458411000895,339.6923076923077,507,5.279313612519189,316.6489151873767,1,5.346312415854625,206.0,338,5.762696181855389,461.9674556213018,358,5.338530442770838,344.5754189944134
SHSY5Y_Phase_A10_2_00d08h00m_3.tif,SH-SY5Y,0.11462915182474238,8.0,101,6.386776483236675,326.2079207920792,98,5.640905773723575,338.57142857142856,18,8.349959439722983,1433.5,75,6.00082622193406,435.38666666666666,79,5.99438010477763,342.8101265822785
SHSY5Y_Phase_A10_1_00d08h00m_3.tif,SH-SY5Y,0.1532714379370462,8.0,118,6.269865429110517,386.8728813559322,121,5.567293723692937,330.3719008264463,23,8.056523284160441,1366.7391304347825,94,5.8659296405120855,418.031914893617,91,5.925966121134802,355.7362637362637
SHSY5Y_Phase_A10_1_01d08h00m_3.tif,SH-SY5Y,0.3040731110686099,32.0,176,6.245585092849736,512.3920454545455,229,6.012099258236526,383.90829694323145,8,10.629301921565114,1911.5,146,6.70009806006325,563.9383561643835,156,6.440341145844763,443.9166666666667
SHSY5Y_Phase_A10_2_01d04h00m_4.tif,SH-SY5Y,0.14983521757539414,28.0,94,6.60596747303514,492.17021276595744,96,6.164295467840373,450.8541666666667,11,12.248802020113969,3425.0,60,6.796761499945462,671.6333333333333,73,6.558946772957701,482.8082191780822
SHSY5Y_Phase_A10_2_02d16h00m_3.tif,SH-SY5Y,0.5162545786440113,64.0,414,5.98005019915654,357.6231884057971,432,5.346540180535429,336.6759259259259,1,8.260905657717748,627.0,286,5.8627290213817425,473.13986013986016,313,5.519051612267706,373.220447284345
SHSY5Y_Phase_A10_2_01d16h00m_2.tif,SH-SY5Y,0.38765567772071785,40.0,248,6.390490405557574,488.1008064516129,280,5.95158554574606,393.2392857142857,2,6.394765377065314,498.0,190,6.6107210286335745,564.7421052631579,198,6.355820770779871,455.1515151515151
SHSY5Y_Phase_A10_2_00d12h00m_1.tif,SH-SY5Y,0.13670253387238063,12.0,105,6.71570852543341,342.0,92,6.1040328781858095,392.0326086956522,16,9.360602836492513,1523.625,80,6.350625922956889,442.325,82,6.472676370019221,378.4634146341463
SHSY5Y_Phase_A10_1_00d08h00m_4.tif,SH-SY5Y,0.14728165564903747,8.0,111,6.301221340463828,355.5945945945946,120,5.553474493818096,314.5833333333333,20,8.511304158058834,1658.9,98,5.750382316263908,374.2755102040816,104,5.938199346328535,317.9807692307692
SHSY5Y_Phase_A10_1_03d00h00m_1.tif,SH-SY5Y,0.7732970663516148,72.0,670,5.121078817588446,343.565671641791,748,4.762728193390574,298.91711229946526,0,,,416,5.253532295021473,514.5480769230769,504,4.746087792894235,332.60714285714283
SHSY5Y_Phase_A10_2_01d08h00m_1.tif,SH-SY5Y,0.25875828671326895,32.0,166,7.147737773134724,436.95180722891564,171,6.403338973955143,401.49122807017545,8,9.355531078027461,1594.375,109,7.188767957943553,591.348623853211,105,7.028680541522888,461.5238095238095
SHSY5Y_Phase_A10_1_03d08h00m_4.tif,SH-SY5Y,0.942833475879584,80.0,822,5.190990531207195,276.68004866180047,753,4.7557839105898125,295.6786188579017,2,3.832096469968852,167.5,491,5.09424767703773,446.32790224032584,529,4.6001232161257155,301.6238185255198
SHSY5Y_Phase_A10_1_02d16h00m_4.tif,SH-SY5Y,0.737557477463959,64.0,585,5.634212144114618,340.7931623931624,590,5.087108009126714,303.1474576271186,0,,,376,5.580638534067334,461.7340425531915,398,5.19124088106913,338.7638190954774
SHSY5Y_Phase_A10_1_01d12h00m_4.tif,SH-SY5Y,0.35475195722244574,36.0,279,7.123130704292409,385.68458781362006,296,6.073000509933336,369.2195945945946,10,6.5637705439287455,540.4,202,6.785558963301528,532.8465346534654,202,6.2736299833070435,397.470297029703
SHSY5Y_Phase_A10_2_00d08h00m_2.tif,SH-SY5Y,0.1181871183894346,8.0,97,5.994186781956146,373.12371134020617,118,5.677953243922334,355.3135593220339,23,8.849089763161906,1517.0434782608695,93,5.9558788772227835,447.8817204301075,93,5.985729361559947,364.0
SHSY5Y_Phase_A10_1_01d12h00m_1.tif,SH-SY5Y,0.4328616940286378,36.0,252,6.19020465113076,507.46031746031747,317,5.912410218780955,374.8422712933754,2,9.325700069396174,624.0,198,6.679919735859897,565.7424242424242,226,6.334755205262803,444.0575221238938
SHSY5Y_Phase_A10_1_00d08h00m_1.tif,SH-SY5Y,0.16701376625327496,8.0,153,5.876722839623381,323.9673202614379,148,5.324903932196611,320.56756756756755,14,9.713140834046444,2290.785714285714,104,5.700088433946164,442.6923076923077,123,5.713942328112597,326.7154471544715
SHSY5Y_Phase_A10_1_02d04h00m_4.tif,SH-SY5Y,0.48789758468095146,52.0,391,6.1345011477561755,379.31969309462914,460,5.487367048567639,337.42391304347825,2,6.846264261558552,691.0,314,6.056320694574068,494.5828025477707,339,5.725098440961,373.2654867256637
SHSY5Y_Phase_A10_1_03d08h00m_3.tif,SH-SY5Y,0.5956498590472239,80.0,554,5.183341424031597,322.07400722021663,737,4.750183204323159,300.6974219810041,1,3.7887252741104227,182.0,425,5.171822722046681,497.2352941176471,526,4.702438467909439,323.91634980988596
SHSY5Y_Phase_A10_1_02d16h00m_3.tif,SH-SY5Y,0.7555354275021944,64.0,552,5.8204707699262235,383.6105072463768,610,5.148839108912022,320.1672131147541,0,,,386,5.681532706476931,498.559585492228,408,5.198122054370844,366.95098039215685
SHSY5Y_Phase_A10_1_03d08h00m_1.tif,SH-SY5Y,0.8560157473776436,80.0,828,5.0022674861885195,280.030193236715,776,4.614235860863552,308.0631443298969,0,,,414,5.012572397665841,536.096618357488,538,4.489002703107292,293.6672862453532
SHSY5Y_Phase_A10_2_00d20h00m_3.tif,SH-SY5Y,0.16964191761361608,20.0,115,6.620711685910289,423.5913043478261,121,6.066049054893812,398.26446280991735,8,9.873730580844704,1486.125,73,6.912047508586934,626.8219178082192,90,6.406164605578328,416.9222222222222
SHSY5Y_Phase_A10_1_00d08h00m_2.tif,SH-SY5Y,0.15788900759395222,8.0,114,6.460835285975437,393.2105263157895,119,5.782619769268767,329.79831932773106,19,8.806704193172385,1322.578947368421,91,6.0720288106759215,409.6373626373626,94,6.11204656800901,335.5851063829787
SHSY5Y_Phase_A10_1_00d16h00m_3.tif,SH-SY5Y,0.15221051354894063,16.0,141,5.995460984702267,328.60283687943263,144,5.936421473322333,367.59027777777777,14,10.34062486190247,2384.0,110,6.362692573550797,472.9,109,6.224127671535845,388.25688073394497
SHSY5Y_Phase_A10_1_01d20h00m_2.tif,SH-SY5Y,0.41466099759614833,44.0,308,6.704594129268725,404.5194805194805,359,5.78873477921899,357.991643454039,5,7.609834817017453,609.2,251,6.389971565417356,503.28685258964146,263,5.962511439733559,370.22433460076047
SHSY5Y_Phase_A10_1_01d08h00m_2.tif,SH-SY5Y,0.35709093804633685,32.0,252,6.298490533944386,412.015873015873,244,6.008942743232138,370.3114754098361,5,7.321210071151915,553.4,168,6.665726258116251,529.2916666666666,164,6.4486373906101875,402.7621951219512
SHSY5Y_Phase_A10_1_00d12h00m_1.tif,SH-SY5Y,0.17938813660948785,12.0,156,6.703077378303718,354.61538461538464,161,5.788751273291509,359.42857142857144,14,12.344561733405996,3543.5,115,6.271106336251275,498.3304347826087,121,6.122600363674389,376.8264462809917
SHSY5Y_Phase_A10_1_01d16h00m_4.tif,SH-SY5Y,0.39272639436735174,40.0,269,6.988630992020435,447.0074349442379,334,5.954956752686519,362.6077844311377,1,7.421989750658159,903.0,226,6.590621887709526,525.8716814159292,233,6.228145302069942,384.5793991416309
SHSY5Y_Phase_A10_2_01d16h00m_3.tif,SH-SY5Y,0.2794986263931396,40.0,262,6.8333868315748765,298.23664122137404,231,5.853710174664893,380.67965367965365,3,12.474339312060058,2569.0,148,6.51331616821622,562.0945945945946,163,6.299681651556528,423.2085889570552
SHSY5Y_Phase_A10_1_01d20h00m_4.tif,SH-SY5Y,0.48974259547095034,44.0,367,6.406038643912109,393.98910081743867,338,5.941954844009181,371.2721893491124,1,8.599375737181576,666.0,232,6.59697787721849,532.0818965517242,243,6.206842627227396,405.17283950617286
SHSY5Y_Phase_A10_2_02d12h00m_4.tif,SH-SY5Y,0.33032271484374975,60.0,219,6.199796713450769,474.6164383561644,242,5.814040256818002,402.47520661157023,6,7.1502440394027005,655.6666666666666,162,6.336981080735932,565.3395061728395,186,6.118648239706422,450.51075268817203
SHSY5Y_Phase_A10_2_00d16h00m_3.tif,SH-SY5Y,0.11226762415319609,16.0,102,6.579178363211685,328.27450980392155,109,6.138940831704347,395.302752293578,9,13.34382101989906,3926.0,78,6.6603000298067485,532.4230769230769,84,6.447613820575872,420.51190476190476
SHSY5Y_Phase_A10_2_01d20h00m_3.tif,SH-SY5Y,0.3294207156905809,44.0,223,6.674279722787697,432.1031390134529,269,6.027647974169774,381.4944237918216,3,11.24699277346567,1455.0,169,6.859374471184804,594.887573964497,181,6.188438443657291,411.4033149171271
SHSY5Y_Phase_A10_2_01d08h00m_3.tif,SH-SY5Y,0.25735699614839797,32.0,182,6.657925391108985,393.54945054945057,189,5.929410807073261,364.4550264550264,5,9.220514193562595,791.6,113,6.832223572736053,576.0884955752213,126,6.299452837233728,394.03968253968253
SHSY5Y_Phase_A10_1_01d20h00m_1.tif,SH-SY5Y,0.48571947484157674,44.0,287,6.691218973878634,493.9512195121951,369,5.710471016079025,378.0975609756098,2,6.216428558120878,302.0,239,6.28979902869121,529.4853556485356,261,5.9510515016025085,409.97318007662835
SHSY5Y_Phase_A10_2_00d20h00m_4.tif,SH-SY5Y,0.10606305466018597,20.0,65,6.859495332488211,529.4461538461538,70,6.239554529015601,473.9428571428571,13,9.21465565117855,2038.2307692307693,51,6.579723144437964,579.0196078431372,52,6.878455490398864,557.9423076923077
SHSY5Y_Phase_A10_2_03d00h00m_4.tif,SH-SY5Y,0.45271075748470596,72.0,311,5.895034213086254,433.4983922829582,353,5.404296520212704,375.3031161473088,4,6.500168221743479,594.5,234,5.924343592004529,542.1452991452992,259,5.639642819759354,431.4826254826255
SHSY5Y_Phase_A10_1_01d04h00m_4.tif,SH-SY5Y,0.33351076158216003,28.0,250,6.432917391586042,403.452,226,6.145657054118411,379.6725663716814,4,6.789361526225874,482.75,161,6.815420038660518,540.9130434782609,166,6.363347570648181,394.18674698795184
SHSY5Y_Phase_A10_2_01d00h00m_2.tif,SH-SY5Y,0.2119124266553742,24.0,159,6.65301051393912,363.8364779874214,182,5.9311531903623385,374.4010989010989,5,7.78997838061292,967.4,118,6.578788476879317,521.3728813559322,124,6.462798066389814,430.16129032258067
SHSY5Y_Phase_A10_2_03d08h00m_4.tif,SH-SY5Y,0.5214490772508817,80.0,361,5.839456767731424,440.4875346260388,456,5.270017245218285,348.1469298245614,1,4.548758256378571,722.0,281,5.876707868938527,542.6049822064057,333,5.436564820242989,396.27927927927925
SHSY5Y_Phase_A10_2_01d00h00m_4.tif,SH-SY5Y,0.11548623292722993,24.0,86,6.656918714888981,394.0813953488372,99,5.741254341570593,390.4040404040404,9,7.866836451749421,1453.888888888889,58,6.538510612532459,611.6551724137931,60,6.3369558947966045,482.75
SHSY5Y_Phase_A10_2_02d20h00m_1.tif,SH-SY5Y,0.49787065832605665,68.0,425,6.249521247359341,344.4894117647059,474,5.414096947107257,329.07383966244726,1,8.088111799693495,687.0,328,5.878828602478113,469.2682926829268,332,5.494389081586163,367.8313253012048
SHSY5Y_Phase_A10_1_02d16h00m_2.tif,SH-SY5Y,0.5141838651387652,64.0,483,5.575629054569723,307.5113871635611,592,5.059927265757099,304.6385135135135,2,4.316089209741538,527.5,388,5.546307320921834,463.21907216494844,405,5.170827171245538,326.1530864197531
SHSY5Y_Phase_A10_1_02d12h00m_3.tif,SH-SY5Y,0.49734117269448325,60.0,454,5.742041213732151,328.25550660792953,540,5.2586043647141,332.9277777777778,0,,,349,5.709741417367502,493.8997134670487,371,5.343309931166336,382.85714285714283
SHSY5Y_Phase_A10_1_02d20h00m_3.tif,SH-SY5Y,0.696636608664767,68.0,591,5.551463169751109,332.57698815566835,630,4.9713914070926375,309.7984126984127,0,,,391,5.490270537265791,494.1227621483376,447,5.010429652596281,350.834451901566
SHSY5Y_Phase_A10_2_02d16h00m_1.tif,SH-SY5Y,0.47683339256446255,64.0,364,5.945351301301618,380.6043956043956,433,5.5119842040901785,330.46420323325634,1,6.3873685061056085,344.0,302,6.0441529549427075,461.07284768211923,316,5.670069270277674,361.02848101265823
SHSY5Y_Phase_A10_1_00d16h00m_1.tif,SH-SY5Y,0.2043918718586144,16.0,157,6.906822908290609,373.73248407643314,180,5.910343819623798,368.8277777777778,9,13.33803644857382,3515.6666666666665,118,6.629500376820106,537.7033898305085,124,6.452073644929689,412.18548387096774
SHSY5Y_Phase_A10_1_00d12h00m_4.tif,SH-SY5Y,0.14868714775459896,12.0,130,6.722486141460083,336.33846153846156,132,5.928075595231056,349.32575757575756,18,10.13084323034437,2171.277777777778,106,6.303649130282083,428.22641509433964,99,6.291849135334685,365.16161616161617
SHSY5Y_Phase_A10_2_00d16h00m_4.tif,SH-SY5Y,0.09007533162150066,16.0,53,6.968110436808699,536.9056603773585,56,6.3433055279054145,491.60714285714283,12,9.05519697140511,1897.5833333333333,40,6.813558421881531,668.975,49,6.824268142772731,519.0204081632653
SHSY5Y_Phase_A10_1_03d12h00m_1.tif,SH-SY5Y,0.8970237915209872,84.0,844,4.834594881640458,269.31516587677726,772,4.588977944508879,314.1839378238342,0,,,420,4.980337250154865,548.9333333333333,556,4.4995345985978865,298.3435251798561
SHSY5Y_Phase_A10_2_01d04h00m_1.tif,SH-SY5Y,0.20521785251858138,28.0,144,7.2036673576304935,397.5763888888889,154,6.471918852510222,388.37012987012986,6,14.305210231036469,2917.5,89,7.5861158227735155,637.4269662921348,92,6.988990478996925,440.0978260869565
SHSY5Y_Phase_A10_2_03d08h00m_1.tif,SH-SY5Y,0.6169033741258748,80.0,580,5.53116319335582,309.63448275862066,582,5.137748775030003,308.87628865979383,1,4.051468614847887,189.0,403,5.546758349003493,447.27295285359804,442,5.1758574490255285,321.78054298642536
SHSY5Y_Phase_A10_1_02d00h00m_3.tif,SH-SY5Y,0.4450135026496956,48.0,384,6.7119367222456665,356.6744791666667,397,5.726283020095908,365.29219143576825,2,7.8693163623441755,555.5,260,6.381118090987571,522.5615384615385,281,6.047208829573277,431.8576512455516
SHSY5Y_Phase_A10_2_03d08h00m_3.tif,SH-SY5Y,0.6409333192198596,80.0,522,5.683800815999294,365.9061302681992,592,5.032515672637668,322.5287162162162,0,,,384,5.473268241388947,469.4765625,440,5.102108271995538,348.4159090909091
SHSY5Y_Phase_A10_1_01d04h00m_2.tif,SH-SY5Y,0.26312670468204485,28.0,217,7.330758853642744,334.16129032258067,217,6.172706323651178,364.5437788018433,4,12.384693229004363,2220.0,131,7.095553375465724,557.8091603053435,139,6.72398105568837,413.1438848920863
SHSY5Y_Phase_A10_1_02d08h00m_2.tif,SH-SY5Y,0.599759697607083,56.0,518,5.6231630332351825,324.13127413127415,487,5.30192447032354,330.652977412731,2,4.270115732281547,339.0,319,5.813475743091935,496.1692789968652,347,5.3809913447666124,349.38616714697406
SHSY5Y_Phase_A10_1_00d20h00m_4.tif,SH-SY5Y,0.2421282525677543,20.0,182,6.619125368353467,406.0879120879121,178,6.0191282505731545,387.4269662921348,6,7.440979828818293,833.8333333333334,121,6.701214100835231,566.1818181818181,129,6.341343973873394,417.04651162790697
SHSY5Y_Phase_A10_1_01d16h00m_2.tif,SH-SY5Y,0.2980771391499153,40.0,309,6.658572670032654,283.36245954692555,327,5.929800738350471,358.5474006116208,5,8.370759307608315,890.2,216,6.734863712518995,533.6898148148148,229,6.138726384650725,388.6113537117904
SHSY5Y_Phase_A10_1_03d12h00m_2.tif,SH-SY5Y,0.607053998442979,84.0,607,5.346352381599356,292.97199341021417,760,4.731739014297188,290.46184210526314,0,,,481,5.141646668285733,462.2640332640333,535,4.597205195179809,277.75514018691587
SHSY5Y_Phase_A10_2_01d04h00m_2.tif,SH-SY5Y,0.19705610563265952,28.0,168,6.665211661469817,358.54761904761904,194,6.008867798236412,378.8453608247423,5,7.464596325031147,477.4,123,6.7873752056736265,574.0162601626016,135,6.410696964406111,422.85185185185185
SHSY5Y_Phase_A10_2_03d12h00m_2.tif,SH-SY5Y,0.5421557339925654,84.0,446,5.190577150424224,355.585201793722,686,4.742946199449402,290.88775510204084,2,4.082342600455693,186.0,422,5.104245284073397,441.77725118483414,466,4.7606900207895615,316.5815450643777
SHSY5Y_Phase_A10_1_02d00h00m_2.tif,SH-SY5Y,0.42797690245302467,48.0,393,6.514420389537764,322.05089058524175,400,5.571841755655897,334.2425,0,,,255,6.224540050809161,523.6470588235294,284,5.680783834918627,357.74295774647885
SHSY5Y_Phase_A10_2_01d12h00m_2.tif,SH-SY5Y,0.3769567706512275,36.0,263,6.344906864375973,425.8403041825095,270,5.777665318862517,357.3074074074074,2,7.821896017186434,546.5,181,6.39794917597724,529.5966850828729,190,6.192971716630491,410.67894736842106
SHSY5Y_Phase_A10_2_02d00h00m_3.tif,SH-SY5Y,0.3666915044525842,48.0,254,6.470158042426572,458.2165354330709,314,5.904716098596265,365.0063694267516,3,5.99828851845599,557.3333333333334,209,6.551869874720123,524.5454545454545,239,6.237324764091767,399.1757322175732
SHSY5Y_Phase_A10_2_03d00h00m_1.tif,SH-SY5Y,0.5715912898819915,72.0,420,6.600693989155947,422.92619047619047,507,5.305656038941422,325.861932938856,3,6.495876704349445,322.6666666666667,351,5.776971071246794,468.63532763532766,370,5.470286214958521,366.75945945945944
SHSY5Y_Phase_A10_2_00d12h00m_2.tif,SH-SY5Y,0.16099654023711377,12.0,104,6.786780354102225,485.21153846153845,116,5.900356962170199,376.19827586206895,18,9.928387983264583,1992.0555555555557,82,6.44985385179519,513.7560975609756,92,6.249684551781068,393.8478260869565
SHSY5Y_Phase_A10_1_03d04h00m_3.tif,SH-SY5Y,0.5991471858610221,76.0,629,5.0518011433828285,272.422893481717,713,4.818793094555158,300.03786816269286,1,3.8789505058706064,253.0,448,5.295176174526046,481.00892857142856,463,4.781370492568041,334.56155507559396
SHSY5Y_Phase_A10_2_01d20h00m_2.tif,SH-SY5Y,0.3784645772781993,44.0,326,6.8425510306960176,331.5122699386503,312,5.825852431048822,382.6442307692308,3,7.807858885372897,579.6666666666666,198,6.603488783170126,574.3838383838383,215,6.088508215010696,427.3302325581395
SHSY5Y_Phase_A10_2_03d00h00m_3.tif,SH-SY5Y,0.6047385257320739,72.0,504,5.599217354285281,351.62103174603175,507,5.268474741981661,336.9585798816568,2,5.266158534490381,334.0,354,5.7000041915471265,475.9265536723164,397,5.249429802694173,353.13853904282115
SHSY5Y_Phase_A10_1_00d20h00m_1.tif,SH-SY5Y,0.2066890648219025,20.0,204,5.763253322120762,317.8333333333333,192,5.950037951781982,388.25,4,8.68019679543704,1211.25,130,6.592755506411658,543.276923076923,133,6.408705907038554,427.3383458646617
SHSY5Y_Phase_A10_1_03d04h00m_2.tif,SH-SY5Y,0.555995000819526,76.0,578,5.0948302313659894,272.6764705882353,678,4.822340101936266,296.0221238938053,1,4.335841500665731,152.0,448,5.207335065363837,447.015625,478,4.777610322140338,311.5230125523013
SHSY5Y_Phase_A10_2_03d12h00m_1.tif,SH-SY5Y,0.5565869355058912,84.0,479,5.496090027188766,351.5427974947808,611,5.079994474701405,313.12438625204584,0,,,409,5.4848997181803245,454.36430317848414,428,5.093282359832994,325.89252336448595
SHSY5Y_Phase_A10_2_01d12h00m_1.tif,SH-SY5Y,0.31142192198427027,36.0,219,6.640149394662428,423.7945205479452,206,6.171905768483892,366.4126213592233,7,11.34832256253112,2776.4285714285716,141,6.859398441557835,507.65248226950354,143,6.738194205731894,426.3286713286713
SHSY5Y_Phase_A10_1_02d20h00m_4.tif,SH-SY5Y,0.6748520308402657,68.0,572,5.586880324239417,316.8356643356643,618,4.995480579826547,309.0598705501618,1,4.692239888687262,194.0,420,5.3575443872389314,446.62380952380954,444,5.047697261559086,328.27477477477476
SHSY5Y_Phase_A10_2_02d16h00m_2.tif,SH-SY5Y,0.5778676537915222,64.0,457,5.816260201816407,355.04595185995623,508,5.173176045245604,314.25984251968504,1,5.120629188381786,228.0,320,5.742534044373864,487.703125,351,5.358027762920343,364.6923076923077
SHSY5Y_Phase_A10_1_02d20h00m_2.tif,SH-SY5Y,0.6860467811680493,68.0,631,5.482653012799506,297.27892234548335,616,5.0524211275024085,300.9577922077922,2,5.246811489644861,389.0,410,5.528862584830468,458.39268292682925,438,5.056260451496851,316.32876712328766
SHSY5Y_Phase_A10_2_02d08h00m_2.tif,SH-SY5Y,0.3977010616531893,56.0,335,6.328376356411709,376.2597014925373,372,5.5939083038932225,362.48924731182797,3,5.555613773434978,492.0,235,6.189156483981864,541.5191489361703,254,6.001289778426878,426.99212598425197
SHSY5Y_Phase_A10_2_01d00h00m_1.tif,SH-SY5Y,0.13039045154064555,24.0,96,6.4732797387670304,386.2604166666667,143,6.400790418884683,406.13286713286715,8,11.506321019662252,2125.125,89,7.34125778737589,618.6516853932584,97,6.791669739184395,428.55670103092785
SHSY5Y_Phase_A10_2_02d08h00m_3.tif,SH-SY5Y,0.39589773259943317,56.0,325,6.475915019787264,369.29846153846154,361,5.6173738488481515,361.1024930747922,2,5.105761590318198,201.5,228,6.302490383369406,536.9517543859649,249,5.993789376602781,406.7269076305221
SHSY5Y_Phase_A10_2_02d04h00m_4.tif,SH-SY5Y,0.20295142386909235,52.0,165,6.455069465413367,390.46666666666664,195,5.919051292652346,398.67692307692306,4,9.300819914748098,1953.75,126,6.571302793022824,595.3968253968254,144,6.3230596082372035,432.0138888888889
SHSY5Y_Phase_A10_2_03d04h00m_2.tif,SH-SY5Y,0.6511688837139332,76.0,561,5.304530974654618,336.0499108734403,583,4.888665635006931,313.3173241852487,0,,,387,5.297903742543805,466.69767441860466,429,4.917152115464828,337.84382284382286
SHSY5Y_Phase_A10_1_01d04h00m_3.tif,SH-SY5Y,0.25302925207604715,28.0,221,6.804885094910816,327.14932126696834,211,5.932362481787745,375.97156398104266,5,10.058741946645718,1737.8,129,6.773911539331637,609.7984496124031,137,6.490420070063333,441.84671532846716
SHSY5Y_Phase_A10_1_02d20h00m_1.tif,SH-SY5Y,0.792301940832602,68.0,699,5.239710480864922,317.6852646638054,655,4.8922221376794495,314.56335877862597,0,,,406,5.266938538481767,492.26600985221677,499,4.863463027344197,329.6673346693387
SHSY5Y_Phase_A10_1_00d20h00m_2.tif,SH-SY5Y,0.2216451486014063,20.0,164,7.054903924788383,427.9268292682927,174,6.156940360892111,373.10919540229884,6,8.932491407861134,961.8333333333334,114,6.978951796830792,554.9473684210526,111,6.779389124907457,424.4864864864865
SHSY5Y_Phase_A10_2_01d20h00m_4.tif,SH-SY5Y,0.2277451774202273,44.0,133,6.8393031500348895,505.43609022556393,143,5.9904077844563846,405.8181818181818,9,9.094737728534877,1921.7777777777778,82,6.998157475524264,681.6585365853658,101,6.474535369645187,498.51485148514854
SHSY5Y_Phase_A10_2_03d12h00m_3.tif,SH-SY5Y,0.7052448098776425,84.0,559,5.374281132859732,362.27906976744185,631,4.90515150283825,311.2519809825674,0,,,407,5.328055370587409,474.017199017199,469,4.9515063142549245,340.14498933901916
SHSY5Y_Phase_A10_1_03d00h00m_3.tif,SH-SY5Y,0.6974546216674177,72.0,688,5.317132132637984,300.98546511627904,681,4.9311984623337475,304.51835535976505,0,,,434,5.444891874206655,483.03917050691246,467,4.853719376107691,334.4004282655246
SHSY5Y_Phase_A10_1_01d00h00m_1.tif,SH-SY5Y,0.2787328040318988,24.0,233,6.891904166374147,329.84978540772534,206,6.082884043330446,388.1019417475728,0,,,131,6.963764913468908,605.5725190839695,151,6.583711470048324,440.57615894039736
SHSY5Y_Phase_A10_2_03d12h00m_4.tif,SH-SY5Y,1.1258865336811836,84.0,444,5.731187765406519,401.7094594594595,521,5.114108825658286,322.6602687140115,5,5.287095728431197,395.6,352,5.529117893553411,472.76420454545456,355,5.2634889111175,379.3887323943662
SHSY5Y_Phase_A10_1_02d12h00m_4.tif,SH-SY5Y,0.5269756774475799,60.0,515,5.5836318000481455,309.1398058252427,588,5.115966246235468,316.69727891156464,1,4.005546870229013,343.0,403,5.50240952715107,447.93300248138956,404,5.227088868055944,331.88861386138615
SHSY5Y_Phase_A10_1_02d12h00m_1.tif,SH-SY5Y,0.578865715827151,60.0,526,5.509741919950304,335.9239543726236,588,5.033664412097156,322.1547619047619,0,,,354,5.523926891968844,506.55649717514126,422,5.122715498250415,355.8341232227488
SHSY5Y_Phase_A10_1_03d12h00m_4.tif,SH-SY5Y,0.7038886485194421,84.0,693,5.059165364019087,305.8066378066378,829,4.658564038766215,283.0820265379976,1,3.828917273447621,201.0,498,5.0931008613983515,452.03212851405624,573,4.529721053256638,290.4712041884817
SHSY5Y_Phase_A10_2_01d08h00m_4.tif,SH-SY5Y,0.18515562636581834,32.0,119,6.335058364822321,482.1932773109244,114,6.170750781480982,444.5701754385965,5,12.797708522726664,3640.8,81,6.617609257728773,583.3086419753087,88,6.39206464416198,458.15909090909093
SHSY5Y_Phase_A10_1_01d00h00m_4.tif,SH-SY5Y,0.2793816290155138,24.0,197,6.6220118161106765,420.6395939086294,187,6.1445501720390165,376.24064171122996,8,6.88350619669907,752.875,119,6.9386145991672485,560.6806722689075,125,6.397372470460649,395.528
SHSY5Y_Phase_A10_2_02d16h00m_4.tif,SH-SY5Y,0.3363037800480818,64.0,239,6.177270965895509,399.3723849372385,271,5.529474436439887,379.01476014760146,5,8.536629748280465,1063.4,178,6.024133176288994,557.1516853932584,191,5.810875516665633,424.64397905759165
SHSY5Y_Phase_A10_2_03d04h00m_1.tif,SH-SY5Y,0.5937075995684069,76.0,489,5.624402252915206,364.6503067484663,554,5.1595092407313325,310.7851985559567,0,,,395,5.58958886731093,433.7670886075949,408,5.276450536147197,342.2156862745098
SHSY5Y_Phase_A10_1_02d00h00m_4.tif,SH-SY5Y,0.4747732115931078,48.0,381,6.327125080713421,360.09711286089237,403,5.713807345587172,349.9429280397022,0,,,258,6.3483651503774015,521.9263565891473,282,5.930300777951027,387.5744680851064
SHSY5Y_Phase_A10_2_00d20h00m_2.tif,SH-SY5Y,0.18492138385051235,20.0,130,6.713762658003938,437.34615384615387,163,5.850171326641753,362.6134969325153,11,8.242264538721297,1156.3636363636363,100,6.596128875336538,569.42,107,6.239902198883536,408.04672897196264
SHSY5Y_Phase_A10_1_01d08h00m_1.tif,SH-SY5Y,0.39859513207496466,32.0,261,6.279722355207864,465.82758620689657,268,5.9534797214231014,391.0858208955224,6,6.895376076948917,584.1666666666666,168,6.778563261085434,602.2916666666666,191,6.407502188091407,450.8586387434555
SHSY5Y_Phase_A10_2_01d16h00m_1.tif,SH-SY5Y,0.2473626677228901,40.0,182,8.03795972776779,404.2967032967033,239,6.202595879804462,379.0543933054393,3,8.30851163796053,586.3333333333334,149,6.985361359481358,553.6107382550335,168,6.64911268455612,419.8154761904762
SHSY5Y_Phase_A10_1_01d20h00m_3.tif,SH-SY5Y,0.4929821432473807,44.0,353,6.256276362003842,423.35410764872523,348,5.785662022158199,369.38505747126436,2,10.82453177390328,1824.0,229,6.4551029965501865,541.6637554585153,258,6.101650280997888,438.6782945736434
SHSY5Y_Phase_A10_1_03d04h00m_4.tif,SH-SY5Y,0.7636597503277953,76.0,772,5.1909641546786,260.5492227979275,762,4.782755470272611,283.4160104986877,1,6.47323670215585,173.0,499,5.141070014257956,440.1563126252505,527,4.726537136480282,306.04554079696396
SHSY5Y_Phase_A10_2_01d12h00m_3.tif,SH-SY5Y,0.22778196446132612,36.0,176,7.556141777136696,396.3693181818182,217,5.880501200412705,360.39170506912444,5,9.46152131922766,910.6,134,6.757579993607673,574.3059701492538,145,6.492551360691862,432.9103448275862
SHSY5Y_Phase_A10_2_01d16h00m_4.tif,SH-SY5Y,0.20691655935860756,40.0,120,6.483745742670677,510.21666666666664,136,5.9112517993079265,394.7867647058824,10,7.493927600681895,949.1,87,6.716189921403217,620.0229885057471,88,6.3471463361501455,499.1818181818182
SHSY5Y_Phase_A10_2_00d08h00m_1.tif,SH-SY5Y,0.10279212590145534,8.0,79,6.079408361663929,367.9873417721519,86,5.567460251649557,328.2093023255814,16,7.354464724585082,1040.6875,64,5.846198829443187,423.21875,69,5.943739623170215,331.7391304347826
SHSY5Y_Phase_A10_2_03d04h00m_3.tif,SH-SY5Y,0.6243263240275346,76.0,539,5.570977564822252,338.42857142857144,564,5.042105225005456,319.6808510638298,1,6.25831030421596,465.0,391,5.388692809073216,443.0230179028133,429,5.129880378482687,335.5128205128205
SHSY5Y_Phase_A10_2_03d04h00m_4.tif,SH-SY5Y,0.5067206751256577,76.0,417,5.729253525017028,346.96882494004797,402,5.32379603994656,347.37810945273634,3,5.286405774289007,447.6666666666667,246,5.958665448093848,558.3658536585366,293,5.573045696980398,402.26962457337885
SHSY5Y_Phase_A10_1_00d12h00m_2.tif,SH-SY5Y,0.15493006064247633,12.0,120,7.008992754426563,368.15,138,5.882603617551835,340.5072463768116,11,10.294568180330968,2103.7272727272725,99,6.390495075781139,452.4141414141414,114,6.358423807147195,341.7105263157895
SHSY5Y_Phase_A10_2_00d20h00m_1.tif,SH-SY5Y,0.15296002035072218,20.0,99,7.186723971989496,460.04040404040404,124,6.22543397191431,398.06451612903226,9,11.7525353933517,2658.1111111111113,73,7.22289607006119,640.6712328767123,91,6.9061869887925305,434.2087912087912
SHSY5Y_Phase_A10_2_02d00h00m_4.tif,SH-SY5Y,0.2178887435806484,48.0,134,6.332855507104623,493.82089552238807,169,6.090042605229358,438.7396449704142,1,6.382264573488847,1039.0,96,6.85215404877533,681.9270833333334,121,6.379406698219541,459.6776859504132
SHSY5Y_Phase_A10_2_02d04h00m_2.tif,SH-SY5Y,0.35787797175479724,52.0,280,6.232400510967088,393.13928571428573,374,5.627078546770841,357.4331550802139,4,6.188765538921157,512.25,233,6.301773354565498,541.8197424892704,247,5.965606829319882,420.06477732793525
SHSY5Y_Phase_A10_2_00d16h00m_1.tif,SH-SY5Y,0.10463924005681659,16.0,86,7.009638641214437,337.0232558139535,108,6.338714094102768,393.6759259259259,10,10.15591085870225,1565.0,64,7.334122245455632,597.4375,71,6.862449200484705,410.5211267605634
SHSY5Y_Phase_A10_2_00d12h00m_4.tif,SH-SY5Y,0.09637443782780224,12.0,55,6.793762545754004,525.4727272727273,62,5.97431973381089,421.83870967741933,16,8.563695373750436,1401.75,44,6.44672227885188,560.5909090909091,44,6.596317670678039,491.72727272727275
SHSY5Y_Phase_A10_1_01d16h00m_3.tif,SH-SY5Y,0.3032984861232484,40.0,308,6.860729409957743,292.43831168831167,307,5.9169975544327285,361.69055374592836,5,8.152281915288755,620.0,203,6.6209370211907626,536.3251231527094,215,6.23819874994011,415.8139534883721
SHSY5Y_Phase_A10_1_01d12h00m_2.tif,SH-SY5Y,0.3381630666794057,36.0,275,6.955792482221795,364.13454545454545,295,5.979515597395724,359.21016949152545,4,6.997387782093589,438.25,221,6.509112594192053,477.0226244343891,222,6.3168128096369855,384.52252252252254
SHSY5Y_Phase_A10_1_02d08h00m_4.tif,SH-SY5Y,0.5855608992569854,56.0,509,5.669468432406263,348.85854616895875,494,5.3595591463941945,327.248987854251,3,6.680427181244741,393.6666666666667,324,5.839434646280203,478.7962962962963,354,5.373888790977129,355.91525423728814
SHSY5Y_Phase_A10_1_03d04h00m_1.tif,SH-SY5Y,0.6825689358883307,76.0,722,4.9517566115556955,266.1565096952909,734,4.748145520842345,312.67029972752044,0,,,426,5.097825811016777,513.7206572769953,551,4.621566167008898,314.7495462794918
SHSY5Y_Phase_A10_2_01d04h00m_3.tif,SH-SY5Y,0.2338453435041454,28.0,162,6.395887919380175,412.01851851851853,148,5.994282711990856,401.89864864864865,2,12.869015431377804,2362.5,105,6.754607412201667,582.1238095238095,108,6.528734713514253,413.212962962963
SHSY5Y_Phase_A10_2_03d08h00m_2.tif,SH-SY5Y,0.6793843464543432,80.0,600,5.2551675856501845,327.27666666666664,637,4.80080306601341,297.9874411302983,1,4.176411672813149,192.0,389,5.230320137990529,483.1876606683805,454,4.828972488630668,324.2995594713656
SHSY5Y_Phase_A10_1_02d16h00m_1.tif,SH-SY5Y,0.5738533222246438,64.0,538,5.270237465042003,312.60408921933083,665,4.9078197401428305,309.2751879699248,1,5.274397444930968,911.0,412,5.3389365251717935,476.6092233009709,490,4.964456733420181,334.55102040816325
SHSY5Y_Phase_A10_2_02d20h00m_2.tif,SH-SY5Y,0.49063114346590275,68.0,408,5.879439665554033,364.828431372549,531,5.047955907376695,319.2448210922787,1,3.5947693269719747,340.0,329,5.625419690631738,502.8206686930091,367,5.188765623613969,363.6294277929155
SHSY5Y_Phase_A10_2_01d08h00m_2.tif,SH-SY5Y,0.3139512207714186,32.0,224,6.708093807752964,385.26339285714283,226,5.885055023394433,363.1858407079646,5,7.401761937730517,549.4,144,6.72082745546482,557.7291666666666,154,6.291485230367511,412.5779220779221
SHSY5Y_Phase_A10_1_01d12h00m_3.tif,SH-SY5Y,0.32924116982627977,36.0,238,6.873884583571682,395.42857142857144,273,5.857883353015595,363.2161172161172,5,9.165503241903822,853.6,191,6.433897235900261,497.9895287958115,197,6.2433754374714745,416.5532994923858
SHSY5Y_Phase_A10_1_02d12h00m_2.tif,SH-SY5Y,0.5254306994372903,60.0,519,5.608280489453184,295.71868978805395,545,5.12618062231209,302.31559633027524,2,4.0534495573543765,171.5,341,5.622386330525235,458.30205278592376,385,5.220804955862278,326.425974025974
SHSY5Y_Phase_A10_1_03d00h00m_2.tif,SH-SY5Y,0.6621515537587402,72.0,664,5.328431802073547,292.4563253012048,624,5.019978235592453,301.81089743589746,0,,,400,5.489853455606704,468.0,440,4.973902654636982,325.56136363636364
SHSY5Y_Phase_A10_2_02d12h00m_3.tif,SH-SY5Y,0.47053914485904685,60.0,332,5.904674010181568,431.19879518072287,398,5.456881424995565,342.96984924623115,4,7.9351675103801815,466.75,250,6.104182911417425,512.292,288,5.66499747564016,383.46180555555554
SHSY5Y_Phase_A10_2_01d12h00m_4.tif,SH-SY5Y,0.15048865289007562,36.0,105,7.778472080000158,446.43809523809523,132,6.2063219749916225,442.1969696969697,11,10.222526140106522,2142.181818181818,86,6.842709512107671,626.6627906976744,100,6.751466301523879,492.32
SHSY5Y_Phase_A10_2_02d20h00m_4.tif,SH-SY5Y,0.3421572761418323,68.0,205,6.318322126888959,485.67317073170733,326,5.534645531301683,366.2822085889571,4,8.47220168171806,806.25,192,6.233887693249297,593.0,225,5.598851707732653,410.6222222222222
SHSY5Y_Phase_A10_1_02d08h00m_1.tif,SH-SY5Y,0.55562100415207,56.0,472,5.716713593984817,365.4830508474576,535,5.1524127714478425,329.71214953271027,1,5.158906396990274,363.0,351,5.614427377427863,489.8860398860399,370,5.31696261371768,377.07027027027027
SHSY5Y_Phase_A10_2_02d12h00m_2.tif,SH-SY5Y,0.5086891855605291,60.0,407,5.869991896514343,355.5995085995086,456,5.305379890914589,338.640350877193,1,8.009120331238005,497.0,288,5.8754250095351646,522.3333333333334,331,5.434593509111368,377.8368580060423
SHSY5Y_Phase_A10_1_01d00h00m_3.tif,SH-SY5Y,0.2652935415756303,24.0,183,6.669715374933618,425.89071038251365,167,6.299186449859925,409.0419161676647,5,10.117575026487174,1536.2,102,7.2335940546996484,648.8823529411765,105,6.64194699571498,444.53333333333336
SHSY5Y_Phase_A10_2_02d20h00m_3.tif,SH-SY5Y,0.4788422893902957,68.0,403,6.1958010450389835,355.07196029776674,478,5.234439543553261,326.4581589958159,1,4.102447567239968,281.0,321,5.7602435267864225,469.32710280373834,379,5.422060342784081,369.39313984168865
SHSY5Y_Phase_A10_1_02d04h00m_3.tif,SH-SY5Y,0.5103670315231481,52.0,430,6.09220337253304,366.7,466,5.445087248765493,332.8218884120172,3,5.362050377523144,587.0,293,6.097297757981871,525.3242320819113,314,5.688042373635782,399.2547770700637
SHSY5Y_Phase_A10_1_00d20h00m_3.tif,SH-SY5Y,0.21827508577360386,20.0,139,6.871767745203121,455.0503597122302,154,6.036724478517087,389.3831168831169,5,11.468560176092629,3342.0,106,6.704694222421371,540.2924528301887,111,6.489441725756185,434.07207207207205
SHSY5Y_Phase_A10_2_02d04h00m_3.tif,SH-SY5Y,0.30929395241476015,52.0,264,6.337338920943908,363.50757575757575,315,5.80326988370244,364.2793650793651,1,3.7100802658664427,188.0,222,6.321212738074072,514.3378378378378,232,6.126825319874344,416.35775862068965
SHSY5Y_Phase_A10_2_02d08h00m_1.tif,SH-SY5Y,0.3757372658981529,56.0,316,6.763586012005773,363.0601265822785,334,6.040538257971311,367.0688622754491,4,6.110236450197262,414.25,221,6.68789052812863,529.7285067873303,229,6.350332642309787,404.08733624454146
SHSY5Y_Phase_A10_2_02d12h00m_1.tif,SH-SY5Y,0.45544648191652387,60.0,340,6.495365649155215,373.46176470588233,382,5.754384484522249,349.0235602094241,1,8.82594988776417,609.0,266,6.332317415352337,477.0676691729323,275,6.1321507190682345,390.13454545454545
SHSY5Y_Phase_A10_2_02d00h00m_1.tif,SH-SY5Y,0.3427221175699413,48.0,218,6.5637864191013335,446.6284403669725,266,6.162047582667181,398.45864661654133,4,9.426143270557208,1511.5,172,6.817685171477399,573.3895348837209,194,6.3820901986268845,423.9896907216495
SHSY5Y_Phase_A10_2_00d16h00m_2.tif,SH-SY5Y,0.13138607176026543,16.0,122,6.440310434581014,327.1885245901639,136,6.0621219187584945,398.7352941176471,13,9.859062719958045,1587.1538461538462,93,6.7239604898525975,562.4516129032259,103,6.539402108130501,424.88349514563106
SHSY5Y_Phase_A10_1_01d16h00m_1.tif,SH-SY5Y,0.3480278313483387,40.0,353,6.3525614574085765,285.8328611898017,384,5.694540120841381,349.6848958333333,2,4.6399656509249585,624.0,253,6.252907929590911,504.99604743083006,253,5.963342538304537,417.37549407114625
SHSY5Y_Phase_A10_1_03d00h00m_4.tif,SH-SY5Y,0.7031563165155467,72.0,699,5.216954910024652,284.7453505007153,661,4.902344706380863,305.89863842662635,1,6.8675486630657145,279.0,449,5.2858276293993836,446.30066815144767,486,4.865910374541747,317.01234567901236
SHSY5Y_Phase_A10_2_01d20h00m_1.tif,SH-SY5Y,0.3173160669799224,44.0,292,7.231134292530611,320.19520547945206,246,6.181006021625278,377.9105691056911,3,10.004487504778307,710.6666666666666,164,6.9472609135096475,557.9573170731708,181,6.543478412657117,403.4640883977901
SHSY5Y_Phase_A10_2_00d08h00m_4.tif,SH-SY5Y,0.07109607667723519,8.0,59,6.411419537671341,332.3898305084746,54,5.443322122774357,371.037037037037,18,7.207350867963752,1117.6666666666667,40,5.819125376070021,501.625,44,6.024094323651884,398.29545454545456
SHSY5Y_Phase_A10_1_01d08h00m_4.tif,SH-SY5Y,0.32837259028081417,32.0,218,6.215721425571866,462.2477064220183,253,6.1468218579808385,378.0474308300395,6,8.884644334119454,816.0,164,6.893810186670652,572.4512195121952,161,6.570730343851591,419.69565217391306
SHSY5Y_Phase_A10_2_01d00h00m_3.tif,SH-SY5Y,0.1699965802556821,24.0,147,6.667190373555922,350.312925170068,153,5.9108236247571595,374.9019607843137,7,9.843408167326391,3768.714285714286,101,6.614689424831037,544.8811881188119,117,6.303805505814856,405.52991452991455
SHSY5Y_Phase_A10_1_00d12h00m_3.tif,SH-SY5Y,0.16662419594078004,12.0,135,6.930223837623195,355.77037037037036,133,5.802933228339773,360.09774436090225,19,9.03780978365519,1694.3157894736842,103,6.318825543832095,471.24271844660194,103,6.146235231775549,374.3980582524272
SHSY5Y_Phase_A10_2_03d00h00m_2.tif,SH-SY5Y,0.6254595995410669,72.0,489,5.3538912624882515,368.32515337423314,570,4.9687927911090375,304.87894736842105,0,,,334,5.5238091743254625,491.2694610778443,378,5.068360174972604,343.63227513227514
SHSY5Y_Phase_A10_1_00d16h00m_2.tif,SH-SY5Y,0.18105948822661855,16.0,145,7.161392308381293,363.6275862068965,155,6.15516282919693,366.0,7,12.076335969631483,2067.0,107,6.770186749525465,496.4672897196262,119,6.670781516885435,405.1932773109244
SHSY5Y_Phase_A10_2_02d08h00m_4.tif,SH-SY5Y,0.28332942690122265,56.0,209,6.2543484399305305,407.2248803827751,221,5.761087983553848,394.36199095022624,4,7.253159692659948,794.5,139,6.355745638520213,584.3021582733813,155,6.160780780214471,460.5870967741935
SHSY5Y_Phase_A10_1_02d08h00m_3.tif,SH-SY5Y,0.6194156825010879,56.0,505,5.736355142371975,378.61386138613864,519,5.261304073489038,330.27552986512524,1,10.518874256474376,1145.0,327,5.862853693167911,505.9908256880734,373,5.49542313467737,392.64879356568366
SHSY5Y_Phase_A10_1_03d08h00m_2.tif,SH-SY5Y,0.7991580852545952,80.0,766,5.172159365799526,272.20626631853787,760,4.78748894412306,284.15394736842103,1,5.803081017562537,1114.0,474,5.173015156328912,442.0717299578059,455,4.740988527974648,302.05054945054945
SHSY5Y_Phase_A10_1_02d00h00m_1.tif,SH-SY5Y,0.4800451414991168,48.0,415,6.480685754674956,335.60722891566263,427,5.5373246955011615,356.3348946135831,2,4.546144652825774,270.0,272,6.105155512116258,523.8014705882352,291,5.708263113966153,403.426116838488
SHSY5Y_Phase_A10_2_02d04h00m_1.tif,SH-SY5Y,0.3670018823754459,52.0,244,6.382139935432792,457.78688524590166,334,5.948214991224291,348.2185628742515,2,9.754610045988631,501.5,205,6.796581997021797,536.7170731707317,229,6.338228669128396,414.46724890829694
SHSY5Y_Phase_A10_2_02d00h00m_2.tif,SH-SY5Y,0.4062396727491323,48.0,287,6.319216450462367,435.10104529616723,334,5.8278071792662836,378.52095808383234,0,,,212,6.677957879304204,582.7169811320755,223,6.303727276646588,450.2511210762332
SHSY5Y_Phase_A10_2_00d12h00m_3.tif,SH-SY5Y,0.1380454535893816,12.0,109,6.706076159466467,391.86238532110093,117,5.78069985025386,350.5726495726496,16,9.181134635277868,1811.875,79,6.287924422446511,470.11392405063293,86,6.12371693189399,367.72093023255815
SHSY5Y_Phase_A10_1_03d12h00m_3.tif,SH-SY5Y,0.6811093674879498,84.0,611,5.109044044190539,333.70212765957444,770,4.629876069384548,295.37012987012986,0,,,463,5.022649227358224,486.2224622030238,530,4.566723840941633,312.68679245283016
SHSY5Y_Phase_A10_1_01d00h00m_2.tif,SH-SY5Y,0.300544145405373,24.0,192,6.95318845848148,473.6614583333333,207,6.279696411675331,365.7971014492754,3,13.414296900649516,2289.0,133,7.0577449373800345,533.2556390977444,141,6.912693121366879,434.0851063829787
SHSY5Y_Phase_A10_1_01d04h00m_1.tif,SH-SY5Y,0.3156873137019139,28.0,272,6.82272899222594,335.25,256,5.836391002751557,364.51953125,6,7.68071233737589,819.8333333333334,163,6.616267029886322,563.1717791411043,185,6.317546906380923,430.31891891891894
